{"type":"FeatureCollection", "features": [
{"type":"Feature","geometry":{"type":"Polygon","coordinates":[[[-58.3097,-34.7934],[-58.3266,-34.7678],[-58.3368,-34.7543],[-58.362,-34.7674],[-58.3587,-34.7714],[-58.4102,-34.7987],[-58.4052,-34.8046],[-58.4306,-34.8172],[-58.4478,-34.8259],[-58.4131,-34.8735],[-58.4088,-34.8795],[-58.4159,-34.883],[-58.3964,-34.9099],[-58.3463,-34.885],[-58.3422,-34.8907],[-58.3125,-34.8748],[-58.3172,-34.8682],[-58.2924,-34.8549],[-58.3225,-34.819],[-58.3328,-34.8057],[-58.3097,-34.7934]]]},"properties":{"id":89,"departamento":"ALMIRANTE BROWN","cabecera":"ADROGUE","provincia":"BUENOS AIRES"}},
{"type":"Feature","geometry":{"type":"MultiPolygon","coordinates":[[[[-57.932,-34.9035],[-57.9744,-34.8723],[-57.9839,-34.8806],[-57.9908,-34.8798],[-57.9992,-34.8721],[-58.0838,-34.835],[-58.1443,-34.8844],[-58.1468,-34.8883],[-58.2081,-34.9418],[-58.2038,-34.9452],[-58.211,-34.9516],[-58.2479,-34.9841],[-58.2468,-34.987],[-58.2695,-35.0012],[-58.2775,-35.0095],[-58.2886,-35.0169],[-58.2465,-35.0483],[-58.1619,-34.972],[-58.1203,-35.0043],[-58.1779,-35.0563],[-58.1096,-35.1085],[-58.1013,-35.1011],[-58.0309,-35.1539],[-58.0185,-35.1675],[-58.0771,-35.2189],[-58.0537,-35.2356],[-58.0189,-35.2024],[-57.9701,-35.1598],[-57.8769,-35.0818],[-57.8272,-35.038],[-57.7527,-34.9707],[-57.7709,-34.9571],[-57.7847,-34.9626],[-57.804,-34.964],[-57.8422,-34.9488],[-57.862,-34.9376],[-57.8717,-34.9377],[-57.8963,-34.9303],[-57.932,-34.9035]]],[[[-58.248,-34.1749],[-58.2583,-34.1817],[-58.2563,-34.1896],[-58.2456,-34.1898],[-58.2432,-34.1757],[-58.248,-34.1749]]]]},"properties":{"id":93,"departamento":"LA PLATA","cabecera":"LA PLATA","provincia":"BUENOS AIRES"}},
{"type":"Feature","geometry":{"type":"Polygon","coordinates":[[[-58.4131,-34.8735],[-58.4223,-34.886],[-58.4643,-34.908],[-58.4915,-34.9283],[-58.4655,-34.9483],[-58.4634,-34.9538],[-58.4675,-34.9694],[-58.4676,-34.9862],[-58.4698,-34.9986],[-58.4683,-35.0106],[-58.4304,-34.978],[-58.4223,-34.9817],[-58.4125,-34.9729],[-58.4082,-34.9777],[-58.3897,-34.9658],[-58.3946,-34.9588],[-58.3777,-34.9505],[-58.3765,-34.9548],[-58.3166,-34.9259],[-58.2946,-34.915],[-58.2758,-34.9162],[-58.282,-34.9075],[-58.2978,-34.8953],[-58.3125,-34.8748],[-58.3422,-34.8907],[-58.3463,-34.885],[-58.3964,-34.9099],[-58.4159,-34.883],[-58.4088,-34.8795],[-58.4131,-34.8735]]]},"properties":{"id":94,"departamento":"PRESIDENTE PERON","cabecera":"GUERNICA","provincia":"BUENOS AIRES"}},
{"type":"Feature","geometry":{"type":"Polygon","coordinates":[[[-61.5318,-35.3784],[-61.7233,-35.5373],[-61.6628,-35.5885],[-61.6579,-35.592],[-61.648,-35.5835],[-61.5734,-35.6428],[-61.6002,-35.6645],[-61.5014,-35.7454],[-61.6351,-35.8526],[-61.5431,-35.9289],[-61.5594,-35.9403],[-61.4351,-36.039],[-61.393,-36.072],[-61.333,-36.0208],[-61.2695,-36.0706],[-61.0358,-35.8757],[-61.1013,-35.8251],[-61.0318,-35.7658],[-61.1152,-35.701],[-61.1144,-35.7004],[-61.1969,-35.6352],[-61.1879,-35.6274],[-61.2714,-35.5601],[-61.2873,-35.5735],[-61.469,-35.4308],[-61.468,-35.4299],[-61.5318,-35.3784]]]},"properties":{"id":105,"departamento":"CARLOS CASARES","cabecera":"CARLOS CASARES","provincia":"BUENOS AIRES"}},
{"type":"Feature","geometry":{"type":"Polygon","coordinates":[[[-59.1814,-35.7561],[-59.3256,-35.643],[-59.33,-35.6467],[-59.3679,-35.6188],[-59.3688,-35.6196],[-59.4129,-35.586],[-59.3501,-35.5293],[-59.3679,-35.5377],[-59.3769,-35.5381],[-59.3856,-35.5325],[-59.4012,-35.5283],[-59.4062,-35.5216],[-59.4161,-35.5208],[-59.4247,-35.5148],[-59.4357,-35.5141],[-59.4383,-35.5103],[-59.4559,-35.5027],[-59.47,-35.494],[-59.4875,-35.4914],[-59.4949,-35.4925],[-59.5058,-35.476],[-59.516,-35.4725],[-59.5209,-35.4598],[-59.5398,-35.4562],[-59.5487,-35.4616],[-59.558,-35.4591],[-59.5712,-35.4597],[-59.5762,-35.4561],[-59.5935,-35.4577],[-59.601,-35.4621],[-59.6156,-35.4581],[-59.623,-35.4532],[-59.6288,-35.4634],[-59.6611,-35.4673],[-59.6698,-35.4698],[-59.6907,-35.47],[-59.6946,-35.4746],[-59.7112,-35.4754],[-59.719,-35.4732],[-59.7286,-35.4761],[-59.7407,-35.476],[-59.7476,-35.4789],[-59.7753,-35.4783],[-59.7813,-35.4763],[-59.7967,-35.4838],[-59.8071,-35.4926],[-59.8243,-35.4969],[-59.847,-35.4935],[-59.8624,-35.487],[-59.868,-35.4874],[-59.8915,-35.4811],[-59.908,-35.4814],[-59.9135,-35.4861],[-59.9304,-35.4885],[-59.9543,-35.5053],[-59.9665,-35.5089],[-59.9722,-35.5149],[-59.9909,-35.5226],[-59.9952,-35.5285],[-60.0051,-35.5276],[-60.0115,-35.5441],[-60.0189,-35.5462],[-60.0284,-35.5546],[-60.0249,-35.5636],[-60.009,-35.5803],[-60.0109,-35.5964],[-60.0165,-35.6046],[-60.0308,-35.6191],[-60.0384,-35.6225],[-60.0304,-35.638],[-60.03,-35.6455],[-60.035,-35.654],[-60.0318,-35.6577],[-60.0169,-35.6533],[-60.0124,-35.6568],[-60.0251,-35.6693],[-60.0303,-35.6703],[-60.0374,-35.679],[-60.0271,-35.688],[-60.0317,-35.6963],[-60.0428,-35.6956],[-60.0636,-35.7056],[-60.1177,-35.6641],[-60.2196,-35.7516],[-60.2146,-35.7554],[-60.1191,-35.8331],[-60.0565,-35.7799],[-59.8863,-35.9119],[-59.8804,-35.9023],[-59.871,-35.8942],[-59.8687,-35.8844],[-59.8726,-35.8771],[-59.8434,-35.8581],[-59.8399,-35.852],[-59.8307,-35.8473],[-59.8202,-35.8484],[-59.8111,-35.8525],[-59.8075,-35.8462],[-59.7924,-35.8408],[-59.7719,-35.8462],[-59.7682,-35.8414],[-59.7559,-35.8396],[-59.7536,-35.8356],[-59.7408,-35.8343],[-59.7192,-35.8349],[-59.7002,-35.8321],[-59.6918,-35.8271],[-59.6819,-35.8346],[-59.6759,-35.8355],[-59.6718,-35.8448],[-59.6619,-35.8547],[-59.6428,-35.8612],[-59.6284,-35.8555],[-59.6004,-35.8534],[-59.5854,-35.8538],[-59.5601,-35.8507],[-59.5499,-35.8389],[-59.5423,-35.8389],[-59.5382,-35.8342],[-59.5164,-35.8268],[-59.5035,-35.8165],[-59.4941,-35.8197],[-59.4815,-35.8203],[-59.4831,-35.8124],[-59.4164,-35.8023],[-59.4107,-35.8063],[-59.3973,-35.8039],[-59.3875,-35.8082],[-59.3815,-35.8172],[-59.3675,-35.811],[-59.3578,-35.8106],[-59.3477,-35.8033],[-59.3312,-35.8022],[-59.3185,-35.8094],[-59.3035,-35.7951],[-59.2871,-35.7967],[-59.282,-35.7907],[-59.2649,-35.7953],[-59.2537,-35.7907],[-59.2445,-35.7936],[-59.2331,-35.7887],[-59.2272,-35.7793],[-59.2115,-35.772],[-59.1833,-35.7627],[-59.1814,-35.7561]]]},"properties":{"id":106,"departamento":"SALADILLO","cabecera":"SALADILLO","provincia":"BUENOS AIRES"}},
{"type":"Feature","geometry":{"type":"Polygon","coordinates":[[[-61.7233,-35.5373],[-61.7835,-35.5857],[-61.9063,-35.4857],[-61.9872,-35.5519],[-62.0496,-35.5014],[-62.1297,-35.5649],[-62.0979,-35.5913],[-62.3367,-35.7833],[-62.4312,-35.8587],[-62.081,-36.1516],[-62.2051,-36.2491],[-62.1783,-36.2719],[-62.1447,-36.2455],[-62.0947,-36.2877],[-62.0935,-36.2866],[-62.0497,-36.3233],[-62.0479,-36.3263],[-62.0149,-36.3006],[-61.9744,-36.3336],[-61.9552,-36.3192],[-61.9391,-36.3113],[-61.9446,-36.3068],[-61.9215,-36.2886],[-61.9453,-36.269],[-61.8113,-36.164],[-61.8075,-36.1669],[-61.772,-36.1385],[-61.742,-36.1623],[-61.7026,-36.1295],[-61.6888,-36.1404],[-61.6605,-36.1166],[-61.6569,-36.1195],[-61.639,-36.1044],[-61.6349,-36.1076],[-61.6162,-36.0917],[-61.5966,-36.1072],[-61.4913,-36.0193],[-61.4501,-36.0517],[-61.4351,-36.039],[-61.5594,-35.9403],[-61.5431,-35.9289],[-61.6351,-35.8526],[-61.5014,-35.7454],[-61.6002,-35.6645],[-61.5734,-35.6428],[-61.648,-35.5835],[-61.6579,-35.592],[-61.6628,-35.5885],[-61.7233,-35.5373]]]},"properties":{"id":107,"departamento":"PEHUAJO","cabecera":"PEHUAJO","provincia":"BUENOS AIRES"}},
{"type":"Feature","geometry":{"type":"Polygon","coordinates":[[[-62.3367,-35.7833],[-62.4121,-35.7211],[-62.4141,-35.7226],[-62.6229,-35.5503],[-62.9319,-35.7982],[-62.9231,-35.8054],[-63.2038,-36.033],[-62.9392,-36.2485],[-62.626,-36.5015],[-62.6065,-36.5614],[-62.4737,-36.4567],[-62.3498,-36.3606],[-62.3479,-36.3599],[-62.2051,-36.2491],[-62.081,-36.1516],[-62.4312,-35.8587],[-62.3367,-35.7833]]]},"properties":{"id":108,"departamento":"TRENQUE LAUQUEN","cabecera":"TRENQUE LAUQUEN","provincia":"BUENOS AIRES"}},
{"type":"Feature","geometry":{"type":"Polygon","coordinates":[[[-58.4867,-35.7078],[-58.4931,-35.7281],[-58.495,-35.7453],[-58.5009,-35.7531],[-58.5111,-35.752],[-58.5159,-35.7389],[-58.5165,-35.7298],[-58.5258,-35.7224],[-58.5367,-35.7255],[-58.5391,-35.745],[-58.5537,-35.7471],[-58.5586,-35.7446],[-58.5777,-35.7494],[-58.5973,-35.7495],[-58.6071,-35.7416],[-58.6149,-35.7437],[-58.6225,-35.7507],[-58.6333,-35.7495],[-58.6371,-35.7431],[-58.6525,-35.746],[-58.6613,-35.7399],[-58.658,-35.734],[-58.6604,-35.7258],[-58.6714,-35.7298],[-58.6816,-35.7296],[-58.7036,-35.7239],[-58.7171,-35.7219],[-58.7224,-35.7267],[-58.738,-35.731],[-58.7418,-35.7354],[-58.7498,-35.7531],[-58.7589,-35.757],[-58.7657,-35.7545],[-58.7627,-35.7435],[-58.7707,-35.7288],[-58.7778,-35.7241],[-58.784,-35.7151],[-58.7889,-35.6997],[-58.7995,-35.6953],[-58.8056,-35.6897],[-58.8293,-35.6862],[-58.842,-35.6818],[-58.8451,-35.6772],[-58.8358,-35.6664],[-58.8397,-35.6558],[-58.8445,-35.6505],[-58.8567,-35.6503],[-58.8717,-35.6443],[-58.8766,-35.6402],[-58.8847,-35.6239],[-58.8838,-35.612],[-58.8783,-35.6045],[-58.8818,-35.5931],[-58.8951,-35.595],[-58.8992,-35.5909],[-58.9072,-35.5939],[-58.91,-35.6051],[-58.9199,-35.612],[-58.9284,-35.6217],[-58.9479,-35.6228],[-58.9584,-35.6162],[-58.9611,-35.6071],[-58.9775,-35.5883],[-58.9873,-35.593],[-58.9998,-35.5958],[-59.0063,-35.5944],[-59.014,-35.5999],[-59.0249,-35.6015],[-59.0303,-35.5913],[-59.0305,-35.6043],[-59.0375,-35.6129],[-59.0467,-35.6135],[-59.0606,-35.6043],[-59.069,-35.6079],[-59.0807,-35.6072],[-59.0799,-35.6145],[-59.0892,-35.6184],[-59.0982,-35.6183],[-59.103,-35.6219],[-59.1245,-35.6193],[-59.1429,-35.6253],[-59.1487,-35.6384],[-59.1418,-35.6539],[-59.142,-35.6625],[-59.1368,-35.6634],[-59.0955,-35.6963],[-59.1037,-35.7031],[-59.0158,-35.7735],[-59.0191,-35.7763],[-58.9857,-35.8032],[-58.9886,-35.8055],[-58.9745,-35.8168],[-58.9576,-35.803],[-58.9009,-35.8478],[-58.8919,-35.8404],[-58.7303,-35.9675],[-58.7503,-35.9844],[-58.7083,-36.017],[-58.5722,-36.1207],[-58.5072,-36.0619],[-58.3795,-35.9454],[-58.3295,-35.8994],[-58.2833,-35.86],[-58.2924,-35.8538],[-58.2991,-35.8545],[-58.3134,-35.8679],[-58.3218,-35.8675],[-58.3284,-35.8632],[-58.3383,-35.862],[-58.3429,-35.8572],[-58.3429,-35.8436],[-58.3622,-35.8346],[-58.3713,-35.8332],[-58.3801,-35.8264],[-58.3817,-35.821],[-58.389,-35.8181],[-58.4081,-35.8202],[-58.4157,-35.8136],[-58.4192,-35.7988],[-58.4157,-35.7949],[-58.4215,-35.7858],[-58.4311,-35.7757],[-58.4445,-35.7679],[-58.4541,-35.7686],[-58.4549,-35.7603],[-58.4494,-35.7567],[-58.4523,-35.7409],[-58.4364,-35.7325],[-58.4439,-35.7208],[-58.4394,-35.7111],[-58.4429,-35.7014],[-58.4609,-35.6877],[-58.4681,-35.6934],[-58.4752,-35.7062],[-58.4867,-35.7078]]]},"properties":{"id":109,"departamento":"GENERAL BELGRANO","cabecera":"GENERAL BELGRANO","provincia":"BUENOS AIRES"}},
{"type":"Feature","geometry":{"type":"Polygon","coordinates":[[[-59.7002,-35.8321],[-59.5167,-35.9764],[-59.5526,-36.0071],[-59.3824,-36.1353],[-59.4868,-36.2261],[-59.293,-36.3742],[-59.2897,-36.374],[-59.2791,-36.37],[-59.2739,-36.3605],[-59.25,-36.3469],[-59.2411,-36.3441],[-59.2245,-36.3299],[-59.2181,-36.3212],[-59.192,-36.3136],[-59.184,-36.3073],[-59.1742,-36.3041],[-59.1708,-36.2968],[-59.1557,-36.2897],[-59.1445,-36.2886],[-59.1333,-36.2835],[-59.1294,-36.2858],[-59.1003,-36.271],[-59.1022,-36.2599],[-59.0986,-36.2534],[-59.1026,-36.2467],[-59.094,-36.2394],[-59.0834,-36.2379],[-59.0702,-36.2213],[-59.0615,-36.2181],[-59.0491,-36.2188],[-59.0228,-36.2147],[-59.0059,-36.2063],[-58.9958,-36.2034],[-58.9569,-36.1878],[-58.941,-36.1777],[-58.9313,-36.1771],[-58.917,-36.1717],[-58.9014,-36.1588],[-58.8936,-36.1595],[-58.8803,-36.1504],[-58.8721,-36.152],[-58.8648,-36.1476],[-58.849,-36.1463],[-58.8411,-36.1417],[-58.8369,-36.1371],[-58.8358,-36.1234],[-58.8302,-36.1203],[-58.8283,-36.1105],[-58.82,-36.1102],[-58.8094,-36.1058],[-58.8092,-36.1003],[-58.7503,-36.052],[-58.7083,-36.017],[-58.7503,-35.9844],[-58.7303,-35.9675],[-58.8919,-35.8404],[-58.9009,-35.8478],[-58.9576,-35.803],[-58.9745,-35.8168],[-58.9886,-35.8055],[-58.9857,-35.8032],[-59.0191,-35.7763],[-59.0158,-35.7735],[-59.1037,-35.7031],[-59.0955,-35.6963],[-59.1368,-35.6634],[-59.142,-35.6625],[-59.1392,-35.6667],[-59.1368,-35.6836],[-59.1316,-35.6973],[-59.1485,-35.7045],[-59.1525,-35.7097],[-59.1666,-35.7064],[-59.1748,-35.7121],[-59.1796,-35.722],[-59.1799,-35.7316],[-59.1759,-35.7411],[-59.1814,-35.7561],[-59.1833,-35.7627],[-59.2115,-35.772],[-59.2272,-35.7793],[-59.2331,-35.7887],[-59.2445,-35.7936],[-59.2537,-35.7907],[-59.2649,-35.7953],[-59.282,-35.7907],[-59.2871,-35.7967],[-59.3035,-35.7951],[-59.3185,-35.8094],[-59.3312,-35.8022],[-59.3477,-35.8033],[-59.3578,-35.8106],[-59.3675,-35.811],[-59.3815,-35.8172],[-59.3875,-35.8082],[-59.3973,-35.8039],[-59.4107,-35.8063],[-59.4164,-35.8023],[-59.4831,-35.8124],[-59.4815,-35.8203],[-59.4941,-35.8197],[-59.5035,-35.8165],[-59.5164,-35.8268],[-59.5382,-35.8342],[-59.5423,-35.8389],[-59.5499,-35.8389],[-59.5601,-35.8507],[-59.5854,-35.8538],[-59.6004,-35.8534],[-59.6284,-35.8555],[-59.6428,-35.8612],[-59.6619,-35.8547],[-59.6718,-35.8448],[-59.6759,-35.8355],[-59.6819,-35.8346],[-59.6918,-35.8271],[-59.7002,-35.8321]]]},"properties":{"id":110,"departamento":"LAS FLORES","cabecera":"LAS FLORES","provincia":"BUENOS AIRES"}},
{"type":"Feature","geometry":{"type":"Polygon","coordinates":[[[-57.9887,-36.2777],[-58.0024,-36.2899],[-58.0604,-36.3393],[-58.1897,-36.4524],[-58.1014,-36.5214],[-58.1247,-36.5361],[-58.1345,-36.544],[-58.2126,-36.6153],[-58.2262,-36.6279],[-58.1486,-36.6936],[-58.1144,-36.728],[-58.1289,-36.7443],[-58.2863,-36.8809],[-58.1748,-36.9629],[-58.1756,-36.9637],[-58.0767,-37.0347],[-58.0203,-37.0768],[-57.9443,-37.0076],[-58.0111,-36.9589],[-57.944,-36.8991],[-57.9722,-36.878],[-57.9196,-36.8335],[-57.8915,-36.8544],[-57.8195,-36.7907],[-57.7933,-36.7692],[-57.7895,-36.7724],[-57.7455,-36.7338],[-57.7071,-36.7631],[-57.661,-36.7232],[-57.7764,-36.6348],[-57.7633,-36.6244],[-57.8486,-36.5552],[-57.7782,-36.4928],[-57.8112,-36.4677],[-57.7757,-36.4376],[-57.9155,-36.333],[-57.9887,-36.2777]]]},"properties":{"id":121,"departamento":"GENERAL GUIDO","cabecera":"GENERAL GUIDO","provincia":"BUENOS AIRES"}},
{"type":"Feature","geometry":{"type":"Polygon","coordinates":[[[-60.1612,-36.7184],[-60.2804,-36.6233],[-60.3219,-36.6563],[-60.4783,-36.5294],[-60.4387,-36.498],[-60.54,-36.416],[-60.5341,-36.4116],[-60.5638,-36.3909],[-60.57,-36.3967],[-60.6512,-36.3423],[-60.7305,-36.4036],[-60.7632,-36.378],[-60.8757,-36.468],[-60.8973,-36.4503],[-61.2546,-36.7345],[-61.3842,-36.8368],[-61.386,-36.8353],[-61.4226,-36.8639],[-61.0119,-37.203],[-60.8148,-37.0503],[-60.717,-37.1276],[-60.7314,-37.1389],[-60.6228,-37.227],[-60.627,-37.2304],[-60.5764,-37.2715],[-60.5714,-37.2676],[-60.4707,-37.3488],[-60.4376,-37.3751],[-60.2776,-37.2478],[-60.2822,-37.2441],[-60.2008,-37.1766],[-60.2073,-37.1716],[-60.1658,-37.1331],[-60.1441,-37.1142],[-60.1472,-37.1117],[-60.1263,-37.0951],[-60.1463,-37.0799],[-60.1263,-37.0624],[-60.1342,-37.0567],[-60.1136,-37.0399],[-60.1223,-37.0331],[-60.1018,-37.0161],[-60.116,-37.0054],[-60.0956,-36.9883],[-60.1049,-36.9783],[-60.0657,-36.9464],[-60.0598,-36.9508],[-60.0401,-36.9343],[-60.0432,-36.9321],[-60.0229,-36.9137],[-60.0326,-36.9066],[-60.0126,-36.8899],[-60.0283,-36.8785],[-60.008,-36.8623],[-60.0216,-36.8513],[-60.002,-36.8338],[-60.0936,-36.7626],[-60.0998,-36.768],[-60.1612,-36.7184]]]},"properties":{"id":122,"departamento":"OLAVARRIA","cabecera":"OLAVARRIA","provincia":"BUENOS AIRES"}},
{"type":"Feature","geometry":{"type":"Polygon","coordinates":[[[-60.4967,-34.1767],[-60.4945,-34.1712],[-60.4992,-34.1662],[-60.5038,-34.1551],[-60.5229,-34.1397],[-60.5411,-34.1374],[-60.5573,-34.1295],[-60.5777,-34.1158],[-60.592,-34.1157],[-60.6038,-34.1128],[-60.6243,-34.1119],[-60.6323,-34.1083],[-60.6369,-34.097],[-60.6569,-34.0922],[-60.6726,-34.073],[-60.6741,-34.0651],[-60.6887,-34.0528],[-60.696,-34.0509],[-60.7076,-34.0417],[-60.6975,-34.0333],[-60.7367,-33.9995],[-60.7978,-33.9521],[-60.8032,-33.9571],[-60.9011,-33.8824],[-60.9069,-33.8875],[-60.949,-33.923],[-60.9461,-33.9264],[-61.0121,-33.9821],[-61.0509,-34.0298],[-61.0608,-34.0377],[-61.0784,-34.0458],[-61.0801,-34.051],[-61.0923,-34.0565],[-61.1037,-34.0592],[-61.1226,-34.0717],[-60.9171,-34.2415],[-60.9588,-34.2764],[-61.0134,-34.2306],[-61.0592,-34.2689],[-61.0415,-34.2833],[-60.9666,-34.3456],[-60.9556,-34.3355],[-60.9409,-34.335],[-60.9295,-34.3369],[-60.9144,-34.3334],[-60.9021,-34.3263],[-60.7534,-34.4393],[-60.759,-34.4448],[-60.6767,-34.5092],[-60.6251,-34.4646],[-60.5595,-34.4063],[-60.5781,-34.3923],[-60.5709,-34.3816],[-60.5667,-34.3811],[-60.5594,-34.3723],[-60.5461,-34.3619],[-60.539,-34.3496],[-60.5387,-34.3398],[-60.5354,-34.3331],[-60.5393,-34.3177],[-60.5421,-34.2949],[-60.547,-34.2774],[-60.5404,-34.2691],[-60.5395,-34.2607],[-60.5346,-34.2554],[-60.5199,-34.2464],[-60.5104,-34.2428],[-60.4906,-34.2308],[-60.49,-34.2196],[-60.4764,-34.2067],[-60.4718,-34.196],[-60.4796,-34.1894],[-60.4892,-34.1863],[-60.4967,-34.1767]]]},"properties":{"id":52,"departamento":"ROJAS","cabecera":"ROJAS","provincia":"BUENOS AIRES"}},
{"type":"Feature","geometry":{"type":"Polygon","coordinates":[[[-59.3234,-33.9961],[-59.3226,-34.0049],[-59.3174,-34.013],[-59.3197,-34.0236],[-59.3413,-34.042],[-59.3781,-34.0563],[-59.407,-34.0604],[-59.3956,-34.0742],[-59.4635,-34.1351],[-59.4653,-34.1328],[-59.5106,-34.0991],[-59.5257,-34.123],[-59.5331,-34.1284],[-59.5417,-34.1432],[-59.5418,-34.1513],[-59.5515,-34.1562],[-59.5625,-34.1681],[-59.5845,-34.1681],[-59.5852,-34.1682],[-59.5951,-34.1707],[-59.6013,-34.1672],[-59.6134,-34.1676],[-59.6226,-34.1642],[-59.6288,-34.1586],[-59.6445,-34.1591],[-59.6757,-34.1668],[-59.7817,-34.2187],[-59.6926,-34.2867],[-59.6975,-34.2882],[-59.6741,-34.3997],[-59.6706,-34.3976],[-59.6447,-34.4177],[-59.6186,-34.3971],[-59.6064,-34.4065],[-59.558,-34.364],[-59.5414,-34.3502],[-59.5258,-34.3402],[-59.4683,-34.3107],[-59.4663,-34.3134],[-59.4376,-34.2987],[-59.4311,-34.307],[-59.4231,-34.3028],[-59.4273,-34.2973],[-59.4155,-34.291],[-59.4218,-34.2828],[-59.4095,-34.277],[-59.4154,-34.2702],[-59.4003,-34.2666],[-59.3883,-34.2565],[-59.3746,-34.2389],[-59.3775,-34.229],[-59.3725,-34.2166],[-59.3728,-34.21],[-59.3671,-34.1988],[-59.357,-34.1948],[-59.3429,-34.1788],[-59.3226,-34.1642],[-59.3121,-34.1611],[-59.3003,-34.1582],[-59.2803,-34.1462],[-59.2726,-34.1327],[-59.2761,-34.127],[-59.2721,-34.1175],[-59.2735,-34.1071],[-59.2684,-34.1016],[-59.266,-34.0915],[-59.2686,-34.0844],[-59.2913,-34.0736],[-59.3029,-34.0632],[-59.3007,-34.0444],[-59.3045,-34.0378],[-59.3062,-34.0266],[-59.3137,-34.0123],[-59.314,-34.0049],[-59.3234,-33.9961]]]},"properties":{"id":53,"departamento":"SAN ANTONIO DE ARECO","cabecera":"SAN ANTONIO DE ARECO","provincia":"BUENOS AIRES"}},
{"type":"Feature","geometry":{"type":"Polygon","coordinates":[[[-57.9443,-37.0076],[-57.7696,-37.1361],[-57.6755,-37.2023],[-57.5819,-37.1173],[-57.5674,-37.105],[-57.4876,-37.1045],[-57.4937,-37.017],[-57.3051,-37.0033],[-57.318,-36.9508],[-57.3222,-36.9103],[-57.2628,-36.9078],[-57.2236,-36.9088],[-57.2276,-36.8623],[-57.2331,-36.7886],[-57.1759,-36.7845],[-57.2426,-36.7331],[-57.2413,-36.7317],[-57.3295,-36.6686],[-57.4658,-36.5704],[-57.4947,-36.5811],[-57.5798,-36.6615],[-57.655,-36.7277],[-57.661,-36.7232],[-57.7071,-36.7631],[-57.7455,-36.7338],[-57.7895,-36.7724],[-57.7933,-36.7692],[-57.8195,-36.7907],[-57.8915,-36.8544],[-57.9196,-36.8335],[-57.9722,-36.878],[-57.944,-36.8991],[-58.0111,-36.9589],[-57.9443,-37.0076]]]},"properties":{"id":126,"departamento":"MAIPU","cabecera":"MAIPU","provincia":"BUENOS AIRES"}},
{"type":"Feature","geometry":{"type":"Polygon","coordinates":[[[-60.1563,-33.7454],[-60.1962,-33.8242],[-60.2315,-33.8692],[-60.2367,-33.9994],[-60.2368,-34.0122],[-60.232,-34.0223],[-60.2236,-34.0243],[-60.2044,-34.0356],[-60.1954,-34.0442],[-60.1951,-34.0515],[-60.1821,-34.0565],[-60.1667,-34.0601],[-60.1734,-34.0676],[-60.1726,-34.0738],[-60.1831,-34.0991],[-60.1876,-34.1205],[-60.1838,-34.1307],[-60.1851,-34.1358],[-60.1962,-34.1485],[-60.2065,-34.1709],[-60.2072,-34.189],[-60.203,-34.2033],[-60.077,-34.2498],[-60.0786,-34.2537],[-60.0475,-34.2645],[-60.0401,-34.2685],[-60.0251,-34.2597],[-60.0017,-34.2323],[-59.9958,-34.2234],[-59.9917,-34.2094],[-59.9874,-34.205],[-59.9817,-34.1822],[-59.9849,-34.1736],[-59.9858,-34.1522],[-59.9806,-34.1353],[-59.9865,-34.1238],[-59.9904,-34.1107],[-59.9906,-34.1013],[-59.9862,-34.0853],[-59.9616,-34.0807],[-59.9536,-34.0827],[-59.9469,-34.0771],[-59.9141,-34.0736],[-59.8989,-34.0769],[-59.8676,-34.0619],[-59.8562,-34.0592],[-59.8535,-34.0537],[-59.8444,-34.0525],[-59.837,-34.0408],[-59.8194,-34.0299],[-59.8136,-34.0182],[-59.8059,-34.0142],[-59.7923,-34.019],[-59.7795,-34.0132],[-59.7864,-34.0112],[-59.8273,-33.9793],[-59.8621,-33.9545],[-59.9411,-33.8932],[-59.9607,-33.8784],[-60.0243,-33.8266],[-60.0466,-33.8275],[-60.0534,-33.8256],[-60.0613,-33.819],[-60.0723,-33.8159],[-60.0825,-33.8095],[-60.0939,-33.8173],[-60.1067,-33.8176],[-60.1563,-33.7454]]]},"properties":{"id":51,"departamento":"ARRECIFES","cabecera":"ARRECIFES","provincia":"BUENOS AIRES"}},
{"type":"Feature","geometry":{"type":"Polygon","coordinates":[[[-59.6757,-34.1668],[-59.7231,-34.1308],[-59.7176,-34.1279],[-59.7077,-34.1101],[-59.7117,-34.0983],[-59.7089,-34.0922],[-59.7164,-34.0867],[-59.7196,-34.0772],[-59.7274,-34.0697],[-59.7304,-34.0615],[-59.741,-34.0484],[-59.7404,-34.0396],[-59.7475,-34.0284],[-59.7477,-34.0212],[-59.7541,-34.0135],[-59.7449,-33.9999],[-59.7466,-33.9974],[-59.753,-34.0026],[-59.7633,-34.0045],[-59.7795,-34.0132],[-59.7923,-34.019],[-59.8059,-34.0142],[-59.8136,-34.0182],[-59.8194,-34.0299],[-59.837,-34.0408],[-59.8444,-34.0525],[-59.8535,-34.0537],[-59.8562,-34.0592],[-59.8676,-34.0619],[-59.8989,-34.0769],[-59.9141,-34.0736],[-59.9469,-34.0771],[-59.9536,-34.0827],[-59.9616,-34.0807],[-59.9862,-34.0853],[-59.9906,-34.1013],[-59.9904,-34.1107],[-59.9865,-34.1238],[-59.9806,-34.1353],[-59.9858,-34.1522],[-59.9849,-34.1736],[-59.9817,-34.1822],[-59.9874,-34.205],[-59.9917,-34.2094],[-59.9958,-34.2234],[-60.0017,-34.2323],[-60.0251,-34.2597],[-60.0401,-34.2685],[-60.0007,-34.2783],[-59.9708,-34.2867],[-59.956,-34.2738],[-59.8945,-34.2365],[-59.8747,-34.2641],[-59.7817,-34.2187],[-59.6757,-34.1668]]]},"properties":{"id":54,"departamento":"CAPITAN SARMIENTO","cabecera":"CAPITAN SARMIENTO","provincia":"BUENOS AIRES"}},
{"type":"Feature","geometry":{"type":"Polygon","coordinates":[[[-59.7817,-34.2187],[-59.8747,-34.2641],[-59.8945,-34.2365],[-59.956,-34.2738],[-59.9708,-34.2867],[-60.0116,-34.3224],[-60.0037,-34.329],[-60.0648,-34.3826],[-60.0838,-34.3675],[-60.1429,-34.4188],[-60.1025,-34.4545],[-60.0832,-34.4696],[-60.0973,-34.4829],[-60.0145,-34.5465],[-59.9748,-34.5104],[-59.9092,-34.5617],[-59.9336,-34.5812],[-59.8848,-34.619],[-59.8453,-34.5853],[-59.8396,-34.5894],[-59.7547,-34.5179],[-59.7687,-34.5073],[-59.7354,-34.4777],[-59.7663,-34.4528],[-59.7506,-34.4437],[-59.6751,-34.4039],[-59.6741,-34.3997],[-59.6975,-34.2882],[-59.6926,-34.2867],[-59.7817,-34.2187]]]},"properties":{"id":57,"departamento":"CARMEN DE ARECO","cabecera":"CARMEN DE ARECO","provincia":"BUENOS AIRES"}},
{"type":"Feature","geometry":{"type":"Polygon","coordinates":[[[-56.9089,-37.1889],[-56.881,-37.1548],[-56.8646,-37.1288],[-56.8373,-37.0978],[-56.8233,-37.079],[-56.8121,-37.0599],[-56.7905,-37.0339],[-56.8006,-37.0307],[-56.8213,-37.0242],[-56.8267,-37.0324],[-56.8346,-37.0387],[-56.8392,-37.0477],[-56.887,-37.1019],[-56.9054,-37.1259],[-56.9125,-37.1405],[-56.931,-37.1581],[-56.9412,-37.1738],[-56.9501,-37.1842],[-56.9259,-37.1869],[-56.9089,-37.1889]]]},"properties":{"id":158,"departamento":"PINAMAR","cabecera":"PINAMAR","provincia":"BUENOS AIRES"}},
{"type":"Feature","geometry":{"type":"Polygon","coordinates":[[[-60.5595,-34.4063],[-60.5165,-34.4394],[-60.4891,-34.4156],[-60.4037,-34.4804],[-60.3759,-34.4568],[-60.3218,-34.4991],[-60.244,-34.4286],[-60.2085,-34.4566],[-60.1546,-34.4096],[-60.1429,-34.4188],[-60.0838,-34.3675],[-60.0648,-34.3826],[-60.0037,-34.329],[-60.0116,-34.3224],[-59.9708,-34.2867],[-60.0007,-34.2783],[-60.0401,-34.2685],[-60.0475,-34.2645],[-60.0786,-34.2537],[-60.077,-34.2498],[-60.203,-34.2033],[-60.2072,-34.189],[-60.2065,-34.1709],[-60.1962,-34.1485],[-60.1851,-34.1358],[-60.1838,-34.1307],[-60.1876,-34.1205],[-60.1831,-34.0991],[-60.1726,-34.0738],[-60.1734,-34.0676],[-60.1667,-34.0601],[-60.1821,-34.0565],[-60.1951,-34.0515],[-60.1954,-34.0442],[-60.2044,-34.0356],[-60.2236,-34.0243],[-60.232,-34.0223],[-60.2368,-34.0122],[-60.2444,-34.007],[-60.2551,-34.0098],[-60.2696,-34.0094],[-60.2823,-34.0063],[-60.2999,-33.9982],[-60.3113,-34.0001],[-60.414,-34.0932],[-60.4088,-34.0973],[-60.4967,-34.1767],[-60.4892,-34.1863],[-60.4796,-34.1894],[-60.4718,-34.196],[-60.4764,-34.2067],[-60.49,-34.2196],[-60.4906,-34.2308],[-60.5104,-34.2428],[-60.5199,-34.2464],[-60.5346,-34.2554],[-60.5395,-34.2607],[-60.5404,-34.2691],[-60.547,-34.2774],[-60.5421,-34.2949],[-60.5393,-34.3177],[-60.5354,-34.3331],[-60.5387,-34.3398],[-60.539,-34.3496],[-60.5461,-34.3619],[-60.5594,-34.3723],[-60.5667,-34.3811],[-60.5709,-34.3816],[-60.5781,-34.3923],[-60.5595,-34.4063]]]},"properties":{"id":55,"departamento":"SALTO","cabecera":"SALTO","provincia":"BUENOS AIRES"}},
{"type":"Feature","geometry":{"type":"Polygon","coordinates":[[[-59.3746,-34.2389],[-59.2983,-34.2641],[-59.3103,-34.289],[-59.2768,-34.3084],[-59.2735,-34.3054],[-59.2531,-34.3214],[-59.2552,-34.3233],[-59.1927,-34.3706],[-59.1965,-34.3738],[-59.1322,-34.4232],[-59.1297,-34.4208],[-59.0974,-34.4644],[-59.0802,-34.4555],[-59.0757,-34.4499],[-59.0801,-34.4445],[-59.0772,-34.4393],[-59.0559,-34.4279],[-59.0429,-34.4211],[-59.0422,-34.4143],[-59.037,-34.4083],[-59.0251,-34.4021],[-59.0286,-34.3975],[-58.9931,-34.3791],[-58.9918,-34.3735],[-58.9841,-34.3691],[-58.9933,-34.3581],[-58.9802,-34.3506],[-58.9242,-34.4172],[-58.9194,-34.4149],[-58.9228,-34.3974],[-58.9228,-34.3862],[-58.9199,-34.3807],[-58.9403,-34.3579],[-58.9453,-34.3589],[-58.9776,-34.3202],[-58.9817,-34.3223],[-59.0149,-34.295],[-59.0157,-34.2894],[-59.0378,-34.2704],[-59.0357,-34.2681],[-59.0622,-34.2477],[-59.0579,-34.241],[-59.0783,-34.2246],[-59.0915,-34.2284],[-59.1056,-34.2139],[-59.1028,-34.2002],[-59.2389,-34.1796],[-59.2371,-34.1718],[-59.3121,-34.1611],[-59.3226,-34.1642],[-59.3429,-34.1788],[-59.357,-34.1948],[-59.3671,-34.1988],[-59.3728,-34.21],[-59.3725,-34.2166],[-59.3775,-34.229],[-59.3746,-34.2389]]]},"properties":{"id":56,"departamento":"EXALTACION DE LA CRUZ","cabecera":"CAPILLA DEL SEÑOR","provincia":"BUENOS AIRES"}},
{"type":"Feature","geometry":{"type":"Polygon","coordinates":[[[-58.7114,-34.2484],[-58.7507,-34.2416],[-58.7748,-34.2364],[-58.7943,-34.229],[-58.8029,-34.2371],[-58.7881,-34.255],[-58.7813,-34.271],[-58.7746,-34.2817],[-58.7786,-34.2864],[-58.7904,-34.2827],[-58.7975,-34.2774],[-58.8083,-34.2816],[-58.8238,-34.2733],[-58.8301,-34.2748],[-58.8502,-34.2642],[-58.8583,-34.2621],[-58.8706,-34.2727],[-58.8763,-34.2748],[-58.8809,-34.2836],[-58.8824,-34.2962],[-58.8922,-34.3063],[-58.9011,-34.3109],[-58.8429,-34.3875],[-58.8397,-34.3859],[-58.817,-34.4154],[-58.7985,-34.4105],[-58.7885,-34.3999],[-58.7782,-34.404],[-58.7374,-34.4565],[-58.7056,-34.4393],[-58.7342,-34.4022],[-58.7153,-34.3922],[-58.705,-34.373],[-58.7211,-34.3646],[-58.719,-34.3618],[-58.6903,-34.347],[-58.6861,-34.3513],[-58.6786,-34.3431],[-58.6611,-34.2911],[-58.654,-34.2716],[-58.6483,-34.2662],[-58.6734,-34.2587],[-58.7114,-34.2484]]]},"properties":{"id":58,"departamento":"ESCOBAR","cabecera":"BELEN DE ESCOBAR","provincia":"BUENOS AIRES"}},
{"type":"Feature","geometry":{"type":"Polygon","coordinates":[[[-58.6062,-34.5344],[-58.6459,-34.5019],[-58.6477,-34.5024],[-58.6855,-34.5277],[-58.6941,-34.5262],[-58.7013,-34.5328],[-58.721,-34.5183],[-58.7532,-34.5489],[-58.7615,-34.5471],[-58.776,-34.5571],[-58.7599,-34.571],[-58.7134,-34.6055],[-58.7101,-34.6015],[-58.6938,-34.5936],[-58.6843,-34.5883],[-58.6812,-34.5815],[-58.6585,-34.5662],[-58.6463,-34.563],[-58.6332,-34.5537],[-58.6268,-34.5466],[-58.6185,-34.547],[-58.6062,-34.5344]]]},"properties":{"id":67,"departamento":"SAN MIGUEL","cabecera":"SAN MIGUEL","provincia":"BUENOS AIRES"}},
{"type":"Feature","geometry":{"type":"Polygon","coordinates":[[[-59.6741,-34.3997],[-59.6751,-34.4039],[-59.7506,-34.4437],[-59.7663,-34.4528],[-59.7354,-34.4777],[-59.7687,-34.5073],[-59.7547,-34.5179],[-59.7111,-34.5529],[-59.6944,-34.5675],[-59.673,-34.5828],[-59.6324,-34.6155],[-59.5686,-34.5605],[-59.5233,-34.597],[-59.5082,-34.5835],[-59.4819,-34.5702],[-59.473,-34.5764],[-59.4274,-34.5525],[-59.4124,-34.5463],[-59.3382,-34.5079],[-59.2962,-34.4857],[-59.2486,-34.4612],[-59.2177,-34.4467],[-59.2394,-34.4168],[-59.2391,-34.4139],[-59.2108,-34.3936],[-59.1965,-34.3738],[-59.1927,-34.3706],[-59.2552,-34.3233],[-59.2531,-34.3214],[-59.2735,-34.3054],[-59.2768,-34.3084],[-59.3103,-34.289],[-59.2983,-34.2641],[-59.3746,-34.2389],[-59.3883,-34.2565],[-59.4003,-34.2666],[-59.4154,-34.2702],[-59.4095,-34.277],[-59.4218,-34.2828],[-59.4155,-34.291],[-59.4273,-34.2973],[-59.4231,-34.3028],[-59.4311,-34.307],[-59.4376,-34.2987],[-59.4663,-34.3134],[-59.4683,-34.3107],[-59.5258,-34.3402],[-59.5414,-34.3502],[-59.558,-34.364],[-59.6064,-34.4065],[-59.6186,-34.3971],[-59.6447,-34.4177],[-59.6706,-34.3976],[-59.6741,-34.3997]]]},"properties":{"id":59,"departamento":"SAN ANDRES DE GILES","cabecera":"SAN ANDRES DE GILES","provincia":"BUENOS AIRES"}},
{"type":"Feature","geometry":{"type":"Polygon","coordinates":[[[-61.0415,-34.2833],[-61.0703,-34.3074],[-61.0981,-34.2841],[-61.1305,-34.3113],[-61.1211,-34.3193],[-61.1769,-34.3659],[-61.1845,-34.3626],[-61.1925,-34.3648],[-61.1989,-34.3768],[-61.1937,-34.3888],[-61.197,-34.4037],[-61.1939,-34.413],[-61.1966,-34.4235],[-61.2092,-34.4249],[-61.214,-34.4312],[-61.2281,-34.436],[-61.2316,-34.4276],[-61.2309,-34.425],[-61.2313,-34.4129],[-61.2361,-34.4032],[-61.2561,-34.403],[-61.2614,-34.3997],[-61.3295,-34.4527],[-61.3558,-34.4738],[-61.2744,-34.5407],[-61.339,-34.5911],[-61.2056,-34.7017],[-61.2233,-34.7168],[-61.1523,-34.7768],[-61.0483,-34.6919],[-60.9045,-34.8105],[-60.8496,-34.7625],[-60.816,-34.7889],[-60.7671,-34.7462],[-60.7648,-34.7407],[-60.7959,-34.7167],[-60.7146,-34.6466],[-60.7282,-34.6433],[-60.7378,-34.6452],[-60.7521,-34.6414],[-60.7592,-34.6304],[-60.7508,-34.6224],[-60.6474,-34.5321],[-60.6767,-34.5092],[-60.759,-34.4448],[-60.7534,-34.4393],[-60.9021,-34.3263],[-60.9144,-34.3334],[-60.9295,-34.3369],[-60.9409,-34.335],[-60.9556,-34.3355],[-60.9666,-34.3456],[-61.0415,-34.2833]]]},"properties":{"id":60,"departamento":"JUNIN","cabecera":"JUNIN","provincia":"BUENOS AIRES"}},
{"type":"Feature","geometry":{"type":"Polygon","coordinates":[[[-59.673,-34.5828],[-59.7166,-34.6203],[-59.6528,-34.6704],[-59.6542,-34.6716],[-59.6286,-34.6898],[-59.5909,-34.7201],[-59.5889,-34.719],[-59.5538,-34.745],[-59.5524,-34.7441],[-59.5263,-34.765],[-59.5323,-34.77],[-59.4922,-34.8027],[-59.5232,-34.8292],[-59.4661,-34.873],[-59.458,-34.8676],[-59.4086,-34.8427],[-59.3733,-34.8917],[-59.3354,-34.8584],[-59.3168,-34.8429],[-59.3208,-34.8371],[-59.2895,-34.8217],[-59.2793,-34.8345],[-59.2289,-34.8096],[-59.2058,-34.7958],[-59.1939,-34.8113],[-59.1699,-34.7989],[-59.2565,-34.6847],[-59.2423,-34.6774],[-59.2818,-34.6252],[-59.2637,-34.6193],[-59.305,-34.5639],[-59.3382,-34.5079],[-59.4124,-34.5463],[-59.4274,-34.5525],[-59.473,-34.5764],[-59.4819,-34.5702],[-59.5082,-34.5835],[-59.5233,-34.597],[-59.5686,-34.5605],[-59.6324,-34.6155],[-59.673,-34.5828]]]},"properties":{"id":68,"departamento":"MERCEDES","cabecera":"MERCEDES","provincia":"BUENOS AIRES"}},
{"type":"Feature","geometry":{"type":"Polygon","coordinates":[[[-62.2682,-34.3836],[-62.8797,-34.3835],[-63.3833,-34.3833],[-63.3835,-34.5268],[-63.3838,-34.6966],[-63.3841,-34.8823],[-63.3843,-35.0001],[-63.3843,-35.369],[-63.3293,-35.3231],[-63.3468,-35.3],[-63.3115,-35.2716],[-63.3097,-35.2678],[-63.2852,-35.2884],[-63.2111,-35.2288],[-63.2358,-35.2083],[-63.1385,-35.1283],[-63.0898,-35.1686],[-63.1152,-35.1889],[-62.9648,-35.3119],[-62.8994,-35.2592],[-62.7451,-35.1337],[-62.7459,-35.1328],[-62.7077,-35.1014],[-62.6769,-35.1266],[-62.6572,-35.1109],[-62.6883,-35.0853],[-62.6101,-35.0224],[-62.6415,-34.997],[-62.6058,-34.9965],[-62.6103,-34.8894],[-62.6212,-34.6322],[-62.6086,-34.636],[-62.5938,-34.6501],[-62.5838,-34.6107],[-62.3476,-34.6538],[-62.3251,-34.5685],[-62.3159,-34.5686],[-62.2682,-34.3836]]]},"properties":{"id":396,"departamento":"GENERAL VILLEGAS","cabecera":"GENERAL VILLEGAS","provincia":"BUENOS AIRES"}},
{"type":"Feature","geometry":{"type":"Polygon","coordinates":[[[-59.0559,-34.4279],[-59.0114,-34.4883],[-59.0007,-34.4835],[-58.9619,-34.5337],[-58.9285,-34.5162],[-58.8851,-34.577],[-58.8715,-34.5695],[-58.8559,-34.558],[-58.8466,-34.5476],[-58.8307,-34.5225],[-58.8238,-34.5082],[-58.8197,-34.4965],[-58.8132,-34.4895],[-58.813,-34.489],[-58.8111,-34.486],[-58.8149,-34.4704],[-58.8139,-34.464],[-58.8212,-34.4558],[-58.8214,-34.4554],[-58.8214,-34.4521],[-58.7917,-34.4728],[-58.7847,-34.4761],[-58.7712,-34.4683],[-58.7562,-34.4624],[-58.752,-34.4677],[-58.7374,-34.4565],[-58.7782,-34.404],[-58.7885,-34.3999],[-58.7985,-34.4105],[-58.817,-34.4154],[-58.8397,-34.3859],[-58.8429,-34.3875],[-58.9011,-34.3109],[-58.9084,-34.3129],[-58.9174,-34.3284],[-58.9144,-34.3363],[-58.9179,-34.3524],[-58.9094,-34.3634],[-58.9167,-34.369],[-58.9199,-34.3807],[-58.9228,-34.3862],[-58.9228,-34.3974],[-58.9194,-34.4149],[-58.9242,-34.4172],[-58.9802,-34.3506],[-58.9933,-34.3581],[-58.9841,-34.3691],[-58.9918,-34.3735],[-58.9931,-34.3791],[-59.0286,-34.3975],[-59.0251,-34.4021],[-59.037,-34.4083],[-59.0422,-34.4143],[-59.0429,-34.4211],[-59.0559,-34.4279]]]},"properties":{"id":61,"departamento":"PILAR","cabecera":"PILAR","provincia":"BUENOS AIRES"}},
{"type":"Feature","geometry":{"type":"Polygon","coordinates":[[[-59.1965,-34.3738],[-59.2108,-34.3936],[-59.2391,-34.4139],[-59.2394,-34.4168],[-59.2177,-34.4467],[-59.2486,-34.4612],[-59.2962,-34.4857],[-59.3382,-34.5079],[-59.305,-34.5639],[-59.2637,-34.6193],[-59.2818,-34.6252],[-59.2423,-34.6774],[-59.2565,-34.6847],[-59.1699,-34.7989],[-59.1657,-34.8043],[-59.1558,-34.7953],[-59.1316,-34.7618],[-59.121,-34.7545],[-59.1044,-34.7365],[-59.0913,-34.7192],[-59.1321,-34.6663],[-59.1356,-34.6589],[-59.1131,-34.647],[-59.1151,-34.6445],[-59.0912,-34.6323],[-59.0896,-34.6344],[-59.0564,-34.6165],[-59.0709,-34.6044],[-59.0359,-34.5873],[-59.0324,-34.5925],[-59.0254,-34.5931],[-59.0005,-34.5843],[-58.9865,-34.5774],[-58.9925,-34.5685],[-58.9842,-34.5646],[-58.9872,-34.5599],[-58.9605,-34.5456],[-58.9543,-34.5436],[-58.9619,-34.5337],[-59.0007,-34.4835],[-59.0114,-34.4883],[-59.0559,-34.4279],[-59.0772,-34.4393],[-59.0801,-34.4445],[-59.0757,-34.4499],[-59.0802,-34.4555],[-59.0974,-34.4644],[-59.1297,-34.4208],[-59.1322,-34.4232],[-59.1965,-34.3738]]]},"properties":{"id":62,"departamento":"LUJAN","cabecera":"LUJAN","provincia":"BUENOS AIRES"}},
{"type":"Feature","geometry":{"type":"Polygon","coordinates":[[[-58.6938,-34.5936],[-58.6844,-34.6051],[-58.654,-34.6301],[-58.6536,-34.6317],[-58.6217,-34.633],[-58.6181,-34.62],[-58.622,-34.6111],[-58.6214,-34.6018],[-58.6165,-34.588],[-58.6463,-34.563],[-58.6585,-34.5662],[-58.6812,-34.5815],[-58.6843,-34.5883],[-58.6938,-34.5936]]]},"properties":{"id":73,"departamento":"HURLINGHAM","cabecera":"HURLUNGHAM","provincia":"BUENOS AIRES"}},
{"type":"Feature","geometry":{"type":"Polygon","coordinates":[[[-58.6536,-34.6317],[-58.6674,-34.6859],[-58.656,-34.6954],[-58.641,-34.7045],[-58.6396,-34.7016],[-58.5833,-34.6506],[-58.5819,-34.6434],[-58.5702,-34.6416],[-58.5561,-34.6347],[-58.5667,-34.6259],[-58.5722,-34.6288],[-58.5888,-34.6061],[-58.5929,-34.608],[-58.6165,-34.588],[-58.6214,-34.6018],[-58.622,-34.6111],[-58.6181,-34.62],[-58.6217,-34.633],[-58.6536,-34.6317]]]},"properties":{"id":74,"departamento":"MORON","cabecera":"MORON","provincia":"BUENOS AIRES"}},
{"type":"Feature","geometry":{"type":"Polygon","coordinates":[[[-60.6767,-34.5092],[-60.6474,-34.5321],[-60.7508,-34.6224],[-60.7592,-34.6304],[-60.7521,-34.6414],[-60.7378,-34.6452],[-60.7282,-34.6433],[-60.7146,-34.6466],[-60.6832,-34.6599],[-60.6854,-34.6702],[-60.6815,-34.6745],[-60.681,-34.6837],[-60.6869,-34.7067],[-60.6833,-34.708],[-60.6681,-34.7038],[-60.6581,-34.7084],[-60.6474,-34.728],[-60.6251,-34.7436],[-60.6289,-34.7559],[-60.6149,-34.767],[-60.6014,-34.7865],[-60.5968,-34.7991],[-60.5898,-34.8061],[-60.5879,-34.8159],[-60.5703,-34.8214],[-60.5544,-34.8283],[-60.5474,-34.8214],[-60.533,-34.8246],[-60.5274,-34.83],[-60.5286,-34.8411],[-60.5198,-34.8419],[-60.5049,-34.8381],[-60.4916,-34.8399],[-60.4901,-34.8445],[-60.4804,-34.8468],[-60.4711,-34.8569],[-60.46,-34.8622],[-60.3725,-34.7879],[-60.3621,-34.7961],[-60.3223,-34.7621],[-60.2398,-34.8265],[-60.2001,-34.7927],[-60.1913,-34.7937],[-60.1669,-34.7731],[-60.1773,-34.76],[-60.1635,-34.7482],[-60.1901,-34.727],[-60.1063,-34.6573],[-60.0635,-34.6905],[-60.0072,-34.6402],[-59.9979,-34.6479],[-59.9951,-34.6619],[-59.9901,-34.6651],[-59.9905,-34.6747],[-59.9816,-34.6759],[-59.9685,-34.6914],[-59.9445,-34.6717],[-59.8848,-34.619],[-59.9336,-34.5812],[-59.9092,-34.5617],[-59.9748,-34.5104],[-60.0145,-34.5465],[-60.0973,-34.4829],[-60.0832,-34.4696],[-60.1025,-34.4545],[-60.1429,-34.4188],[-60.1546,-34.4096],[-60.2085,-34.4566],[-60.244,-34.4286],[-60.3218,-34.4991],[-60.3759,-34.4568],[-60.4037,-34.4804],[-60.4891,-34.4156],[-60.5165,-34.4394],[-60.5595,-34.4063],[-60.6251,-34.4646],[-60.6767,-34.5092]]]},"properties":{"id":63,"departamento":"CHACABUCO","cabecera":"CHACABUCO","provincia":"BUENOS AIRES"}},
{"type":"Feature","geometry":{"type":"Polygon","coordinates":[[[-58.7374,-34.4565],[-58.752,-34.4677],[-58.7562,-34.4624],[-58.7712,-34.4683],[-58.7847,-34.4761],[-58.7714,-34.4888],[-58.7608,-34.4951],[-58.7293,-34.5081],[-58.721,-34.5183],[-58.7013,-34.5328],[-58.6941,-34.5262],[-58.6855,-34.5277],[-58.6477,-34.5024],[-58.6459,-34.5019],[-58.6781,-34.4746],[-58.7056,-34.4393],[-58.7374,-34.4565]]]},"properties":{"id":64,"departamento":"MALVINAS ARGENTINAS","cabecera":"LOS POLVORINES","provincia":"BUENOS AIRES"}},
{"type":"Feature","geometry":{"type":"Polygon","coordinates":[[[-58.721,-34.5183],[-58.7293,-34.5081],[-58.7608,-34.4951],[-58.7714,-34.4888],[-58.7847,-34.4761],[-58.7917,-34.4728],[-58.8214,-34.4521],[-58.8214,-34.4554],[-58.8212,-34.4558],[-58.8139,-34.464],[-58.8149,-34.4704],[-58.8111,-34.486],[-58.813,-34.489],[-58.8132,-34.4895],[-58.8197,-34.4965],[-58.8238,-34.5082],[-58.776,-34.5571],[-58.7615,-34.5471],[-58.7532,-34.5489],[-58.721,-34.5183]]]},"properties":{"id":65,"departamento":"JOSE C PAZ","cabecera":"JOSE C. PAZ","provincia":"BUENOS AIRES"}},
{"type":"Feature","geometry":{"type":"Polygon","coordinates":[[[-58.6185,-34.547],[-58.562,-34.5913],[-58.5228,-34.5972],[-58.5099,-34.5692],[-58.5246,-34.5505],[-58.5298,-34.5373],[-58.5377,-34.5442],[-58.5538,-34.5302],[-58.6003,-34.49],[-58.5984,-34.4987],[-58.603,-34.5124],[-58.6014,-34.5211],[-58.6062,-34.5344],[-58.6185,-34.547]]]},"properties":{"id":66,"departamento":"GENERAL SAN MARTIN","cabecera":"GENERAL SAN MARTIN","provincia":"BUENOS AIRES"}},
{"type":"Feature","geometry":{"type":"Polygon","coordinates":[[[-58.776,-34.5571],[-58.8238,-34.5082],[-58.8307,-34.5225],[-58.8466,-34.5476],[-58.8559,-34.558],[-58.8715,-34.5695],[-58.8851,-34.577],[-58.8908,-34.5798],[-58.8723,-34.6041],[-58.8642,-34.6168],[-58.8842,-34.6271],[-58.8809,-34.6322],[-58.8831,-34.6428],[-58.8813,-34.6505],[-58.8845,-34.6688],[-58.8741,-34.6776],[-58.8649,-34.6825],[-58.8603,-34.6849],[-58.8348,-34.6863],[-58.8234,-34.6825],[-58.8176,-34.6851],[-58.8099,-34.6774],[-58.7937,-34.6727],[-58.7792,-34.6654],[-58.7694,-34.6647],[-58.7565,-34.6597],[-58.7462,-34.6519],[-58.7458,-34.651],[-58.7318,-34.6427],[-58.7291,-34.6348],[-58.7246,-34.6298],[-58.7238,-34.6198],[-58.7172,-34.6074],[-58.7134,-34.6055],[-58.7599,-34.571],[-58.776,-34.5571]]]},"properties":{"id":69,"departamento":"MORENO","cabecera":"MARIANO MORENO","provincia":"BUENOS AIRES"}},
{"type":"Feature","geometry":{"type":"Polygon","coordinates":[[[-61.5318,-35.3784],[-61.3003,-35.1853],[-61.4205,-35.0872],[-61.1808,-34.8896],[-61.1794,-34.8907],[-61.1279,-34.8468],[-61.1831,-34.8017],[-61.1523,-34.7768],[-61.2233,-34.7168],[-61.2056,-34.7017],[-61.339,-34.5911],[-61.4373,-34.6706],[-61.5168,-34.6026],[-61.5979,-34.6681],[-61.6122,-34.6564],[-61.6451,-34.6834],[-61.7105,-34.6268],[-61.7724,-34.6762],[-61.6737,-34.7607],[-61.7452,-34.8181],[-61.7413,-34.8216],[-61.9033,-34.9521],[-61.9843,-34.8852],[-62.1051,-34.9839],[-62.1861,-35.0499],[-62.1662,-35.0664],[-62.2704,-35.1518],[-62.211,-35.2008],[-62.2259,-35.2129],[-62.1451,-35.2803],[-62.1492,-35.2837],[-62.0287,-35.3831],[-62.0298,-35.3839],[-61.9063,-35.4857],[-61.7835,-35.5857],[-61.7233,-35.5373],[-61.5318,-35.3784]]]},"properties":{"id":75,"departamento":"LINCOLN","cabecera":"LINCOLN","provincia":"BUENOS AIRES"}},
{"type":"Feature","geometry":{"type":"Polygon","coordinates":[[[-58.7134,-34.6055],[-58.7172,-34.6074],[-58.7238,-34.6198],[-58.7246,-34.6298],[-58.7291,-34.6348],[-58.6674,-34.6859],[-58.6536,-34.6317],[-58.654,-34.6301],[-58.6844,-34.6051],[-58.6938,-34.5936],[-58.7101,-34.6015],[-58.7134,-34.6055]]]},"properties":{"id":76,"departamento":"ITUZAINGO","cabecera":"ITUZAINGO","provincia":"BUENOS AIRES"}},
{"type":"Feature","geometry":{"type":"Polygon","coordinates":[[[-62.6101,-35.0224],[-62.5484,-35.0736],[-62.4713,-35.0102],[-62.2851,-35.1636],[-62.2704,-35.1518],[-62.1662,-35.0664],[-62.1861,-35.0499],[-62.1051,-34.9839],[-62.185,-34.9174],[-62.1822,-34.9155],[-62.2061,-34.8891],[-62.2205,-34.8895],[-62.2225,-34.8546],[-62.2832,-34.8559],[-62.2854,-34.8136],[-62.3051,-34.8125],[-62.2401,-34.762],[-62.2631,-34.7427],[-62.1878,-34.6825],[-62.3476,-34.6538],[-62.5838,-34.6107],[-62.5938,-34.6501],[-62.6086,-34.636],[-62.6212,-34.6322],[-62.6103,-34.8894],[-62.6058,-34.9965],[-62.6415,-34.997],[-62.6101,-35.0224]]]},"properties":{"id":77,"departamento":"FLORENTINO AMEGHINO","cabecera":"FLORENTINO AMEGHINO","provincia":"BUENOS AIRES"}},
{"type":"Feature","geometry":{"type":"Polygon","coordinates":[[[-58.641,-34.7045],[-58.6431,-34.7096],[-58.6362,-34.7149],[-58.6497,-34.7265],[-58.655,-34.7223],[-58.6754,-34.7393],[-58.6578,-34.7534],[-58.6736,-34.7663],[-58.682,-34.7595],[-58.7039,-34.7785],[-58.7285,-34.7592],[-58.7502,-34.7772],[-58.7071,-34.8111],[-58.7203,-34.8181],[-58.734,-34.8171],[-58.7397,-34.8233],[-58.7745,-34.8284],[-58.7506,-34.8469],[-58.7629,-34.8581],[-58.6933,-34.9118],[-58.6686,-34.9026],[-58.6506,-34.891],[-58.6458,-34.8856],[-58.6449,-34.8758],[-58.6366,-34.8607],[-58.6247,-34.8437],[-58.6149,-34.8178],[-58.6042,-34.8097],[-58.5998,-34.8111],[-58.5879,-34.7929],[-58.5865,-34.78],[-58.5723,-34.775],[-58.575,-34.7685],[-58.5694,-34.7653],[-58.5659,-34.7571],[-58.5567,-34.757],[-58.5493,-34.7529],[-58.5423,-34.7583],[-58.5359,-34.7554],[-58.5388,-34.7469],[-58.5205,-34.7409],[-58.5127,-34.7399],[-58.5047,-34.724],[-58.501,-34.7228],[-58.487,-34.7299],[-58.4614,-34.7053],[-58.5292,-34.6548],[-58.5561,-34.6347],[-58.5702,-34.6416],[-58.5819,-34.6434],[-58.5833,-34.6506],[-58.6396,-34.7016],[-58.641,-34.7045]]]},"properties":{"id":78,"departamento":"LA MATANZA","cabecera":"SAN JUSTO","provincia":"BUENOS AIRES"}},
{"type":"Feature","geometry":{"type":"Polygon","coordinates":[[[-58.9619,-34.5337],[-58.9543,-34.5436],[-58.9605,-34.5456],[-58.9872,-34.5599],[-58.9842,-34.5646],[-58.9925,-34.5685],[-58.9865,-34.5774],[-59.0005,-34.5843],[-59.0254,-34.5931],[-59.0324,-34.5925],[-59.0359,-34.5873],[-59.0709,-34.6044],[-59.0564,-34.6165],[-59.0896,-34.6344],[-59.0912,-34.6323],[-59.1151,-34.6445],[-59.1131,-34.647],[-59.1356,-34.6589],[-59.1321,-34.6663],[-59.0913,-34.7192],[-59.0895,-34.7171],[-59.0316,-34.7637],[-59.0259,-34.7593],[-59.0162,-34.7584],[-59.0032,-34.7636],[-58.9903,-34.7534],[-58.9648,-34.7362],[-58.9564,-34.7253],[-58.952,-34.7153],[-58.9358,-34.7033],[-58.9132,-34.6979],[-58.9051,-34.6986],[-58.8861,-34.6952],[-58.8715,-34.6892],[-58.8649,-34.6825],[-58.8741,-34.6776],[-58.8845,-34.6688],[-58.8813,-34.6505],[-58.8831,-34.6428],[-58.8809,-34.6322],[-58.8842,-34.6271],[-58.8642,-34.6168],[-58.8723,-34.6041],[-58.8908,-34.5798],[-58.8851,-34.577],[-58.9285,-34.5162],[-58.9619,-34.5337]]]},"properties":{"id":70,"departamento":"GENERAL RODRIGUEZ","cabecera":"GENERAL RODRIGUEZ","provincia":"BUENOS AIRES"}},
{"type":"Feature","geometry":{"type":"Polygon","coordinates":[[[-59.8848,-34.619],[-59.9445,-34.6717],[-59.79,-34.7882],[-59.8103,-34.8065],[-59.7933,-34.8304],[-59.7854,-34.8358],[-59.7811,-34.8439],[-59.7753,-34.8413],[-59.761,-34.8539],[-59.7557,-34.8696],[-59.7502,-34.8739],[-59.727,-34.8812],[-59.7218,-34.8874],[-59.7058,-34.8928],[-59.6887,-34.9089],[-59.6821,-34.9214],[-59.6739,-34.93],[-59.6656,-34.9325],[-59.6612,-34.9387],[-59.6325,-34.9605],[-59.6347,-34.9574],[-59.4957,-34.8877],[-59.4661,-34.873],[-59.5232,-34.8292],[-59.4922,-34.8027],[-59.5323,-34.77],[-59.5263,-34.765],[-59.5524,-34.7441],[-59.5538,-34.745],[-59.5889,-34.719],[-59.5909,-34.7201],[-59.6286,-34.6898],[-59.6542,-34.6716],[-59.6528,-34.6704],[-59.7166,-34.6203],[-59.673,-34.5828],[-59.6944,-34.5675],[-59.7111,-34.5529],[-59.7547,-34.5179],[-59.8396,-34.5894],[-59.8453,-34.5853],[-59.8848,-34.619]]]},"properties":{"id":71,"departamento":"SUIPACHA","cabecera":"SUIPACHA","provincia":"BUENOS AIRES"}},
{"type":"Feature","geometry":{"type":"Polygon","coordinates":[[[-58.6463,-34.563],[-58.6165,-34.588],[-58.5929,-34.608],[-58.5888,-34.6061],[-58.5722,-34.6288],[-58.5667,-34.6259],[-58.5561,-34.6347],[-58.5292,-34.6548],[-58.5315,-34.616],[-58.5228,-34.5972],[-58.562,-34.5913],[-58.6185,-34.547],[-58.6268,-34.5466],[-58.6332,-34.5537],[-58.6463,-34.563]]]},"properties":{"id":72,"departamento":"TRES DE FEBRERO","cabecera":"CASEROS","provincia":"BUENOS AIRES"}},
{"type":"Feature","geometry":{"type":"Polygon","coordinates":[[[-58.6674,-34.6859],[-58.7291,-34.6348],[-58.7318,-34.6427],[-58.7458,-34.651],[-58.7462,-34.6519],[-58.7565,-34.6597],[-58.7694,-34.6647],[-58.7792,-34.6654],[-58.7937,-34.6727],[-58.8099,-34.6774],[-58.8176,-34.6851],[-58.8234,-34.6825],[-58.8348,-34.6863],[-58.8603,-34.6849],[-58.8646,-34.6979],[-58.8298,-34.7241],[-58.7707,-34.7615],[-58.7502,-34.7772],[-58.7285,-34.7592],[-58.7039,-34.7785],[-58.682,-34.7595],[-58.6736,-34.7663],[-58.6578,-34.7534],[-58.6754,-34.7393],[-58.655,-34.7223],[-58.6497,-34.7265],[-58.6362,-34.7149],[-58.6431,-34.7096],[-58.641,-34.7045],[-58.656,-34.6954],[-58.6674,-34.6859]]]},"properties":{"id":79,"departamento":"MERLO","cabecera":"MERLO","provincia":"BUENOS AIRES"}},
{"type":"Feature","geometry":{"type":"Polygon","coordinates":[[[-60.2398,-34.8265],[-60.2508,-34.8365],[-60.3037,-34.8813],[-60.2201,-34.9454],[-60.2289,-34.9532],[-60.1228,-35.0327],[-60.1572,-35.0624],[-60.1465,-35.0685],[-60.1309,-35.0826],[-60.1194,-35.0851],[-60.1147,-35.0902],[-60.1033,-35.0873],[-60.0921,-35.0907],[-60.076,-35.0868],[-60.0638,-35.0923],[-60.06,-35.09],[-60.0468,-35.0921],[-60.0385,-35.1036],[-60.0303,-35.1035],[-60.0215,-35.1078],[-60.0061,-35.1156],[-60.0027,-35.1215],[-59.9923,-35.1289],[-59.9741,-35.1323],[-59.9556,-35.1248],[-59.9484,-35.1189],[-59.9301,-35.1163],[-59.8998,-35.1167],[-59.8978,-35.1207],[-59.8846,-35.1302],[-59.8809,-35.1296],[-59.8727,-35.14],[-59.871,-35.1518],[-59.8654,-35.156],[-59.8578,-35.1546],[-59.8354,-35.1584],[-59.8228,-35.1764],[-59.7506,-35.1148],[-59.7013,-35.0747],[-59.6058,-34.9972],[-59.6325,-34.9605],[-59.6612,-34.9387],[-59.6656,-34.9325],[-59.6739,-34.93],[-59.6821,-34.9214],[-59.6887,-34.9089],[-59.7058,-34.8928],[-59.7218,-34.8874],[-59.727,-34.8812],[-59.7502,-34.8739],[-59.7557,-34.8696],[-59.761,-34.8539],[-59.7753,-34.8413],[-59.7811,-34.8439],[-59.7854,-34.8358],[-59.7933,-34.8304],[-59.8103,-34.8065],[-59.79,-34.7882],[-59.9445,-34.6717],[-59.9685,-34.6914],[-59.9816,-34.6759],[-59.9905,-34.6747],[-59.9901,-34.6651],[-59.9951,-34.6619],[-59.9979,-34.6479],[-60.0072,-34.6402],[-60.0635,-34.6905],[-60.1063,-34.6573],[-60.1901,-34.727],[-60.1635,-34.7482],[-60.1773,-34.76],[-60.1669,-34.7731],[-60.1913,-34.7937],[-60.2001,-34.7927],[-60.2398,-34.8265]]]},"properties":{"id":80,"departamento":"CHIVILCOY","cabecera":"CHIVILCOY","provincia":"BUENOS AIRES"}},
{"type":"Feature","geometry":{"type":"Polygon","coordinates":[[[-60.816,-34.7889],[-60.761,-34.833],[-60.7254,-34.8606],[-60.8479,-34.9681],[-60.7547,-35.0408],[-60.873,-35.1435],[-60.8695,-35.1461],[-60.8412,-35.1662],[-60.7505,-35.2367],[-60.628,-35.3331],[-60.5279,-35.4102],[-60.439,-35.333],[-60.3673,-35.2684],[-60.3659,-35.2684],[-60.3225,-35.2296],[-60.3158,-35.2236],[-60.3539,-35.1944],[-60.3386,-35.1806],[-60.3652,-35.16],[-60.3291,-35.1279],[-60.3626,-35.1023],[-60.3668,-35.1058],[-60.3891,-35.0884],[-60.4322,-35.0391],[-60.4398,-35.0342],[-60.4355,-35.0162],[-60.4426,-35.0107],[-60.4606,-35.0083],[-60.4743,-34.9977],[-60.486,-34.9807],[-60.4883,-34.9734],[-60.4735,-34.9485],[-60.476,-34.9408],[-60.4591,-34.9321],[-60.4593,-34.9283],[-60.4513,-34.9187],[-60.4499,-34.9006],[-60.4477,-34.8949],[-60.4509,-34.8851],[-60.4485,-34.8785],[-60.4551,-34.874],[-60.4542,-34.8646],[-60.46,-34.8622],[-60.4711,-34.8569],[-60.4804,-34.8468],[-60.4901,-34.8445],[-60.4916,-34.8399],[-60.5049,-34.8381],[-60.5198,-34.8419],[-60.5286,-34.8411],[-60.5274,-34.83],[-60.533,-34.8246],[-60.5474,-34.8214],[-60.5544,-34.8283],[-60.5703,-34.8214],[-60.5879,-34.8159],[-60.5898,-34.8061],[-60.5968,-34.7991],[-60.6014,-34.7865],[-60.6149,-34.767],[-60.6289,-34.7559],[-60.6251,-34.7436],[-60.6474,-34.728],[-60.6581,-34.7084],[-60.6681,-34.7038],[-60.6833,-34.708],[-60.6869,-34.7067],[-60.681,-34.6837],[-60.6815,-34.6745],[-60.6854,-34.6702],[-60.6832,-34.6599],[-60.7146,-34.6466],[-60.7959,-34.7167],[-60.7648,-34.7407],[-60.7671,-34.7462],[-60.816,-34.7889]]]},"properties":{"id":81,"departamento":"BRAGADO","cabecera":"BRAGADO","provincia":"BUENOS AIRES"}},
{"type":"Feature","geometry":{"type":"Polygon","coordinates":[[[-58.4027,-34.6599],[-58.4123,-34.6587],[-58.4238,-34.6622],[-58.447,-34.6889],[-58.4269,-34.722],[-58.4133,-34.7328],[-58.3862,-34.7371],[-58.372,-34.7413],[-58.3667,-34.7455],[-58.356,-34.74],[-58.3469,-34.7392],[-58.3335,-34.727],[-58.3781,-34.6883],[-58.392,-34.6798],[-58.3948,-34.6724],[-58.4065,-34.6635],[-58.4027,-34.6599]]]},"properties":{"id":82,"departamento":"LANUS","cabecera":"LANUS","provincia":"BUENOS AIRES"}},
{"type":"Feature","geometry":{"type":"Polygon","coordinates":[[[-59.1657,-34.8043],[-59.1986,-34.833],[-59.2194,-34.8522],[-59.1553,-34.9019],[-59.1307,-34.917],[-59.1073,-34.9328],[-59.0706,-34.9617],[-58.9926,-35.0211],[-59.0151,-35.0406],[-58.9595,-35.0846],[-58.9339,-35.1037],[-58.8932,-35.0671],[-58.864,-35.0434],[-58.838,-35.0166],[-58.7775,-34.9651],[-58.7916,-34.9547],[-58.8595,-34.9036],[-58.846,-34.8916],[-58.8806,-34.8654],[-58.9276,-34.8273],[-58.936,-34.818],[-58.9514,-34.8312],[-58.9961,-34.7954],[-59.0338,-34.7669],[-59.0316,-34.7637],[-59.0895,-34.7171],[-59.0913,-34.7192],[-59.1044,-34.7365],[-59.121,-34.7545],[-59.1316,-34.7618],[-59.1558,-34.7953],[-59.1657,-34.8043]]]},"properties":{"id":86,"departamento":"GENERAL LAS HERAS","cabecera":"LAS HERAS","provincia":"BUENOS AIRES"}},
{"type":"Feature","geometry":{"type":"Polygon","coordinates":[[[-58.8649,-34.6825],[-58.8715,-34.6892],[-58.8861,-34.6952],[-58.9051,-34.6986],[-58.9132,-34.6979],[-58.9358,-34.7033],[-58.952,-34.7153],[-58.9564,-34.7253],[-58.9648,-34.7362],[-58.9903,-34.7534],[-59.0032,-34.7636],[-59.0162,-34.7584],[-59.0259,-34.7593],[-59.0316,-34.7637],[-59.0338,-34.7669],[-58.9961,-34.7954],[-58.9514,-34.8312],[-58.936,-34.818],[-58.9276,-34.8273],[-58.8806,-34.8654],[-58.846,-34.8916],[-58.8595,-34.9036],[-58.7916,-34.9547],[-58.7869,-34.9536],[-58.7742,-34.958],[-58.763,-34.9578],[-58.7536,-34.9468],[-58.7511,-34.9406],[-58.739,-34.9365],[-58.7297,-34.9257],[-58.7095,-34.9172],[-58.6933,-34.9118],[-58.7629,-34.8581],[-58.7506,-34.8469],[-58.7745,-34.8284],[-58.7397,-34.8233],[-58.734,-34.8171],[-58.7203,-34.8181],[-58.7071,-34.8111],[-58.7502,-34.7772],[-58.7707,-34.7615],[-58.8298,-34.7241],[-58.8646,-34.6979],[-58.8603,-34.6849],[-58.8649,-34.6825]]]},"properties":{"id":83,"departamento":"MARCOS PAZ","cabecera":"MARCOS PAZ","provincia":"BUENOS AIRES"}},
{"type":"Feature","geometry":{"type":"Polygon","coordinates":[[[-58.3368,-34.7543],[-58.3469,-34.7392],[-58.356,-34.74],[-58.3667,-34.7455],[-58.372,-34.7413],[-58.3862,-34.7371],[-58.4133,-34.7328],[-58.4269,-34.722],[-58.447,-34.6889],[-58.4614,-34.7053],[-58.487,-34.7299],[-58.501,-34.7228],[-58.4306,-34.8172],[-58.4052,-34.8046],[-58.4102,-34.7987],[-58.3587,-34.7714],[-58.362,-34.7674],[-58.3368,-34.7543]]]},"properties":{"id":84,"departamento":"LOMAS DE ZAMORA","cabecera":"LOMAS DE ZAMORA","provincia":"BUENOS AIRES"}},
{"type":"Feature","geometry":{"type":"Polygon","coordinates":[[[-61.1523,-34.7768],[-61.1831,-34.8017],[-61.1279,-34.8468],[-61.1794,-34.8907],[-61.1808,-34.8896],[-61.4205,-35.0872],[-61.3003,-35.1853],[-61.278,-35.1661],[-61.1549,-35.2647],[-61.0618,-35.1872],[-60.9846,-35.247],[-60.8695,-35.1461],[-60.873,-35.1435],[-60.7547,-35.0408],[-60.8479,-34.9681],[-60.7254,-34.8606],[-60.761,-34.833],[-60.816,-34.7889],[-60.8496,-34.7625],[-60.9045,-34.8105],[-61.0483,-34.6919],[-61.1523,-34.7768]]]},"properties":{"id":85,"departamento":"GENERAL VIAMONTE","cabecera":"GENERAL VIAMONTE","provincia":"BUENOS AIRES"}},
{"type":"Feature","geometry":{"type":"Polygon","coordinates":[[[-58.4306,-34.8172],[-58.501,-34.7228],[-58.5047,-34.724],[-58.5127,-34.7399],[-58.5205,-34.7409],[-58.5231,-34.7548],[-58.5246,-34.7792],[-58.5136,-34.8007],[-58.509,-34.8234],[-58.5064,-34.845],[-58.5028,-34.8559],[-58.5023,-34.8697],[-58.5087,-34.9012],[-58.4998,-34.9188],[-58.4915,-34.9283],[-58.4643,-34.908],[-58.4223,-34.886],[-58.4131,-34.8735],[-58.4478,-34.8259],[-58.4306,-34.8172]]]},"properties":{"id":87,"departamento":"ESTEBAN ECHEVERRIA","cabecera":"MONTE GRANDE","provincia":"BUENOS AIRES"}},
{"type":"Feature","geometry":{"type":"Polygon","coordinates":[[[-58.6506,-34.891],[-58.628,-34.9199],[-58.6212,-34.9198],[-58.6116,-34.9266],[-58.599,-34.9429],[-58.6201,-34.961],[-58.5562,-35.0069],[-58.5491,-34.9797],[-58.554,-34.9754],[-58.5333,-34.9595],[-58.5301,-34.9621],[-58.4915,-34.9283],[-58.4998,-34.9188],[-58.5087,-34.9012],[-58.5023,-34.8697],[-58.5028,-34.8559],[-58.5064,-34.845],[-58.509,-34.8234],[-58.5136,-34.8007],[-58.5246,-34.7792],[-58.5231,-34.7548],[-58.5205,-34.7409],[-58.5388,-34.7469],[-58.5359,-34.7554],[-58.5423,-34.7583],[-58.5493,-34.7529],[-58.5567,-34.757],[-58.5659,-34.7571],[-58.5694,-34.7653],[-58.575,-34.7685],[-58.5723,-34.775],[-58.5865,-34.78],[-58.5879,-34.7929],[-58.5998,-34.8111],[-58.6042,-34.8097],[-58.6149,-34.8178],[-58.6247,-34.8437],[-58.6366,-34.8607],[-58.6449,-34.8758],[-58.6458,-34.8856],[-58.6506,-34.891]]]},"properties":{"id":88,"departamento":"EZEIZA","cabecera":"JOSE MARIA EZEIZA","provincia":"BUENOS AIRES"}},
{"type":"Feature","geometry":{"type":"Polygon","coordinates":[[[-60.46,-34.8622],[-60.4542,-34.8646],[-60.4551,-34.874],[-60.4485,-34.8785],[-60.4509,-34.8851],[-60.4477,-34.8949],[-60.4499,-34.9006],[-60.4513,-34.9187],[-60.4593,-34.9283],[-60.4591,-34.9321],[-60.476,-34.9408],[-60.4735,-34.9485],[-60.4883,-34.9734],[-60.486,-34.9807],[-60.4743,-34.9977],[-60.4606,-35.0083],[-60.4426,-35.0107],[-60.4355,-35.0162],[-60.4398,-35.0342],[-60.4322,-35.0391],[-60.3891,-35.0884],[-60.3668,-35.1058],[-60.3626,-35.1023],[-60.3291,-35.1279],[-60.3652,-35.16],[-60.3386,-35.1806],[-60.3539,-35.1944],[-60.3158,-35.2236],[-60.3225,-35.2296],[-60.2508,-35.2838],[-60.2383,-35.2938],[-60.0879,-35.1664],[-60.0498,-35.1317],[-60.0215,-35.1078],[-60.0303,-35.1035],[-60.0385,-35.1036],[-60.0468,-35.0921],[-60.06,-35.09],[-60.0638,-35.0923],[-60.076,-35.0868],[-60.0921,-35.0907],[-60.1033,-35.0873],[-60.1147,-35.0902],[-60.1194,-35.0851],[-60.1309,-35.0826],[-60.1465,-35.0685],[-60.1572,-35.0624],[-60.1228,-35.0327],[-60.2289,-34.9532],[-60.2201,-34.9454],[-60.3037,-34.8813],[-60.2508,-34.8365],[-60.2398,-34.8265],[-60.3223,-34.7621],[-60.3621,-34.7961],[-60.3725,-34.7879],[-60.46,-34.8622]]]},"properties":{"id":90,"departamento":"ALBERTI","cabecera":"ALBERTI","provincia":"BUENOS AIRES"}},
{"type":"Feature","geometry":{"type":"Polygon","coordinates":[[[-58.3125,-34.8748],[-58.2978,-34.8953],[-58.282,-34.9075],[-58.2758,-34.9162],[-58.2946,-34.915],[-58.3166,-34.9259],[-58.2875,-34.9653],[-58.301,-34.972],[-58.2877,-34.9915],[-58.2775,-35.0095],[-58.2695,-35.0012],[-58.2468,-34.987],[-58.2479,-34.9841],[-58.211,-34.9516],[-58.2467,-34.9243],[-58.1798,-34.866],[-58.1908,-34.8372],[-58.1954,-34.8207],[-58.1996,-34.8141],[-58.2252,-34.8064],[-58.2388,-34.8005],[-58.2506,-34.7931],[-58.2675,-34.7736],[-58.2716,-34.7688],[-58.2984,-34.7836],[-58.3008,-34.7978],[-58.3097,-34.7934],[-58.3328,-34.8057],[-58.3225,-34.819],[-58.2924,-34.8549],[-58.3172,-34.8682],[-58.3125,-34.8748]]]},"properties":{"id":91,"departamento":"FLORENCIO VARELA","cabecera":"FLORENCIO VARELA","provincia":"BUENOS AIRES"}},
{"type":"Feature","geometry":{"type":"Polygon","coordinates":[[[-59.4661,-34.873],[-59.4957,-34.8877],[-59.6347,-34.9574],[-59.6325,-34.9605],[-59.6058,-34.9972],[-59.7013,-35.0747],[-59.7506,-35.1148],[-59.8228,-35.1764],[-59.8148,-35.1795],[-59.805,-35.1772],[-59.7972,-35.1831],[-59.7742,-35.1744],[-59.7591,-35.1896],[-59.7619,-35.1952],[-59.7555,-35.1983],[-59.7472,-35.196],[-59.7365,-35.2103],[-59.725,-35.2165],[-59.7214,-35.2221],[-59.7055,-35.2175],[-59.702,-35.2118],[-59.6696,-35.2229],[-59.6657,-35.2116],[-59.6587,-35.2084],[-59.6451,-35.2077],[-59.6383,-35.1984],[-59.6308,-35.1971],[-59.6205,-35.1998],[-59.6126,-35.196],[-59.6028,-35.1869],[-59.5863,-35.1866],[-59.5822,-35.1772],[-59.5739,-35.1776],[-59.5704,-35.1869],[-59.5652,-35.1881],[-59.5432,-35.204],[-59.5484,-35.2131],[-59.5411,-35.2194],[-59.5421,-35.2267],[-59.5497,-35.239],[-59.5544,-35.2426],[-59.5531,-35.2545],[-59.3596,-35.1574],[-59.3447,-35.1477],[-59.2523,-35.0982],[-59.2471,-35.0652],[-59.2214,-35.0849],[-59.1413,-35.0134],[-59.1364,-35.0172],[-59.0706,-34.9617],[-59.1073,-34.9328],[-59.1307,-34.917],[-59.1553,-34.9019],[-59.2194,-34.8522],[-59.1986,-34.833],[-59.1657,-34.8043],[-59.1699,-34.7989],[-59.1939,-34.8113],[-59.2058,-34.7958],[-59.2289,-34.8096],[-59.2793,-34.8345],[-59.2895,-34.8217],[-59.3208,-34.8371],[-59.3168,-34.8429],[-59.3354,-34.8584],[-59.3733,-34.8917],[-59.4086,-34.8427],[-59.458,-34.8676],[-59.4661,-34.873]]]},"properties":{"id":92,"departamento":"NAVARRO","cabecera":"NAVARRO","provincia":"BUENOS AIRES"}},
{"type":"Feature","geometry":{"type":"Polygon","coordinates":[[[-58.6933,-34.9118],[-58.7095,-34.9172],[-58.7297,-34.9257],[-58.739,-34.9365],[-58.7511,-34.9406],[-58.7536,-34.9468],[-58.763,-34.9578],[-58.7742,-34.958],[-58.7869,-34.9536],[-58.7916,-34.9547],[-58.7775,-34.9651],[-58.838,-35.0166],[-58.864,-35.0434],[-58.8932,-35.0671],[-58.9339,-35.1037],[-58.8691,-35.1537],[-58.8947,-35.1762],[-58.8079,-35.2389],[-58.8116,-35.2426],[-58.7709,-35.2739],[-58.748,-35.2541],[-58.7065,-35.2866],[-58.6793,-35.3062],[-58.6989,-35.3242],[-58.7077,-35.3348],[-58.6742,-35.3602],[-58.6644,-35.3541],[-58.5822,-35.4215],[-58.5408,-35.3843],[-58.5435,-35.3821],[-58.5242,-35.3659],[-58.5717,-35.3284],[-58.5475,-35.3064],[-58.469,-35.2377],[-58.4956,-35.2208],[-58.5338,-35.1897],[-58.5369,-35.1921],[-58.559,-35.1736],[-58.5513,-35.1679],[-58.5774,-35.1477],[-58.5777,-35.1018],[-58.5787,-35.0654],[-58.5813,-35.0654],[-58.5996,-35.0499],[-58.5538,-35.0092],[-58.5562,-35.0069],[-58.6201,-34.961],[-58.599,-34.9429],[-58.6116,-34.9266],[-58.6212,-34.9198],[-58.628,-34.9199],[-58.6506,-34.891],[-58.6686,-34.9026],[-58.6933,-34.9118]]]},"properties":{"id":95,"departamento":"CAÑUELAS","cabecera":"CANUELAS","provincia":"BUENOS AIRES"}},
{"type":"Feature","geometry":{"type":"Polygon","coordinates":[[[-58.2775,-35.0095],[-58.2877,-34.9915],[-58.301,-34.972],[-58.2875,-34.9653],[-58.3166,-34.9259],[-58.3765,-34.9548],[-58.3777,-34.9505],[-58.3946,-34.9588],[-58.3897,-34.9658],[-58.4082,-34.9777],[-58.4125,-34.9729],[-58.4223,-34.9817],[-58.4304,-34.978],[-58.4683,-35.0106],[-58.4698,-34.9986],[-58.4676,-34.9862],[-58.4675,-34.9694],[-58.4634,-34.9538],[-58.4655,-34.9483],[-58.4915,-34.9283],[-58.5301,-34.9621],[-58.5333,-34.9595],[-58.554,-34.9754],[-58.5491,-34.9797],[-58.5562,-35.0069],[-58.5538,-35.0092],[-58.5996,-35.0499],[-58.5813,-35.0654],[-58.5787,-35.0654],[-58.5777,-35.1018],[-58.5774,-35.1477],[-58.5513,-35.1679],[-58.559,-35.1736],[-58.5369,-35.1921],[-58.5338,-35.1897],[-58.4956,-35.2208],[-58.469,-35.2377],[-58.4436,-35.2152],[-58.447,-35.2122],[-58.4141,-35.1832],[-58.4101,-35.1865],[-58.3522,-35.1354],[-58.3383,-35.146],[-58.2742,-35.0918],[-58.2359,-35.0561],[-58.2465,-35.0483],[-58.2886,-35.0169],[-58.2775,-35.0095]]]},"properties":{"id":96,"departamento":"SAN VICENTE","cabecera":"SAN VICENTE","provincia":"BUENOS AIRES"}},
{"type":"Feature","geometry":{"type":"Polygon","coordinates":[[[-59.0706,-34.9617],[-59.1364,-35.0172],[-59.1413,-35.0134],[-59.2214,-35.0849],[-59.2471,-35.0652],[-59.2523,-35.0982],[-59.3447,-35.1477],[-59.3596,-35.1574],[-59.5531,-35.2545],[-59.5492,-35.2685],[-59.5365,-35.2807],[-59.5235,-35.2858],[-59.512,-35.2859],[-59.5051,-35.2887],[-59.4918,-35.2896],[-59.4789,-35.2882],[-59.4781,-35.2985],[-59.4678,-35.3062],[-59.4626,-35.298],[-59.4442,-35.3036],[-59.4301,-35.3028],[-59.4278,-35.2979],[-59.4159,-35.301],[-59.4016,-35.294],[-59.3858,-35.2968],[-59.387,-35.3043],[-59.3778,-35.318],[-59.3829,-35.3281],[-59.3787,-35.3345],[-59.3672,-35.3382],[-59.3599,-35.3505],[-59.3537,-35.3497],[-59.3433,-35.3555],[-59.3349,-35.3555],[-59.3216,-35.3594],[-59.3178,-35.3655],[-59.2989,-35.3637],[-59.2873,-35.372],[-59.2775,-35.3742],[-59.2761,-35.3801],[-59.2642,-35.39],[-59.2509,-35.3896],[-59.2434,-35.3917],[-59.2355,-35.3877],[-59.2277,-35.3934],[-59.2158,-35.393],[-59.1992,-35.3962],[-59.1817,-35.4085],[-59.1671,-35.4057],[-59.1624,-35.417],[-59.1508,-35.4247],[-59.1244,-35.4347],[-59.1211,-35.4306],[-59.0585,-35.3745],[-59.0541,-35.3778],[-59.0254,-35.3521],[-59.0064,-35.3661],[-58.979,-35.3413],[-58.9668,-35.3371],[-58.9506,-35.3395],[-58.9468,-35.3347],[-58.936,-35.3331],[-58.9244,-35.3417],[-58.8845,-35.3075],[-58.8116,-35.2426],[-58.8079,-35.2389],[-58.8947,-35.1762],[-58.8691,-35.1537],[-58.9339,-35.1037],[-58.9595,-35.0846],[-59.0151,-35.0406],[-58.9926,-35.0211],[-59.0706,-34.9617]]]},"properties":{"id":97,"departamento":"LOBOS","cabecera":"LOBOS","provincia":"BUENOS AIRES"}},
{"type":"Feature","geometry":{"type":"Polygon","coordinates":[[[-58.2465,-35.0483],[-58.2359,-35.0561],[-58.2742,-35.0918],[-58.3383,-35.146],[-58.3522,-35.1354],[-58.4101,-35.1865],[-58.4141,-35.1832],[-58.447,-35.2122],[-58.4436,-35.2152],[-58.3862,-35.2605],[-58.2478,-35.3648],[-58.2614,-35.3773],[-58.2184,-35.409],[-58.1876,-35.3822],[-58.1549,-35.4083],[-58.1399,-35.4194],[-58.0458,-35.3343],[-58.0362,-35.3436],[-57.8902,-35.2221],[-57.9701,-35.1598],[-58.0189,-35.2024],[-58.0537,-35.2356],[-58.0771,-35.2189],[-58.0185,-35.1675],[-58.0309,-35.1539],[-58.1013,-35.1011],[-58.1096,-35.1085],[-58.1779,-35.0563],[-58.1203,-35.0043],[-58.1619,-34.972],[-58.2465,-35.0483]]]},"properties":{"id":98,"departamento":"BRANDSEN","cabecera":"BRANDSEN","provincia":"BUENOS AIRES"}},
{"type":"Feature","geometry":{"type":"Polygon","coordinates":[[[-61.9063,-35.4857],[-62.0298,-35.3839],[-62.0287,-35.3831],[-62.1492,-35.2837],[-62.1451,-35.2803],[-62.2259,-35.2129],[-62.211,-35.2008],[-62.2704,-35.1518],[-62.2851,-35.1636],[-62.4713,-35.0102],[-62.5484,-35.0736],[-62.6101,-35.0224],[-62.6883,-35.0853],[-62.6572,-35.1109],[-62.6769,-35.1266],[-62.7077,-35.1014],[-62.7459,-35.1328],[-62.7451,-35.1337],[-62.8994,-35.2592],[-62.8639,-35.2884],[-62.8933,-35.3114],[-62.8462,-35.3506],[-62.8729,-35.3714],[-62.8031,-35.4295],[-62.777,-35.4085],[-62.6851,-35.4856],[-62.6929,-35.492],[-62.6229,-35.5503],[-62.4141,-35.7226],[-62.4121,-35.7211],[-62.3367,-35.7833],[-62.0979,-35.5913],[-62.1297,-35.5649],[-62.0496,-35.5014],[-61.9872,-35.5519],[-61.9063,-35.4857]]]},"properties":{"id":99,"departamento":"CARLOS TEJEDOR","cabecera":"CARLOS TEJEDOR","provincia":"BUENOS AIRES"}},
{"type":"Feature","geometry":{"type":"Polygon","coordinates":[[[-59.7753,-35.4783],[-59.7688,-35.4503],[-59.8255,-35.4066],[-59.7559,-35.3462],[-59.7134,-35.3778],[-59.6424,-35.3162],[-59.5853,-35.3597],[-59.5388,-35.319],[-59.5051,-35.2887],[-59.512,-35.2859],[-59.5235,-35.2858],[-59.5365,-35.2807],[-59.5492,-35.2685],[-59.5531,-35.2545],[-59.5544,-35.2426],[-59.5497,-35.239],[-59.5421,-35.2267],[-59.5411,-35.2194],[-59.5484,-35.2131],[-59.5432,-35.204],[-59.5652,-35.1881],[-59.5704,-35.1869],[-59.5739,-35.1776],[-59.5822,-35.1772],[-59.5863,-35.1866],[-59.6028,-35.1869],[-59.6126,-35.196],[-59.6205,-35.1998],[-59.6308,-35.1971],[-59.6383,-35.1984],[-59.6451,-35.2077],[-59.6587,-35.2084],[-59.6657,-35.2116],[-59.6696,-35.2229],[-59.702,-35.2118],[-59.7055,-35.2175],[-59.7214,-35.2221],[-59.725,-35.2165],[-59.7365,-35.2103],[-59.7472,-35.196],[-59.7555,-35.1983],[-59.7619,-35.1952],[-59.7591,-35.1896],[-59.7742,-35.1744],[-59.7972,-35.1831],[-59.805,-35.1772],[-59.8148,-35.1795],[-59.8228,-35.1764],[-59.8354,-35.1584],[-59.8578,-35.1546],[-59.8654,-35.156],[-59.871,-35.1518],[-59.8727,-35.14],[-59.8809,-35.1296],[-59.8846,-35.1302],[-59.8978,-35.1207],[-59.8998,-35.1167],[-59.9301,-35.1163],[-59.9484,-35.1189],[-59.9556,-35.1248],[-59.9741,-35.1323],[-59.9923,-35.1289],[-60.0027,-35.1215],[-60.0061,-35.1156],[-60.0215,-35.1078],[-60.0498,-35.1317],[-60.0879,-35.1664],[-60.2383,-35.2938],[-60.2508,-35.2838],[-60.3225,-35.2296],[-60.3659,-35.2684],[-60.3673,-35.2684],[-60.439,-35.333],[-60.5279,-35.4102],[-60.4444,-35.4746],[-60.6477,-35.6507],[-60.6463,-35.6517],[-60.8682,-35.8395],[-60.7861,-35.9064],[-60.7805,-35.9022],[-60.6963,-35.9681],[-60.6384,-35.9207],[-60.5319,-36.0005],[-60.5255,-35.9916],[-60.5168,-35.9852],[-60.4951,-35.9948],[-60.4853,-35.9904],[-60.4827,-35.9859],[-60.4706,-35.9807],[-60.4621,-35.9722],[-60.4571,-35.9631],[-60.4641,-35.9595],[-60.4616,-35.9495],[-60.4345,-35.9353],[-60.4186,-35.9256],[-60.4183,-35.9218],[-60.4022,-35.9128],[-60.3961,-35.9023],[-60.3869,-35.8961],[-60.3877,-35.8922],[-60.3651,-35.8827],[-60.3577,-35.8828],[-60.3472,-35.8686],[-60.2146,-35.7554],[-60.2196,-35.7516],[-60.1177,-35.6641],[-60.0636,-35.7056],[-60.0428,-35.6956],[-60.0317,-35.6963],[-60.0271,-35.688],[-60.0374,-35.679],[-60.0303,-35.6703],[-60.0251,-35.6693],[-60.0124,-35.6568],[-60.0169,-35.6533],[-60.0318,-35.6577],[-60.035,-35.654],[-60.03,-35.6455],[-60.0304,-35.638],[-60.0384,-35.6225],[-60.0308,-35.6191],[-60.0165,-35.6046],[-60.0109,-35.5964],[-60.009,-35.5803],[-60.0249,-35.5636],[-60.0284,-35.5546],[-60.0189,-35.5462],[-60.0115,-35.5441],[-60.0051,-35.5276],[-59.9952,-35.5285],[-59.9909,-35.5226],[-59.9722,-35.5149],[-59.9665,-35.5089],[-59.9543,-35.5053],[-59.9304,-35.4885],[-59.9135,-35.4861],[-59.908,-35.4814],[-59.8915,-35.4811],[-59.868,-35.4874],[-59.8624,-35.487],[-59.847,-35.4935],[-59.8243,-35.4969],[-59.8071,-35.4926],[-59.7967,-35.4838],[-59.7813,-35.4763],[-59.7753,-35.4783]]]},"properties":{"id":100,"departamento":"25 DE MAYO","cabecera":"25 DE MAYO","provincia":"BUENOS AIRES"}},
{"type":"Feature","geometry":{"type":"Polygon","coordinates":[[[-61.0358,-35.8757],[-60.9708,-35.9261],[-60.8682,-35.8395],[-60.6463,-35.6517],[-60.6477,-35.6507],[-60.4444,-35.4746],[-60.5279,-35.4102],[-60.628,-35.3331],[-60.7505,-35.2367],[-60.8412,-35.1662],[-60.8695,-35.1461],[-60.9846,-35.247],[-61.0618,-35.1872],[-61.1549,-35.2647],[-61.278,-35.1661],[-61.3003,-35.1853],[-61.5318,-35.3784],[-61.468,-35.4299],[-61.469,-35.4308],[-61.2873,-35.5735],[-61.2714,-35.5601],[-61.1879,-35.6274],[-61.1969,-35.6352],[-61.1144,-35.7004],[-61.1152,-35.701],[-61.0318,-35.7658],[-61.1013,-35.8251],[-61.0358,-35.8757]]]},"properties":{"id":101,"departamento":"9 DE JULIO","cabecera":"9 DE JULIO","provincia":"BUENOS AIRES"}},
{"type":"Feature","geometry":{"type":"Polygon","coordinates":[[[-58.4364,-35.7325],[-58.3424,-35.6521],[-58.3329,-35.6351],[-58.2691,-35.5798],[-58.1995,-35.5219],[-58.204,-35.5182],[-58.1526,-35.4727],[-58.1949,-35.4406],[-58.1549,-35.4083],[-58.1876,-35.3822],[-58.2184,-35.409],[-58.2614,-35.3773],[-58.2478,-35.3648],[-58.3862,-35.2605],[-58.4436,-35.2152],[-58.469,-35.2377],[-58.5475,-35.3064],[-58.5717,-35.3284],[-58.5242,-35.3659],[-58.5435,-35.3821],[-58.5408,-35.3843],[-58.5822,-35.4215],[-58.4707,-35.5114],[-58.5225,-35.5549],[-58.5531,-35.5795],[-58.5689,-35.596],[-58.5238,-35.6264],[-58.5001,-35.6451],[-58.5068,-35.6508],[-58.503,-35.6561],[-58.4867,-35.7078],[-58.4752,-35.7062],[-58.4681,-35.6934],[-58.4609,-35.6877],[-58.4429,-35.7014],[-58.4394,-35.7111],[-58.4439,-35.7208],[-58.4364,-35.7325]]]},"properties":{"id":102,"departamento":"GENERAL PAZ","cabecera":"RANCHOS","provincia":"BUENOS AIRES"}},
{"type":"Feature","geometry":{"type":"Polygon","coordinates":[[[-58.4867,-35.7078],[-58.503,-35.6561],[-58.5068,-35.6508],[-58.5001,-35.6451],[-58.5238,-35.6264],[-58.5689,-35.596],[-58.5531,-35.5795],[-58.5225,-35.5549],[-58.4707,-35.5114],[-58.5822,-35.4215],[-58.6644,-35.3541],[-58.6742,-35.3602],[-58.7077,-35.3348],[-58.6989,-35.3242],[-58.6793,-35.3062],[-58.7065,-35.2866],[-58.748,-35.2541],[-58.7709,-35.2739],[-58.8116,-35.2426],[-58.8845,-35.3075],[-58.9244,-35.3417],[-58.936,-35.3331],[-58.9468,-35.3347],[-58.9506,-35.3395],[-58.9668,-35.3371],[-58.979,-35.3413],[-59.0064,-35.3661],[-59.0254,-35.3521],[-59.0541,-35.3778],[-59.0585,-35.3745],[-59.1211,-35.4306],[-59.1094,-35.4283],[-59.101,-35.4341],[-59.0954,-35.4337],[-59.0846,-35.4472],[-59.0651,-35.4503],[-59.0552,-35.4584],[-59.0347,-35.4601],[-59.0342,-35.4683],[-59.0294,-35.4726],[-59.0182,-35.4684],[-59.0135,-35.4835],[-59.0159,-35.4977],[-59.0244,-35.5053],[-59.0309,-35.5217],[-59.0379,-35.5166],[-59.043,-35.5184],[-59.0475,-35.5286],[-59.0491,-35.5521],[-59.0362,-35.5515],[-59.035,-35.5583],[-59.04,-35.5644],[-59.0683,-35.556],[-59.0743,-35.5636],[-59.0632,-35.5769],[-59.0362,-35.576],[-59.0316,-35.5789],[-59.0303,-35.5913],[-59.0249,-35.6015],[-59.014,-35.5999],[-59.0063,-35.5944],[-58.9998,-35.5958],[-58.9873,-35.593],[-58.9775,-35.5883],[-58.9611,-35.6071],[-58.9584,-35.6162],[-58.9479,-35.6228],[-58.9284,-35.6217],[-58.9199,-35.612],[-58.91,-35.6051],[-58.9072,-35.5939],[-58.8992,-35.5909],[-58.8951,-35.595],[-58.8818,-35.5931],[-58.8783,-35.6045],[-58.8838,-35.612],[-58.8847,-35.6239],[-58.8766,-35.6402],[-58.8717,-35.6443],[-58.8567,-35.6503],[-58.8445,-35.6505],[-58.8397,-35.6558],[-58.8358,-35.6664],[-58.8451,-35.6772],[-58.842,-35.6818],[-58.8293,-35.6862],[-58.8056,-35.6897],[-58.7995,-35.6953],[-58.7889,-35.6997],[-58.784,-35.7151],[-58.7778,-35.7241],[-58.7707,-35.7288],[-58.7627,-35.7435],[-58.7657,-35.7545],[-58.7589,-35.757],[-58.7498,-35.7531],[-58.7418,-35.7354],[-58.738,-35.731],[-58.7224,-35.7267],[-58.7171,-35.7219],[-58.7036,-35.7239],[-58.6816,-35.7296],[-58.6714,-35.7298],[-58.6604,-35.7258],[-58.658,-35.734],[-58.6613,-35.7399],[-58.6525,-35.746],[-58.6371,-35.7431],[-58.6333,-35.7495],[-58.6225,-35.7507],[-58.6149,-35.7437],[-58.6071,-35.7416],[-58.5973,-35.7495],[-58.5777,-35.7494],[-58.5586,-35.7446],[-58.5537,-35.7471],[-58.5391,-35.745],[-58.5367,-35.7255],[-58.5258,-35.7224],[-58.5165,-35.7298],[-58.5159,-35.7389],[-58.5111,-35.752],[-58.5009,-35.7531],[-58.495,-35.7453],[-58.4931,-35.7281],[-58.4867,-35.7078]]]},"properties":{"id":103,"departamento":"MONTE","cabecera":"SAN MIGUEL DEL MONTE","provincia":"BUENOS AIRES"}},
{"type":"Feature","geometry":{"type":"Polygon","coordinates":[[[-59.1814,-35.7561],[-59.1759,-35.7411],[-59.1799,-35.7316],[-59.1796,-35.722],[-59.1748,-35.7121],[-59.1666,-35.7064],[-59.1525,-35.7097],[-59.1485,-35.7045],[-59.1316,-35.6973],[-59.1368,-35.6836],[-59.1392,-35.6667],[-59.142,-35.6625],[-59.1418,-35.6539],[-59.1487,-35.6384],[-59.1429,-35.6253],[-59.1245,-35.6193],[-59.103,-35.6219],[-59.0982,-35.6183],[-59.0892,-35.6184],[-59.0799,-35.6145],[-59.0807,-35.6072],[-59.069,-35.6079],[-59.0606,-35.6043],[-59.0467,-35.6135],[-59.0375,-35.6129],[-59.0305,-35.6043],[-59.0303,-35.5913],[-59.0316,-35.5789],[-59.0362,-35.576],[-59.0632,-35.5769],[-59.0743,-35.5636],[-59.0683,-35.556],[-59.04,-35.5644],[-59.035,-35.5583],[-59.0362,-35.5515],[-59.0491,-35.5521],[-59.0475,-35.5286],[-59.043,-35.5184],[-59.0379,-35.5166],[-59.0309,-35.5217],[-59.0244,-35.5053],[-59.0159,-35.4977],[-59.0135,-35.4835],[-59.0182,-35.4684],[-59.0294,-35.4726],[-59.0342,-35.4683],[-59.0347,-35.4601],[-59.0552,-35.4584],[-59.0651,-35.4503],[-59.0846,-35.4472],[-59.0954,-35.4337],[-59.101,-35.4341],[-59.1094,-35.4283],[-59.1211,-35.4306],[-59.1244,-35.4347],[-59.1508,-35.4247],[-59.1624,-35.417],[-59.1671,-35.4057],[-59.1817,-35.4085],[-59.1992,-35.3962],[-59.2158,-35.393],[-59.2277,-35.3934],[-59.2355,-35.3877],[-59.2434,-35.3917],[-59.2509,-35.3896],[-59.2642,-35.39],[-59.2761,-35.3801],[-59.2775,-35.3742],[-59.2873,-35.372],[-59.2989,-35.3637],[-59.3178,-35.3655],[-59.3216,-35.3594],[-59.3349,-35.3555],[-59.3433,-35.3555],[-59.3537,-35.3497],[-59.3599,-35.3505],[-59.3672,-35.3382],[-59.3787,-35.3345],[-59.3829,-35.3281],[-59.3778,-35.318],[-59.387,-35.3043],[-59.3858,-35.2968],[-59.4016,-35.294],[-59.4159,-35.301],[-59.4278,-35.2979],[-59.4301,-35.3028],[-59.4442,-35.3036],[-59.4626,-35.298],[-59.4678,-35.3062],[-59.4781,-35.2985],[-59.4789,-35.2882],[-59.4918,-35.2896],[-59.5051,-35.2887],[-59.5388,-35.319],[-59.5853,-35.3597],[-59.6424,-35.3162],[-59.7134,-35.3778],[-59.7559,-35.3462],[-59.8255,-35.4066],[-59.7688,-35.4503],[-59.7753,-35.4783],[-59.7476,-35.4789],[-59.7407,-35.476],[-59.7286,-35.4761],[-59.719,-35.4732],[-59.7112,-35.4754],[-59.6946,-35.4746],[-59.6907,-35.47],[-59.6698,-35.4698],[-59.6611,-35.4673],[-59.6288,-35.4634],[-59.623,-35.4532],[-59.6156,-35.4581],[-59.601,-35.4621],[-59.5935,-35.4577],[-59.5762,-35.4561],[-59.5712,-35.4597],[-59.558,-35.4591],[-59.5487,-35.4616],[-59.5398,-35.4562],[-59.5209,-35.4598],[-59.516,-35.4725],[-59.5058,-35.476],[-59.4949,-35.4925],[-59.4875,-35.4914],[-59.47,-35.494],[-59.4559,-35.5027],[-59.4383,-35.5103],[-59.4357,-35.5141],[-59.4247,-35.5148],[-59.4161,-35.5208],[-59.4062,-35.5216],[-59.4012,-35.5283],[-59.3856,-35.5325],[-59.3769,-35.5381],[-59.3679,-35.5377],[-59.3501,-35.5293],[-59.4129,-35.586],[-59.3688,-35.6196],[-59.3679,-35.6188],[-59.33,-35.6467],[-59.3256,-35.643],[-59.1814,-35.7561]]]},"properties":{"id":104,"departamento":"ROQUE PEREZ","cabecera":"ROQUE PEREZ","provincia":"BUENOS AIRES"}},
{"type":"Feature","geometry":{"type":"Polygon","coordinates":[[[-60.2146,-35.7554],[-60.3472,-35.8686],[-60.3577,-35.8828],[-60.3651,-35.8827],[-60.3877,-35.8922],[-60.3869,-35.8961],[-60.3961,-35.9023],[-60.4022,-35.9128],[-60.4183,-35.9218],[-60.4186,-35.9256],[-60.4345,-35.9353],[-60.4616,-35.9495],[-60.4641,-35.9595],[-60.4571,-35.9631],[-60.4621,-35.9722],[-60.4706,-35.9807],[-60.4827,-35.9859],[-60.4853,-35.9904],[-60.4951,-35.9948],[-60.5168,-35.9852],[-60.5255,-35.9916],[-60.5319,-36.0005],[-60.5422,-36.0065],[-60.5537,-36.0228],[-60.5726,-36.0283],[-60.5725,-36.0375],[-60.5878,-36.0595],[-60.598,-36.0706],[-60.616,-36.0814],[-60.6128,-36.0916],[-60.6257,-36.0957],[-60.6311,-36.1058],[-60.641,-36.1128],[-60.6591,-36.1177],[-60.6797,-36.1249],[-60.6881,-36.1348],[-60.6996,-36.1357],[-60.5652,-36.2355],[-60.5239,-36.2141],[-60.4403,-36.2723],[-60.4392,-36.2712],[-60.3593,-36.3265],[-60.2967,-36.2672],[-60.2456,-36.3029],[-60.0907,-36.1611],[-59.9667,-36.2486],[-59.9628,-36.2405],[-59.9629,-36.222],[-59.9479,-36.2017],[-59.8385,-36.1113],[-59.8585,-36.0953],[-59.7965,-36.0438],[-59.718,-36.1054],[-59.6776,-36.0711],[-59.6732,-36.0747],[-59.614,-36.0238],[-59.5929,-36.0402],[-59.5526,-36.0071],[-59.5167,-35.9764],[-59.7002,-35.8321],[-59.7192,-35.8349],[-59.7408,-35.8343],[-59.7536,-35.8356],[-59.7559,-35.8396],[-59.7682,-35.8414],[-59.7719,-35.8462],[-59.7924,-35.8408],[-59.8075,-35.8462],[-59.8111,-35.8525],[-59.8202,-35.8484],[-59.8307,-35.8473],[-59.8399,-35.852],[-59.8434,-35.8581],[-59.8726,-35.8771],[-59.8687,-35.8844],[-59.871,-35.8942],[-59.8804,-35.9023],[-59.8863,-35.9119],[-60.0565,-35.7799],[-60.1191,-35.8331],[-60.2146,-35.7554]]]},"properties":{"id":111,"departamento":"GENERAL ALVEAR","cabecera":"GENERAL ALVEAR","provincia":"BUENOS AIRES"}},
{"type":"Feature","geometry":{"type":"Polygon","coordinates":[[[-58.3097,-34.7934],[-58.3008,-34.7978],[-58.2984,-34.7836],[-58.2716,-34.7688],[-58.2675,-34.7736],[-58.195,-34.7357],[-58.2118,-34.7171],[-58.2348,-34.7021],[-58.2796,-34.6789],[-58.3012,-34.6973],[-58.3335,-34.727],[-58.3469,-34.7392],[-58.3368,-34.7543],[-58.3266,-34.7678],[-58.3097,-34.7934]]]},"properties":{"id":165,"departamento":"QUILMES","cabecera":"QUILMES","provincia":"BUENOS AIRES"}},
{"type":"Feature","geometry":{"type":"Polygon","coordinates":[[[-58.7083,-36.017],[-58.7503,-36.052],[-58.8092,-36.1003],[-58.8094,-36.1058],[-58.82,-36.1102],[-58.8283,-36.1105],[-58.8302,-36.1203],[-58.8358,-36.1234],[-58.8369,-36.1371],[-58.8411,-36.1417],[-58.8154,-36.1619],[-58.8198,-36.1657],[-58.7636,-36.208],[-58.7833,-36.2255],[-58.7507,-36.2503],[-58.6778,-36.3037],[-58.597,-36.3634],[-58.5784,-36.3473],[-58.4376,-36.452],[-58.2126,-36.6153],[-58.1345,-36.544],[-58.1247,-36.5361],[-58.1014,-36.5214],[-58.1897,-36.4524],[-58.0604,-36.3393],[-58.0024,-36.2899],[-57.9887,-36.2777],[-57.9727,-36.2637],[-57.9604,-36.2527],[-58.0775,-36.1664],[-58.0935,-36.1546],[-58.0526,-36.1181],[-58.0412,-36.1263],[-57.9669,-36.0648],[-58.0005,-36.0447],[-58.005,-36.0419],[-58.0117,-36.0425],[-58.0157,-36.037],[-58.0259,-36.0318],[-58.0279,-36.0216],[-58.0326,-36.0151],[-58.0291,-36.0112],[-58.0346,-36.0031],[-58.0271,-35.9947],[-58.0214,-35.9773],[-58.008,-35.9585],[-58.0143,-35.95],[-58.0366,-35.9498],[-58.0457,-35.9445],[-58.0682,-35.9519],[-58.0816,-35.9503],[-58.0834,-35.95],[-58.0922,-35.9368],[-58.1068,-35.9377],[-58.1097,-35.9299],[-58.1024,-35.9224],[-58.1113,-35.9179],[-58.1196,-35.9186],[-58.1327,-35.9115],[-58.1377,-35.9052],[-58.1365,-35.8948],[-58.1459,-35.8897],[-58.1476,-35.8824],[-58.1427,-35.879],[-58.1468,-35.8672],[-58.1504,-35.8645],[-58.1687,-35.8677],[-58.1822,-35.8647],[-58.189,-35.8604],[-58.1894,-35.8535],[-58.1998,-35.8448],[-58.204,-35.8379],[-58.2011,-35.8308],[-58.2052,-35.8261],[-58.219,-35.8215],[-58.2196,-35.821],[-58.2275,-35.8275],[-58.2426,-35.8237],[-58.2439,-35.8227],[-58.2496,-35.819],[-58.2635,-35.8225],[-58.2693,-35.8373],[-58.2761,-35.8456],[-58.2713,-35.8555],[-58.2833,-35.86],[-58.3295,-35.8994],[-58.3795,-35.9454],[-58.5072,-36.0619],[-58.5722,-36.1207],[-58.7083,-36.017]]]},"properties":{"id":112,"departamento":"PILA","cabecera":"PILA","provincia":"BUENOS AIRES"}},
{"type":"Feature","geometry":{"type":"Polygon","coordinates":[[[-61.4226,-36.8639],[-61.4506,-36.8857],[-61.4528,-36.8837],[-61.5984,-36.9974],[-61.6034,-36.9933],[-61.7346,-37.0929],[-61.7351,-37.1092],[-61.7247,-37.1228],[-61.727,-37.1296],[-61.7168,-37.1373],[-61.7251,-37.156],[-61.7143,-37.1683],[-61.7107,-37.2011],[-61.7057,-37.2061],[-61.7023,-37.2157],[-61.7106,-37.2262],[-61.7126,-37.2374],[-61.7199,-37.2386],[-61.7178,-37.2469],[-61.7251,-37.2555],[-61.7322,-37.2564],[-61.7439,-37.272],[-61.7431,-37.2792],[-61.7501,-37.3039],[-61.5367,-37.4833],[-61.5966,-37.5295],[-61.597,-37.5305],[-61.4887,-37.6189],[-61.5005,-37.6286],[-61.5382,-37.6564],[-61.4424,-37.735],[-61.5007,-37.779],[-61.6056,-37.8618],[-61.509,-37.9389],[-61.3723,-37.8332],[-61.2509,-37.7373],[-61.1785,-37.6797],[-61.0705,-37.5958],[-61.0648,-37.5999],[-61.0007,-37.5483],[-60.8782,-37.451],[-60.9772,-37.3691],[-60.8915,-37.3023],[-61.0119,-37.203],[-61.4226,-36.8639]]]},"properties":{"id":129,"departamento":"GENERAL LA MADRID","cabecera":"GENERAL LA MADRID","provincia":"BUENOS AIRES"}},
{"type":"Feature","geometry":{"type":"Polygon","coordinates":[[[-61.2695,-36.0706],[-61.3457,-36.1352],[-61.3493,-36.1324],[-61.3781,-36.1567],[-61.3748,-36.1596],[-61.4397,-36.2143],[-61.4057,-36.2417],[-61.7242,-36.4942],[-61.6921,-36.5204],[-61.6982,-36.5251],[-61.6852,-36.536],[-61.6774,-36.5297],[-61.6493,-36.5531],[-61.6419,-36.5494],[-61.6168,-36.5699],[-61.6638,-36.6069],[-61.4973,-36.7439],[-61.3679,-36.6413],[-61.2546,-36.7345],[-60.8973,-36.4503],[-60.9293,-36.4247],[-60.866,-36.3721],[-60.9058,-36.3416],[-60.8921,-36.3389],[-60.86,-36.3226],[-60.8558,-36.3123],[-60.8487,-36.3088],[-60.836,-36.2847],[-60.8252,-36.2777],[-60.8254,-36.27],[-60.8206,-36.2667],[-60.8185,-36.2581],[-60.8057,-36.253],[-60.8047,-36.244],[-60.7985,-36.2302],[-60.8082,-36.2228],[-60.8108,-36.2099],[-60.8035,-36.2057],[-60.7767,-36.1826],[-60.7803,-36.1759],[-60.7724,-36.1698],[-60.7598,-36.1558],[-60.748,-36.1547],[-60.7408,-36.1503],[-60.7292,-36.1377],[-60.7205,-36.135],[-60.712,-36.1368],[-60.6996,-36.1357],[-60.6881,-36.1348],[-60.6797,-36.1249],[-60.6591,-36.1177],[-60.641,-36.1128],[-60.6311,-36.1058],[-60.6257,-36.0957],[-60.6128,-36.0916],[-60.616,-36.0814],[-60.598,-36.0706],[-60.5878,-36.0595],[-60.5725,-36.0375],[-60.5726,-36.0283],[-60.5537,-36.0228],[-60.5422,-36.0065],[-60.5319,-36.0005],[-60.6384,-35.9207],[-60.6963,-35.9681],[-60.7805,-35.9022],[-60.7861,-35.9064],[-60.8682,-35.8395],[-60.9708,-35.9261],[-61.0358,-35.8757],[-61.2695,-36.0706]]]},"properties":{"id":113,"departamento":"BOLIVAR","cabecera":"SAN CARLOS DE BOLIVAR","provincia":"BUENOS AIRES"}},
{"type":"Feature","geometry":{"type":"Polygon","coordinates":[[[-58.0956,-37.437],[-58.1636,-37.3882],[-58.2824,-37.4921],[-58.3546,-37.4394],[-58.4268,-37.5007],[-58.5775,-37.3835],[-58.6114,-37.4105],[-58.6471,-37.4389],[-58.7168,-37.5014],[-58.746,-37.5263],[-58.809,-37.578],[-58.7363,-37.637],[-58.734,-37.6378],[-58.6532,-37.6995],[-58.6252,-37.7172],[-58.5074,-37.8057],[-58.5907,-37.8778],[-58.5227,-37.9279],[-58.5245,-37.9299],[-58.4557,-37.9784],[-58.458,-37.9804],[-58.3289,-38.074],[-58.2557,-38.1298],[-58.0998,-37.9997],[-58.0471,-37.9557],[-58.0005,-37.9168],[-57.873,-37.8128],[-57.8366,-37.7833],[-57.828,-37.7753],[-57.7408,-37.703],[-57.736,-37.6995],[-57.7342,-37.698],[-57.7747,-37.6682],[-57.967,-37.5295],[-57.9733,-37.5254],[-58.0956,-37.437]]]},"properties":{"id":134,"departamento":"BALCARCE","cabecera":"BALCARCE","provincia":"BUENOS AIRES"}},
{"type":"Feature","geometry":{"type":"Polygon","coordinates":[[[-58.5099,-34.5692],[-58.5008,-34.5495],[-58.4635,-34.5334],[-58.4628,-34.5268],[-58.4699,-34.5186],[-58.4684,-34.5133],[-58.4767,-34.5068],[-58.4803,-34.4887],[-58.481,-34.4904],[-58.5313,-34.5131],[-58.5387,-34.5173],[-58.5538,-34.5302],[-58.5377,-34.5442],[-58.5298,-34.5373],[-58.5246,-34.5505],[-58.5099,-34.5692]]]},"properties":{"id":166,"departamento":"VICENTE LOPEZ","cabecera":"OLIVOS","provincia":"BUENOS AIRES"}},
{"type":"Feature","geometry":{"type":"Polygon","coordinates":[[[-59.5526,-36.0071],[-59.5929,-36.0402],[-59.614,-36.0238],[-59.6732,-36.0747],[-59.6776,-36.0711],[-59.718,-36.1054],[-59.7965,-36.0438],[-59.8585,-36.0953],[-59.8385,-36.1113],[-59.9479,-36.2017],[-59.9629,-36.222],[-59.9628,-36.2405],[-59.9667,-36.2486],[-60.0907,-36.1611],[-60.2456,-36.3029],[-60.2967,-36.2672],[-60.3593,-36.3265],[-60.4392,-36.2712],[-60.4403,-36.2723],[-60.5239,-36.2141],[-60.5652,-36.2355],[-60.6996,-36.1357],[-60.712,-36.1368],[-60.7205,-36.135],[-60.7292,-36.1377],[-60.7408,-36.1503],[-60.748,-36.1547],[-60.7598,-36.1558],[-60.7724,-36.1698],[-60.7803,-36.1759],[-60.7767,-36.1826],[-60.8035,-36.2057],[-60.8108,-36.2099],[-60.8082,-36.2228],[-60.7985,-36.2302],[-60.8047,-36.244],[-60.8057,-36.253],[-60.8185,-36.2581],[-60.8206,-36.2667],[-60.8254,-36.27],[-60.8252,-36.2777],[-60.836,-36.2847],[-60.8487,-36.3088],[-60.8558,-36.3123],[-60.86,-36.3226],[-60.8921,-36.3389],[-60.9058,-36.3416],[-60.866,-36.3721],[-60.9293,-36.4247],[-60.8973,-36.4503],[-60.8757,-36.468],[-60.7632,-36.378],[-60.7305,-36.4036],[-60.6512,-36.3423],[-60.57,-36.3967],[-60.5638,-36.3909],[-60.5341,-36.4116],[-60.54,-36.416],[-60.4387,-36.498],[-60.4783,-36.5294],[-60.3219,-36.6563],[-60.2804,-36.6233],[-60.1612,-36.7184],[-60.149,-36.707],[-60.1392,-36.6894],[-60.1421,-36.6827],[-60.1355,-36.6741],[-60.0578,-36.7325],[-59.9987,-36.6827],[-60.0018,-36.6807],[-59.9195,-36.6144],[-60.0258,-36.5298],[-59.9848,-36.4949],[-59.9708,-36.5007],[-59.9309,-36.4667],[-59.9329,-36.4649],[-59.9137,-36.4482],[-59.9181,-36.4448],[-59.897,-36.4279],[-59.8992,-36.4261],[-59.8792,-36.4089],[-59.8808,-36.4076],[-59.8602,-36.3909],[-59.8619,-36.3893],[-59.843,-36.372],[-59.8408,-36.3735],[-59.8232,-36.3589],[-59.8174,-36.3629],[-59.7274,-36.2879],[-59.6341,-36.3589],[-59.541,-36.2779],[-59.546,-36.2748],[-59.4868,-36.2261],[-59.3824,-36.1353],[-59.5526,-36.0071]]]},"properties":{"id":114,"departamento":"TAPALQUE","cabecera":"TAPLQUEN","provincia":"BUENOS AIRES"}},
{"type":"Feature","geometry":{"type":"Polygon","coordinates":[[[-61.4351,-36.039],[-61.4501,-36.0517],[-61.4913,-36.0193],[-61.5966,-36.1072],[-61.6162,-36.0917],[-61.6349,-36.1076],[-61.639,-36.1044],[-61.6569,-36.1195],[-61.6605,-36.1166],[-61.6888,-36.1404],[-61.7026,-36.1295],[-61.742,-36.1623],[-61.772,-36.1385],[-61.8075,-36.1669],[-61.8113,-36.164],[-61.9453,-36.269],[-61.9215,-36.2886],[-61.9446,-36.3068],[-61.9391,-36.3113],[-61.9552,-36.3192],[-61.9744,-36.3336],[-62.0149,-36.3006],[-62.0479,-36.3263],[-62.0022,-36.3666],[-62.0015,-36.3661],[-61.9551,-36.4044],[-61.9382,-36.3912],[-61.9291,-36.3988],[-61.913,-36.3849],[-61.86,-36.4289],[-61.8699,-36.4365],[-61.7634,-36.5251],[-61.7242,-36.4942],[-61.4057,-36.2417],[-61.4397,-36.2143],[-61.3748,-36.1596],[-61.3781,-36.1567],[-61.3493,-36.1324],[-61.3457,-36.1352],[-61.2695,-36.0706],[-61.333,-36.0208],[-61.393,-36.072],[-61.4351,-36.039]]]},"properties":{"id":115,"departamento":"HIPOLITO YRIGOYEN","cabecera":"HENDERSON","provincia":"BUENOS AIRES"}},
{"type":"Feature","geometry":{"type":"Polygon","coordinates":[[[-57.661,-36.7232],[-57.655,-36.7277],[-57.5798,-36.6615],[-57.4947,-36.5811],[-57.4658,-36.5704],[-57.4007,-36.5125],[-57.4451,-36.479],[-57.422,-36.4601],[-57.4011,-36.4155],[-57.3675,-36.3873],[-57.3442,-36.3654],[-57.4734,-36.3402],[-57.4192,-36.1572],[-57.531,-36.1351],[-57.5289,-36.1281],[-57.6452,-36.1075],[-57.6514,-36.1305],[-57.649,-36.1311],[-57.6551,-36.1536],[-57.6575,-36.1533],[-57.6717,-36.203],[-57.7505,-36.1861],[-57.7847,-36.1775],[-57.8159,-36.2788],[-57.8723,-36.2673],[-57.8838,-36.3022],[-57.965,-36.27],[-57.9727,-36.2637],[-57.9887,-36.2777],[-57.9155,-36.333],[-57.7757,-36.4376],[-57.8112,-36.4677],[-57.7782,-36.4928],[-57.8486,-36.5552],[-57.7633,-36.6244],[-57.7764,-36.6348],[-57.661,-36.7232]]]},"properties":{"id":116,"departamento":"DOLORES","cabecera":"DOLORES","provincia":"BUENOS AIRES"}},
{"type":"Feature","geometry":{"type":"Polygon","coordinates":[[[-59.2897,-36.374],[-59.2296,-36.4209],[-59.2501,-36.4373],[-59.1905,-36.4833],[-59.2027,-36.4933],[-59.138,-36.5424],[-59.1955,-36.5906],[-59.2197,-36.5723],[-59.2212,-36.5815],[-59.2272,-36.5918],[-59.2202,-36.5979],[-59.2272,-36.6035],[-59.2257,-36.6108],[-59.2326,-36.6239],[-59.2402,-36.6259],[-59.2463,-36.6428],[-59.2558,-36.6459],[-59.2568,-36.6559],[-59.2545,-36.6642],[-59.2644,-36.6959],[-59.2625,-36.701],[-59.2651,-36.7186],[-59.272,-36.7259],[-59.2787,-36.7419],[-59.2768,-36.7466],[-59.2811,-36.7548],[-59.2805,-36.7634],[-59.2904,-36.7728],[-59.2956,-36.781],[-59.3112,-36.7896],[-59.3196,-36.7979],[-59.332,-36.8049],[-59.3473,-36.8173],[-59.3481,-36.8304],[-59.3537,-36.833],[-59.3597,-36.8445],[-59.2654,-36.9164],[-59.2111,-36.9562],[-59.22,-36.9636],[-59.2016,-36.9763],[-59.1399,-37.0232],[-59.0898,-37.0626],[-59.085,-37.0542],[-59.0675,-37.0441],[-59.0454,-37.0266],[-59.0379,-37.0157],[-59.0377,-37.0027],[-59.028,-36.991],[-59.0295,-36.9784],[-59.0199,-36.9602],[-59.0051,-36.9459],[-58.9939,-36.9466],[-58.976,-36.9419],[-58.9676,-36.943],[-58.9615,-36.9382],[-58.9424,-36.9344],[-58.9294,-36.9175],[-58.9303,-36.9115],[-58.9185,-36.9097],[-58.9102,-36.8932],[-58.9127,-36.8856],[-58.91,-36.8755],[-58.8986,-36.8729],[-58.8861,-36.8654],[-58.8807,-36.8587],[-58.8737,-36.8584],[-58.8737,-36.8465],[-58.8655,-36.8381],[-58.8593,-36.8387],[-58.8507,-36.832],[-58.8358,-36.8364],[-58.8263,-36.8261],[-58.8165,-36.8233],[-58.809,-36.8159],[-58.7944,-36.8058],[-58.7949,-36.7961],[-58.7867,-36.7899],[-58.7476,-36.7727],[-58.7337,-36.7682],[-58.7332,-36.7637],[-58.7192,-36.7524],[-58.7045,-36.7511],[-58.6937,-36.7421],[-58.6851,-36.74],[-58.6751,-36.7442],[-58.6665,-36.7426],[-58.7208,-36.7002],[-58.4376,-36.452],[-58.5784,-36.3473],[-58.597,-36.3634],[-58.6778,-36.3037],[-58.7507,-36.2503],[-58.7833,-36.2255],[-58.7636,-36.208],[-58.8198,-36.1657],[-58.8154,-36.1619],[-58.8411,-36.1417],[-58.849,-36.1463],[-58.8648,-36.1476],[-58.8721,-36.152],[-58.8803,-36.1504],[-58.8936,-36.1595],[-58.9014,-36.1588],[-58.917,-36.1717],[-58.9313,-36.1771],[-58.941,-36.1777],[-58.9569,-36.1878],[-58.9958,-36.2034],[-59.0059,-36.2063],[-59.0228,-36.2147],[-59.0491,-36.2188],[-59.0615,-36.2181],[-59.0702,-36.2213],[-59.0834,-36.2379],[-59.094,-36.2394],[-59.1026,-36.2467],[-59.0986,-36.2534],[-59.1022,-36.2599],[-59.1003,-36.271],[-59.1294,-36.2858],[-59.1333,-36.2835],[-59.1445,-36.2886],[-59.1557,-36.2897],[-59.1708,-36.2968],[-59.1742,-36.3041],[-59.184,-36.3073],[-59.192,-36.3136],[-59.2181,-36.3212],[-59.2245,-36.3299],[-59.2411,-36.3441],[-59.25,-36.3469],[-59.2739,-36.3605],[-59.2791,-36.37],[-59.2897,-36.374]]]},"properties":{"id":117,"departamento":"RAUCH","cabecera":"RAUCH","provincia":"BUENOS AIRES"}},
{"type":"Feature","geometry":{"type":"Polygon","coordinates":[[[-59.4868,-36.2261],[-59.546,-36.2748],[-59.541,-36.2779],[-59.6341,-36.3589],[-59.7274,-36.2879],[-59.8174,-36.3629],[-59.8232,-36.3589],[-59.8408,-36.3735],[-59.843,-36.372],[-59.8619,-36.3893],[-59.8602,-36.3909],[-59.8808,-36.4076],[-59.8792,-36.4089],[-59.8992,-36.4261],[-59.897,-36.4279],[-59.9181,-36.4448],[-59.9137,-36.4482],[-59.9329,-36.4649],[-59.9309,-36.4667],[-59.9708,-36.5007],[-59.9848,-36.4949],[-60.0258,-36.5298],[-59.9195,-36.6144],[-60.0018,-36.6807],[-59.9987,-36.6827],[-60.0578,-36.7325],[-60.1355,-36.6741],[-60.1421,-36.6827],[-60.1392,-36.6894],[-60.149,-36.707],[-60.1612,-36.7184],[-60.0998,-36.768],[-60.0936,-36.7626],[-60.002,-36.8338],[-60.0216,-36.8513],[-60.008,-36.8623],[-60.0283,-36.8785],[-60.0126,-36.8899],[-60.0326,-36.9066],[-60.0229,-36.9137],[-60.0432,-36.9321],[-60.0401,-36.9343],[-60.0598,-36.9508],[-60.0657,-36.9464],[-60.1049,-36.9783],[-60.0956,-36.9883],[-60.116,-37.0054],[-60.1018,-37.0161],[-60.1223,-37.0331],[-60.1136,-37.0399],[-60.1342,-37.0567],[-60.1263,-37.0624],[-60.1463,-37.0799],[-60.1263,-37.0951],[-60.1472,-37.1117],[-60.1441,-37.1142],[-60.1658,-37.1331],[-60.2073,-37.1716],[-60.2008,-37.1766],[-59.9876,-37.3395],[-60.0373,-37.3799],[-59.9533,-37.4471],[-59.8607,-37.3708],[-59.8805,-37.3554],[-59.827,-37.3115],[-59.8201,-37.2876],[-59.8176,-37.2696],[-59.8076,-37.2518],[-59.7804,-37.2378],[-59.7693,-37.2372],[-59.7554,-37.2329],[-59.7375,-37.2336],[-59.7164,-37.2254],[-59.7063,-37.2173],[-59.7001,-37.2159],[-59.6879,-37.2019],[-59.6755,-37.1947],[-59.6731,-37.1856],[-59.6638,-37.178],[-59.6483,-37.1733],[-59.6417,-37.1734],[-59.6319,-37.1639],[-59.6301,-37.1571],[-59.6202,-37.1524],[-59.5955,-37.1351],[-59.5865,-37.132],[-59.5825,-37.1128],[-59.5719,-37.1051],[-59.5682,-37.0979],[-59.5524,-37.0941],[-59.5428,-37.0809],[-59.5216,-37.0823],[-59.5098,-37.0672],[-59.502,-37.0626],[-59.4797,-37.0358],[-59.4566,-37.024],[-59.4428,-37.0246],[-59.4351,-37.0167],[-59.4317,-36.9968],[-59.417,-36.9894],[-59.414,-36.9791],[-59.408,-36.9723],[-59.3982,-36.9665],[-59.3926,-36.9454],[-59.3854,-36.9413],[-59.3706,-36.9163],[-59.369,-36.9052],[-59.3598,-36.8966],[-59.361,-36.8913],[-59.3564,-36.8786],[-59.3593,-36.8633],[-59.3649,-36.8503],[-59.3597,-36.8445],[-59.3537,-36.833],[-59.3481,-36.8304],[-59.3473,-36.8173],[-59.332,-36.8049],[-59.3196,-36.7979],[-59.3112,-36.7896],[-59.2956,-36.781],[-59.2904,-36.7728],[-59.2805,-36.7634],[-59.2811,-36.7548],[-59.2768,-36.7466],[-59.2787,-36.7419],[-59.272,-36.7259],[-59.2651,-36.7186],[-59.2625,-36.701],[-59.2644,-36.6959],[-59.2545,-36.6642],[-59.2568,-36.6559],[-59.2558,-36.6459],[-59.2463,-36.6428],[-59.2402,-36.6259],[-59.2326,-36.6239],[-59.2257,-36.6108],[-59.2272,-36.6035],[-59.2202,-36.5979],[-59.2272,-36.5918],[-59.2212,-36.5815],[-59.2197,-36.5723],[-59.1955,-36.5906],[-59.138,-36.5424],[-59.2027,-36.4933],[-59.1905,-36.4833],[-59.2501,-36.4373],[-59.2296,-36.4209],[-59.2897,-36.374],[-59.293,-36.3742],[-59.4868,-36.2261]]]},"properties":{"id":118,"departamento":"AZUL","cabecera":"AZUL","provincia":"BUENOS AIRES"}},
{"type":"Feature","geometry":{"type":"Polygon","coordinates":[[[-62.2051,-36.2491],[-62.3479,-36.3599],[-62.3498,-36.3606],[-62.4737,-36.4567],[-62.4117,-36.5091],[-62.3845,-36.4885],[-62.2221,-36.6248],[-62.2488,-36.6457],[-62.2014,-36.6846],[-62.1747,-36.6638],[-62.1505,-36.6833],[-62.1522,-36.6849],[-61.9992,-36.8117],[-61.9948,-36.8187],[-62.0164,-36.8209],[-62.017,-36.8282],[-62.007,-36.8468],[-61.9966,-36.8533],[-62.0076,-36.8593],[-61.946,-36.913],[-61.9487,-36.9155],[-61.9132,-36.9476],[-61.9114,-36.9483],[-61.8596,-36.9926],[-61.7781,-36.9303],[-61.7598,-36.9462],[-61.7072,-36.9075],[-61.6034,-36.9933],[-61.5984,-36.9974],[-61.4528,-36.8837],[-61.4506,-36.8857],[-61.4226,-36.8639],[-61.386,-36.8353],[-61.3842,-36.8368],[-61.2546,-36.7345],[-61.3679,-36.6413],[-61.4973,-36.7439],[-61.6638,-36.6069],[-61.6168,-36.5699],[-61.6419,-36.5494],[-61.6493,-36.5531],[-61.6774,-36.5297],[-61.6852,-36.536],[-61.6982,-36.5251],[-61.6921,-36.5204],[-61.7242,-36.4942],[-61.7634,-36.5251],[-61.8699,-36.4365],[-61.86,-36.4289],[-61.913,-36.3849],[-61.9291,-36.3988],[-61.9382,-36.3912],[-61.9551,-36.4044],[-62.0015,-36.3661],[-62.0022,-36.3666],[-62.0479,-36.3263],[-62.0497,-36.3233],[-62.0935,-36.2866],[-62.0947,-36.2877],[-62.1447,-36.2455],[-62.1783,-36.2719],[-62.2051,-36.2491]]]},"properties":{"id":119,"departamento":"DAIREAUX","cabecera":"DAIREAUX","provincia":"BUENOS AIRES"}},
{"type":"Feature","geometry":{"type":"Polygon","coordinates":[[[-62.9392,-36.2485],[-62.979,-36.2802],[-62.9593,-36.2962],[-62.9997,-36.3283],[-63.0398,-36.3592],[-63.0281,-36.3688],[-63.0679,-36.3995],[-63.0485,-36.4155],[-63.1274,-36.4794],[-62.8161,-36.7319],[-62.7393,-36.6664],[-62.6065,-36.5614],[-62.626,-36.5015],[-62.9392,-36.2485]]]},"properties":{"id":120,"departamento":"TRES LOMAS","cabecera":"TRES LOMAS","provincia":"BUENOS AIRES"}},
{"type":"Feature","geometry":{"type":"Polygon","coordinates":[[[-58.2126,-36.6153],[-58.4376,-36.452],[-58.7208,-36.7002],[-58.6665,-36.7426],[-58.6751,-36.7442],[-58.6851,-36.74],[-58.6937,-36.7421],[-58.7045,-36.7511],[-58.7192,-36.7524],[-58.7332,-36.7637],[-58.7337,-36.7682],[-58.7476,-36.7727],[-58.7867,-36.7899],[-58.7949,-36.7961],[-58.7944,-36.8058],[-58.809,-36.8159],[-58.8165,-36.8233],[-58.8263,-36.8261],[-58.8358,-36.8364],[-58.8507,-36.832],[-58.8593,-36.8387],[-58.8655,-36.8381],[-58.8737,-36.8465],[-58.8737,-36.8584],[-58.8807,-36.8587],[-58.8861,-36.8654],[-58.8986,-36.8729],[-58.91,-36.8755],[-58.9127,-36.8856],[-58.9102,-36.8932],[-58.9185,-36.9097],[-58.9303,-36.9115],[-58.9294,-36.9175],[-58.9424,-36.9344],[-58.9615,-36.9382],[-58.9676,-36.943],[-58.976,-36.9419],[-58.9939,-36.9466],[-59.0051,-36.9459],[-59.0199,-36.9602],[-59.0295,-36.9784],[-59.028,-36.991],[-59.0377,-37.0027],[-59.0379,-37.0157],[-59.0454,-37.0266],[-59.0675,-37.0441],[-59.085,-37.0542],[-59.0898,-37.0626],[-58.9894,-37.1364],[-58.9829,-37.1311],[-58.6961,-37.3464],[-58.6954,-37.3462],[-58.6114,-37.4105],[-58.5775,-37.3835],[-58.4268,-37.5007],[-58.3546,-37.4394],[-58.2824,-37.4921],[-58.1636,-37.3882],[-58.0956,-37.437],[-57.9947,-37.3435],[-57.9658,-37.316],[-57.8497,-37.2102],[-57.7696,-37.1361],[-57.9443,-37.0076],[-58.0203,-37.0768],[-58.0767,-37.0347],[-58.1756,-36.9637],[-58.1748,-36.9629],[-58.2863,-36.8809],[-58.1289,-36.7443],[-58.1144,-36.728],[-58.1486,-36.6936],[-58.2262,-36.6279],[-58.2126,-36.6153]]]},"properties":{"id":123,"departamento":"AYACUCHO","cabecera":"AYACUCHO","provincia":"BUENOS AIRES"}},
{"type":"Feature","geometry":{"type":"Polygon","coordinates":[[[-62.6065,-36.5614],[-62.7393,-36.6664],[-62.8161,-36.7319],[-62.9702,-36.8629],[-62.915,-36.9077],[-62.8526,-36.9588],[-62.7769,-37.0192],[-62.6474,-37.1231],[-62.6375,-37.1212],[-62.6031,-37.0977],[-62.5939,-37.1021],[-62.5827,-37.1155],[-62.5727,-37.1232],[-62.5576,-37.1492],[-62.5504,-37.1539],[-62.5239,-37.1794],[-62.5141,-37.193],[-62.5102,-37.2186],[-62.5095,-37.2343],[-62.5383,-37.2572],[-62.4255,-37.3484],[-62.2115,-37.1804],[-62.2029,-37.1869],[-61.9758,-37.0172],[-61.94,-37.0482],[-61.9379,-37.0467],[-61.916,-37.0665],[-61.9121,-37.0624],[-61.8754,-37.0344],[-61.8909,-37.0215],[-61.8567,-36.9953],[-61.8596,-36.9926],[-61.9114,-36.9483],[-61.9132,-36.9476],[-61.9487,-36.9155],[-61.946,-36.913],[-62.0076,-36.8593],[-61.9966,-36.8533],[-62.007,-36.8468],[-62.017,-36.8282],[-62.0164,-36.8209],[-61.9948,-36.8187],[-61.9992,-36.8117],[-62.1522,-36.6849],[-62.1505,-36.6833],[-62.1747,-36.6638],[-62.2014,-36.6846],[-62.2488,-36.6457],[-62.2221,-36.6248],[-62.3845,-36.4885],[-62.4117,-36.5091],[-62.4737,-36.4567],[-62.6065,-36.5614]]]},"properties":{"id":124,"departamento":"GUAMINI","cabecera":"GUAMINI","provincia":"BUENOS AIRES"}},
{"type":"Feature","geometry":{"type":"Polygon","coordinates":[[[-63.1274,-36.4794],[-63.2825,-36.6077],[-63.186,-36.6875],[-63.0395,-36.8077],[-62.9702,-36.8629],[-62.8161,-36.7319],[-63.1274,-36.4794]]]},"properties":{"id":125,"departamento":"SALLIQUELO","cabecera":"SALLIQUELLO","provincia":"BUENOS AIRES"}},
{"type":"Feature","geometry":{"type":"Polygon","coordinates":[[[-57.6755,-37.2023],[-57.5429,-37.2983],[-57.5421,-37.2978],[-57.4911,-37.3339],[-57.4525,-37.3604],[-57.3668,-37.4208],[-57.218,-37.5279],[-57.1681,-37.482],[-57.0602,-37.3328],[-57.0607,-37.3304],[-57.0323,-37.2957],[-57.0268,-37.2858],[-57.0139,-37.2736],[-56.9964,-37.2488],[-56.9936,-37.2411],[-57.0433,-37.2357],[-57.0425,-37.2313],[-56.9915,-37.237],[-56.9735,-37.2097],[-56.9668,-37.204],[-56.9501,-37.1842],[-56.9412,-37.1738],[-56.931,-37.1581],[-56.9125,-37.1405],[-56.9054,-37.1259],[-56.887,-37.1019],[-56.8392,-37.0477],[-56.8346,-37.0387],[-56.8267,-37.0324],[-56.8213,-37.0242],[-56.9012,-36.9988],[-56.9047,-37.002],[-56.9163,-36.9982],[-56.9249,-36.9986],[-56.9336,-36.9953],[-56.9344,-36.995],[-56.9472,-36.9938],[-56.9551,-36.9892],[-56.946,-36.9773],[-56.9489,-36.9658],[-56.9425,-36.9583],[-56.9493,-36.956],[-56.9613,-36.957],[-56.9667,-36.953],[-56.9846,-36.9496],[-56.9876,-36.9339],[-56.9826,-36.9173],[-56.9806,-36.904],[-56.9882,-36.9014],[-56.9889,-36.9013],[-56.9946,-36.901],[-57.0006,-36.907],[-57.0058,-36.905],[-56.9928,-36.8936],[-56.9965,-36.8803],[-56.9978,-36.8621],[-57.0895,-36.8278],[-57.0935,-36.8351],[-57.1064,-36.8358],[-57.1759,-36.7845],[-57.2331,-36.7886],[-57.2276,-36.8623],[-57.2236,-36.9088],[-57.2628,-36.9078],[-57.3222,-36.9103],[-57.318,-36.9508],[-57.3051,-37.0033],[-57.4937,-37.017],[-57.4876,-37.1045],[-57.5674,-37.105],[-57.5819,-37.1173],[-57.6755,-37.2023]]]},"properties":{"id":127,"departamento":"GENERAL JUAN MADARIAGA","cabecera":"GENERAL JUAN MADARIAGA","provincia":"BUENOS AIRES"}},
{"type":"Feature","geometry":{"type":"Polygon","coordinates":[[[-57.932,-34.9035],[-57.9007,-34.8748],[-57.8881,-34.8506],[-57.8769,-34.829],[-57.8757,-34.8271],[-57.88,-34.8289],[-57.8951,-34.828],[-57.9209,-34.8308],[-57.9255,-34.8329],[-57.942,-34.8321],[-57.9554,-34.8276],[-57.9831,-34.8062],[-57.9881,-34.7995],[-58.0046,-34.7849],[-58.0169,-34.7803],[-58.0838,-34.835],[-57.9992,-34.8721],[-57.9908,-34.8798],[-57.9839,-34.8806],[-57.9744,-34.8723],[-57.932,-34.9035]]]},"properties":{"id":147,"departamento":"ENSENADA","cabecera":"ENSENADA","provincia":"BUENOS AIRES"}},
{"type":"Feature","geometry":{"type":"Polygon","coordinates":[[[-58.0838,-34.835],[-58.0169,-34.7803],[-58.0246,-34.7784],[-58.0518,-34.7768],[-58.0721,-34.7706],[-58.1006,-34.7564],[-58.1169,-34.7506],[-58.1656,-34.7476],[-58.1875,-34.7403],[-58.195,-34.7357],[-58.2675,-34.7736],[-58.2506,-34.7931],[-58.2388,-34.8005],[-58.2252,-34.8064],[-58.1996,-34.8141],[-58.1954,-34.8207],[-58.1908,-34.8372],[-58.1798,-34.866],[-58.2467,-34.9243],[-58.211,-34.9516],[-58.2038,-34.9452],[-58.2081,-34.9418],[-58.1468,-34.8883],[-58.1443,-34.8844],[-58.0838,-34.835]]]},"properties":{"id":148,"departamento":"BERAZATEGUI","cabecera":"BERAZATEGUI","provincia":"BUENOS AIRES"}},
{"type":"Feature","geometry":{"type":"Polygon","coordinates":[[[-58.6114,-37.4105],[-58.6954,-37.3462],[-58.6961,-37.3464],[-58.9829,-37.1311],[-58.9894,-37.1364],[-59.0898,-37.0626],[-59.1399,-37.0232],[-59.2016,-36.9763],[-59.22,-36.9636],[-59.2111,-36.9562],[-59.2654,-36.9164],[-59.3597,-36.8445],[-59.3649,-36.8503],[-59.3593,-36.8633],[-59.3564,-36.8786],[-59.361,-36.8913],[-59.3598,-36.8966],[-59.369,-36.9052],[-59.3706,-36.9163],[-59.3854,-36.9413],[-59.3926,-36.9454],[-59.3982,-36.9665],[-59.408,-36.9723],[-59.414,-36.9791],[-59.417,-36.9894],[-59.4317,-36.9968],[-59.4351,-37.0167],[-59.4428,-37.0246],[-59.4566,-37.024],[-59.4797,-37.0358],[-59.502,-37.0626],[-59.5098,-37.0672],[-59.5216,-37.0823],[-59.5428,-37.0809],[-59.5524,-37.0941],[-59.5682,-37.0979],[-59.5719,-37.1051],[-59.5825,-37.1128],[-59.5865,-37.132],[-59.5955,-37.1351],[-59.6202,-37.1524],[-59.6301,-37.1571],[-59.6319,-37.1639],[-59.6417,-37.1734],[-59.6483,-37.1733],[-59.6638,-37.178],[-59.6731,-37.1856],[-59.6755,-37.1947],[-59.6879,-37.2019],[-59.7001,-37.2159],[-59.7063,-37.2173],[-59.7164,-37.2254],[-59.7375,-37.2336],[-59.7554,-37.2329],[-59.7693,-37.2372],[-59.7804,-37.2378],[-59.2262,-37.6504],[-59.1848,-37.6164],[-59.1765,-37.6235],[-59.1661,-37.6277],[-59.1575,-37.6384],[-59.1561,-37.6507],[-59.1523,-37.6595],[-59.1614,-37.6727],[-59.1685,-37.6974],[-59.1679,-37.7143],[-59.1644,-37.725],[-59.1649,-37.7375],[-59.1569,-37.7468],[-59.1481,-37.7452],[-59.1325,-37.7628],[-59.1309,-37.7649],[-59.1282,-37.7797],[-59.1151,-37.7901],[-59.1162,-37.8012],[-59.111,-37.8045],[-59.109,-37.8145],[-59.1136,-37.8179],[-59.1108,-37.8262],[-59.03,-37.7599],[-58.809,-37.578],[-58.746,-37.5263],[-58.7168,-37.5014],[-58.6471,-37.4389],[-58.6114,-37.4105]]]},"properties":{"id":128,"departamento":"TANDIL","cabecera":"TANDIL","provincia":"BUENOS AIRES"}},
{"type":"Feature","geometry":{"type":"Polygon","coordinates":[[[-61.6034,-36.9933],[-61.7072,-36.9075],[-61.7598,-36.9462],[-61.7781,-36.9303],[-61.8596,-36.9926],[-61.8567,-36.9953],[-61.8909,-37.0215],[-61.8754,-37.0344],[-61.9121,-37.0624],[-61.916,-37.0665],[-61.9379,-37.0467],[-61.94,-37.0482],[-61.9758,-37.0172],[-62.2029,-37.1869],[-62.2115,-37.1804],[-62.4255,-37.3484],[-62.0441,-37.7526],[-62.0669,-37.833],[-62.0917,-37.9127],[-62.095,-37.9149],[-62.0934,-37.9254],[-62.0986,-37.9344],[-61.9806,-38.0247],[-61.9552,-38.0163],[-61.9472,-38.0182],[-61.9264,-38.0104],[-61.9158,-38.0099],[-61.9022,-38.0173],[-61.898,-38.0261],[-61.8839,-38.0344],[-61.8742,-38.0323],[-61.8648,-38.0457],[-61.8565,-38.0539],[-61.8411,-38.0588],[-61.8385,-38.0672],[-61.8267,-38.071],[-61.8206,-38.0757],[-61.8218,-38.087],[-61.8186,-38.0962],[-61.8054,-38.1033],[-61.7964,-38.1152],[-61.7973,-38.1259],[-61.7933,-38.1362],[-61.7763,-38.1407],[-61.7803,-38.1455],[-61.7836,-38.1583],[-61.7769,-38.1607],[-61.7759,-38.162],[-61.7735,-38.1702],[-61.7668,-38.1723],[-61.6632,-38.0908],[-61.6834,-38.0741],[-61.5877,-37.9996],[-61.509,-37.9389],[-61.6056,-37.8618],[-61.5007,-37.779],[-61.4424,-37.735],[-61.5382,-37.6564],[-61.5005,-37.6286],[-61.4887,-37.6189],[-61.597,-37.5305],[-61.5966,-37.5295],[-61.5367,-37.4833],[-61.7501,-37.3039],[-61.7431,-37.2792],[-61.7439,-37.272],[-61.7322,-37.2564],[-61.7251,-37.2555],[-61.7178,-37.2469],[-61.7199,-37.2386],[-61.7126,-37.2374],[-61.7106,-37.2262],[-61.7023,-37.2157],[-61.7057,-37.2061],[-61.7107,-37.2011],[-61.7143,-37.1683],[-61.7251,-37.156],[-61.7168,-37.1373],[-61.727,-37.1296],[-61.7247,-37.1228],[-61.7351,-37.1092],[-61.7346,-37.0929],[-61.6034,-36.9933]]]},"properties":{"id":130,"departamento":"CORONEL SUAREZ","cabecera":"CORONEL SUAREZ","provincia":"BUENOS AIRES"}},
{"type":"Feature","geometry":{"type":"Polygon","coordinates":[[[-61.0119,-37.203],[-60.8915,-37.3023],[-60.9772,-37.3691],[-60.8782,-37.451],[-61.0007,-37.5483],[-61.0648,-37.5999],[-61.0705,-37.5958],[-61.1785,-37.6797],[-61.0007,-37.823],[-60.9877,-37.8328],[-60.8527,-37.9396],[-60.8464,-37.9346],[-60.6538,-37.7822],[-60.644,-37.7899],[-60.5555,-37.7209],[-60.582,-37.7009],[-60.4525,-37.6012],[-60.4666,-37.5894],[-60.3495,-37.4961],[-60.5019,-37.373],[-60.4707,-37.3488],[-60.5714,-37.2676],[-60.5764,-37.2715],[-60.627,-37.2304],[-60.6228,-37.227],[-60.7314,-37.1389],[-60.717,-37.1276],[-60.8148,-37.0503],[-61.0119,-37.203]]]},"properties":{"id":131,"departamento":"LAPRIDA","cabecera":"LAPRIDA","provincia":"BUENOS AIRES"}},
{"type":"Feature","geometry":{"type":"Polygon","coordinates":[[[-58.3335,-34.727],[-58.3012,-34.6973],[-58.2796,-34.6789],[-58.3169,-34.6578],[-58.3327,-34.6441],[-58.3343,-34.6344],[-58.3452,-34.6323],[-58.3571,-34.6394],[-58.3566,-34.6445],[-58.3684,-34.6511],[-58.3741,-34.6572],[-58.3852,-34.6582],[-58.3917,-34.6626],[-58.4027,-34.6599],[-58.4065,-34.6635],[-58.3948,-34.6724],[-58.392,-34.6798],[-58.3781,-34.6883],[-58.3335,-34.727]]]},"properties":{"id":149,"departamento":"AVELLANEDA","cabecera":"AVELLANEDA","provincia":"BUENOS AIRES"}},
{"type":"Feature","geometry":{"type":"Polygon","coordinates":[[[-58.5538,-34.5302],[-58.5387,-34.5173],[-58.5313,-34.5131],[-58.481,-34.4904],[-58.4803,-34.4887],[-58.4816,-34.4799],[-58.4927,-34.4699],[-58.5082,-34.4465],[-58.5144,-34.4459],[-58.5174,-34.4472],[-58.5363,-34.457],[-58.5848,-34.4801],[-58.6,-34.4894],[-58.6003,-34.49],[-58.5538,-34.5302]]]},"properties":{"id":150,"departamento":"SAN ISIDRO","cabecera":"SAN ISIDRO","provincia":"BUENOS AIRES"}},
{"type":"Feature","geometry":{"type":"Polygon","coordinates":[[[-60.4707,-37.3488],[-60.5019,-37.373],[-60.3495,-37.4961],[-60.4666,-37.5894],[-60.4525,-37.6012],[-60.378,-37.6619],[-60.4238,-37.6972],[-60.3232,-37.7771],[-60.2614,-37.7275],[-60.257,-37.7334],[-60.1454,-37.8176],[-60.1391,-37.8127],[-60.0872,-37.8515],[-60.059,-37.8285],[-60.0196,-37.8599],[-59.9364,-37.7947],[-59.9203,-37.8087],[-59.9116,-37.813],[-59.8913,-37.8285],[-59.8749,-37.8377],[-59.8561,-37.8522],[-59.8423,-37.8612],[-59.8358,-37.8632],[-59.8259,-37.8714],[-59.8138,-37.877],[-59.7934,-37.8978],[-59.7832,-37.9031],[-59.7543,-37.9132],[-59.748,-37.9285],[-59.7429,-37.9294],[-59.738,-37.9383],[-59.7284,-37.9439],[-59.7175,-37.9561],[-59.7026,-37.9629],[-59.696,-37.9705],[-59.673,-37.9794],[-59.6722,-37.9879],[-59.6762,-37.9998],[-59.3697,-37.758],[-59.35,-37.745],[-59.3403,-37.7338],[-59.3245,-37.7278],[-59.3144,-37.7209],[-59.3068,-37.7204],[-59.2834,-37.7032],[-59.2755,-37.6999],[-59.2551,-37.6821],[-59.2537,-37.6745],[-59.2262,-37.6504],[-59.7804,-37.2378],[-59.8076,-37.2518],[-59.8176,-37.2696],[-59.8201,-37.2876],[-59.827,-37.3115],[-59.8805,-37.3554],[-59.8607,-37.3708],[-59.9533,-37.4471],[-60.0373,-37.3799],[-59.9876,-37.3395],[-60.2008,-37.1766],[-60.2822,-37.2441],[-60.2776,-37.2478],[-60.4376,-37.3751],[-60.4707,-37.3488]]]},"properties":{"id":132,"departamento":"BENITO JUAREZ","cabecera":"BENITO JUAREZ","provincia":"BUENOS AIRES"}},
{"type":"Feature","geometry":{"type":"Polygon","coordinates":[[[-62.4255,-37.3484],[-62.6295,-37.51],[-62.5812,-37.549],[-62.6627,-37.6124],[-62.6619,-37.613],[-62.7486,-37.6815],[-62.7344,-37.6927],[-62.8952,-37.8191],[-62.7354,-37.9477],[-62.5748,-38.0754],[-62.4901,-38.0084],[-62.4884,-38.0133],[-62.4682,-38.0499],[-62.4749,-38.0678],[-62.4635,-38.0722],[-62.4397,-38.0559],[-62.3478,-38.1352],[-62.3352,-38.1231],[-62.3351,-38.1112],[-62.3158,-38.0991],[-62.3102,-38.0933],[-62.2853,-38.09],[-62.276,-38.0842],[-62.2715,-38.0767],[-62.2569,-38.0592],[-62.2566,-38.0525],[-62.2476,-38.0465],[-62.2453,-38.0406],[-62.2327,-38.035],[-62.222,-38.0271],[-62.2104,-38.0249],[-62.2023,-38.0172],[-62.1977,-38.0079],[-62.1721,-37.9957],[-62.1559,-37.9741],[-62.1514,-37.9616],[-62.1319,-37.9565],[-62.1134,-37.9417],[-62.1089,-37.9427],[-62.0986,-37.9344],[-62.0934,-37.9254],[-62.095,-37.9149],[-62.0917,-37.9127],[-62.0669,-37.833],[-62.0441,-37.7526],[-62.4255,-37.3484]]]},"properties":{"id":133,"departamento":"SAAVEDRA","cabecera":"PIGE","provincia":"BUENOS AIRES"}},
{"type":"Feature","geometry":{"type":"Polygon","coordinates":[[[-60.8464,-37.9346],[-60.7644,-37.9995],[-60.7449,-38.0158],[-60.7598,-38.028],[-60.7505,-38.0357],[-60.6841,-38.0873],[-60.5494,-38.1919],[-60.4424,-38.1065],[-60.4633,-38.0898],[-60.3704,-38.0163],[-60.1695,-38.1784],[-60.0371,-38.2806],[-59.8867,-38.1568],[-59.881,-38.1626],[-59.8746,-38.1773],[-59.8638,-38.1863],[-59.8617,-38.1954],[-59.8539,-38.1966],[-59.8483,-38.2039],[-59.8449,-38.2171],[-59.8441,-38.2184],[-59.835,-38.2313],[-59.795,-38.1972],[-59.7774,-38.2104],[-59.7548,-38.1908],[-59.7896,-38.1646],[-59.7785,-38.1552],[-59.7897,-38.1469],[-59.6418,-38.0238],[-59.6492,-38.0219],[-59.6582,-38.0151],[-59.6617,-38.0089],[-59.6762,-37.9998],[-59.6722,-37.9879],[-59.673,-37.9794],[-59.696,-37.9705],[-59.7026,-37.9629],[-59.7175,-37.9561],[-59.7284,-37.9439],[-59.738,-37.9383],[-59.7429,-37.9294],[-59.748,-37.9285],[-59.7543,-37.9132],[-59.7832,-37.9031],[-59.7934,-37.8978],[-59.8138,-37.877],[-59.8259,-37.8714],[-59.8358,-37.8632],[-59.8423,-37.8612],[-59.8561,-37.8522],[-59.8749,-37.8377],[-59.8913,-37.8285],[-59.9116,-37.813],[-59.9203,-37.8087],[-59.9364,-37.7947],[-60.0196,-37.8599],[-60.059,-37.8285],[-60.0872,-37.8515],[-60.1391,-37.8127],[-60.1454,-37.8176],[-60.257,-37.7334],[-60.2614,-37.7275],[-60.3232,-37.7771],[-60.4238,-37.6972],[-60.378,-37.6619],[-60.4525,-37.6012],[-60.582,-37.7009],[-60.5555,-37.7209],[-60.644,-37.7899],[-60.6538,-37.7822],[-60.8464,-37.9346]]]},"properties":{"id":135,"departamento":"ADOLFO GONZALES CHAVES","cabecera":"GONZALES CHAVES","provincia":"BUENOS AIRES"}},
{"type":"Feature","geometry":{"type":"Polygon","coordinates":[[[-61.509,-37.9389],[-61.5877,-37.9996],[-61.6834,-38.0741],[-61.6632,-38.0908],[-61.7668,-38.1723],[-61.7614,-38.1769],[-61.764,-38.1844],[-61.7601,-38.1922],[-61.7715,-38.194],[-61.7535,-38.2024],[-61.7536,-38.2073],[-61.7442,-38.2109],[-61.7377,-38.2188],[-61.7409,-38.2231],[-61.7373,-38.2306],[-61.7291,-38.2382],[-61.7297,-38.2439],[-61.7118,-38.2639],[-61.7113,-38.2706],[-61.7039,-38.2744],[-61.6977,-38.2849],[-61.7035,-38.2891],[-61.7178,-38.2865],[-61.7166,-38.2955],[-61.7274,-38.3263],[-61.734,-38.3367],[-61.7408,-38.3428],[-61.7389,-38.3561],[-61.7511,-38.3622],[-61.7511,-38.3771],[-61.7569,-38.3829],[-61.7504,-38.3911],[-61.7442,-38.4066],[-61.7486,-38.4089],[-61.7556,-38.4205],[-61.7658,-38.4231],[-61.7679,-38.4318],[-61.7822,-38.4373],[-61.7808,-38.4484],[-61.7846,-38.4563],[-61.7817,-38.4598],[-61.7874,-38.4827],[-61.7858,-38.4931],[-61.7903,-38.5018],[-61.7868,-38.5223],[-61.7954,-38.5286],[-61.7908,-38.5381],[-61.7835,-38.5419],[-61.7814,-38.55],[-61.7838,-38.5586],[-61.776,-38.5716],[-61.7794,-38.5764],[-61.7752,-38.5819],[-61.7608,-38.5919],[-61.7486,-38.597],[-61.7533,-38.6021],[-61.7542,-38.6154],[-61.7508,-38.624],[-61.7432,-38.6271],[-61.7404,-38.6384],[-61.7277,-38.645],[-61.7296,-38.6591],[-61.645,-38.5918],[-61.6486,-38.5892],[-61.5931,-38.5436],[-61.5877,-38.5478],[-61.5266,-38.5004],[-61.5151,-38.5088],[-61.4739,-38.4757],[-61.4659,-38.483],[-61.3295,-38.3754],[-61.319,-38.3918],[-61.2509,-38.3371],[-61.245,-38.334],[-61.1895,-38.2913],[-61.1675,-38.2925],[-61.1582,-38.3],[-61.1352,-38.3056],[-61.1286,-38.3033],[-61.1041,-38.2998],[-61.0983,-38.2959],[-61.077,-38.2935],[-61.0525,-38.2984],[-61.0407,-38.2976],[-61.008,-38.3085],[-60.9882,-38.3117],[-60.9842,-38.3198],[-60.975,-38.3261],[-60.965,-38.3277],[-60.9407,-38.3501],[-60.9141,-38.36],[-60.9064,-38.3648],[-60.8848,-38.3703],[-60.8818,-38.3758],[-60.849,-38.3963],[-60.8395,-38.4065],[-60.7446,-38.333],[-60.7418,-38.3304],[-60.7343,-38.3165],[-60.7345,-38.2999],[-60.7377,-38.2881],[-60.7415,-38.2848],[-60.7463,-38.2653],[-60.7406,-38.2477],[-60.7473,-38.2317],[-60.7402,-38.2231],[-60.725,-38.2234],[-60.7202,-38.2155],[-60.722,-38.208],[-60.7289,-38.1987],[-60.7303,-38.1913],[-60.7217,-38.173],[-60.7223,-38.1564],[-60.7299,-38.1473],[-60.7297,-38.1298],[-60.724,-38.1164],[-60.7052,-38.116],[-60.6852,-38.0926],[-60.6841,-38.0873],[-60.7505,-38.0357],[-60.7598,-38.028],[-60.7449,-38.0158],[-60.7644,-37.9995],[-60.8464,-37.9346],[-60.8527,-37.9396],[-60.9877,-37.8328],[-61.0007,-37.823],[-61.1785,-37.6797],[-61.2509,-37.7373],[-61.3723,-37.8332],[-61.509,-37.9389]]]},"properties":{"id":136,"departamento":"CORONEL PRINGLES","cabecera":"CORONEL PRINGLES","provincia":"BUENOS AIRES"}},
{"type":"Feature","geometry":{"type":"Polygon","coordinates":[[[-62.0986,-37.9344],[-62.1089,-37.9427],[-62.1134,-37.9417],[-62.1319,-37.9565],[-62.1514,-37.9616],[-62.1559,-37.9741],[-62.1721,-37.9957],[-62.1977,-38.0079],[-62.2023,-38.0172],[-62.2104,-38.0249],[-62.222,-38.0271],[-62.2327,-38.035],[-62.2453,-38.0406],[-62.2476,-38.0465],[-62.2566,-38.0525],[-62.2569,-38.0592],[-62.2715,-38.0767],[-62.276,-38.0842],[-62.2853,-38.09],[-62.3102,-38.0933],[-62.3158,-38.0991],[-62.3351,-38.1112],[-62.3352,-38.1231],[-62.3478,-38.1352],[-62.4397,-38.0559],[-62.4635,-38.0722],[-62.4749,-38.0678],[-62.4682,-38.0499],[-62.4884,-38.0133],[-62.4901,-38.0084],[-62.5748,-38.0754],[-62.7354,-37.9477],[-62.8126,-38.0082],[-62.6555,-38.1389],[-62.7371,-38.2024],[-62.6558,-38.2666],[-62.9002,-38.4558],[-62.7382,-38.5855],[-62.6492,-38.5152],[-62.6449,-38.5316],[-62.6322,-38.5482],[-62.6259,-38.5641],[-62.6229,-38.5777],[-62.6151,-38.5922],[-62.3873,-38.4083],[-62.3425,-38.4421],[-62.2408,-38.3602],[-62.2243,-38.3729],[-62.2307,-38.3782],[-62.2098,-38.3948],[-62.2283,-38.4101],[-62.2078,-38.4263],[-62.219,-38.4352],[-62.198,-38.4522],[-62.0842,-38.3625],[-62.043,-38.3941],[-62.0406,-38.3922],[-62.0191,-38.4087],[-62.0211,-38.4106],[-61.9997,-38.4266],[-62.0108,-38.4357],[-61.9896,-38.4519],[-61.9395,-38.4107],[-61.9371,-38.419],[-61.9314,-38.4214],[-61.9336,-38.4284],[-61.9263,-38.4523],[-61.8934,-38.4259],[-61.8282,-38.4741],[-61.7964,-38.4474],[-61.7846,-38.4563],[-61.7808,-38.4484],[-61.7822,-38.4373],[-61.7679,-38.4318],[-61.7658,-38.4231],[-61.7556,-38.4205],[-61.7486,-38.4089],[-61.7442,-38.4066],[-61.7504,-38.3911],[-61.7569,-38.3829],[-61.7511,-38.3771],[-61.7511,-38.3622],[-61.7389,-38.3561],[-61.7408,-38.3428],[-61.734,-38.3367],[-61.7274,-38.3263],[-61.7166,-38.2955],[-61.7178,-38.2865],[-61.7035,-38.2891],[-61.6977,-38.2849],[-61.7039,-38.2744],[-61.7113,-38.2706],[-61.7118,-38.2639],[-61.7297,-38.2439],[-61.7291,-38.2382],[-61.7373,-38.2306],[-61.7409,-38.2231],[-61.7377,-38.2188],[-61.7442,-38.2109],[-61.7536,-38.2073],[-61.7535,-38.2024],[-61.7715,-38.194],[-61.7601,-38.1922],[-61.764,-38.1844],[-61.7614,-38.1769],[-61.7668,-38.1723],[-61.7735,-38.1702],[-61.7759,-38.162],[-61.7769,-38.1607],[-61.7836,-38.1583],[-61.7803,-38.1455],[-61.7763,-38.1407],[-61.7933,-38.1362],[-61.7973,-38.1259],[-61.7964,-38.1152],[-61.8054,-38.1033],[-61.8186,-38.0962],[-61.8218,-38.087],[-61.8206,-38.0757],[-61.8267,-38.071],[-61.8385,-38.0672],[-61.8411,-38.0588],[-61.8565,-38.0539],[-61.8648,-38.0457],[-61.8742,-38.0323],[-61.8839,-38.0344],[-61.898,-38.0261],[-61.9022,-38.0173],[-61.9158,-38.0099],[-61.9264,-38.0104],[-61.9472,-38.0182],[-61.9552,-38.0163],[-61.9806,-38.0247],[-62.0986,-37.9344]]]},"properties":{"id":137,"departamento":"TORNQUIST","cabecera":"TORNQUIST","provincia":"BUENOS AIRES"}},
{"type":"Feature","geometry":{"type":"Polygon","coordinates":[[[-58.7056,-34.4393],[-58.6781,-34.4746],[-58.6459,-34.5019],[-58.6062,-34.5344],[-58.6014,-34.5211],[-58.603,-34.5124],[-58.5984,-34.4987],[-58.6003,-34.49],[-58.6,-34.4894],[-58.6063,-34.481],[-58.5986,-34.4717],[-58.5989,-34.4638],[-58.5948,-34.4603],[-58.5954,-34.4484],[-58.5805,-34.4451],[-58.5605,-34.4297],[-58.5548,-34.4279],[-58.5424,-34.4328],[-58.54,-34.4362],[-58.5174,-34.4472],[-58.5144,-34.4459],[-58.5136,-34.4383],[-58.5088,-34.4291],[-58.5115,-34.4187],[-58.5025,-34.4198],[-58.5054,-34.4079],[-58.4963,-34.4076],[-58.4865,-34.3953],[-58.4829,-34.3846],[-58.4729,-34.3822],[-58.4659,-34.3856],[-58.4596,-34.3772],[-58.472,-34.3603],[-58.485,-34.3346],[-58.5037,-34.3144],[-58.5104,-34.3088],[-58.5101,-34.3037],[-58.5227,-34.299],[-58.5453,-34.2996],[-58.5836,-34.2819],[-58.6134,-34.2725],[-58.6483,-34.2662],[-58.654,-34.2716],[-58.6611,-34.2911],[-58.6786,-34.3431],[-58.6861,-34.3513],[-58.6903,-34.347],[-58.719,-34.3618],[-58.7211,-34.3646],[-58.705,-34.373],[-58.7153,-34.3922],[-58.7342,-34.4022],[-58.7056,-34.4393]]]},"properties":{"id":151,"departamento":"TIGRE","cabecera":"TIGRE","provincia":"BUENOS AIRES"}},
{"type":"Feature","geometry":{"type":"Polygon","coordinates":[[[-62.3476,-34.6538],[-62.1878,-34.6825],[-62.2631,-34.7427],[-62.2401,-34.762],[-62.3051,-34.8125],[-62.2854,-34.8136],[-62.2832,-34.8559],[-62.2225,-34.8546],[-62.2205,-34.8895],[-62.2061,-34.8891],[-62.1822,-34.9155],[-62.185,-34.9174],[-62.1051,-34.9839],[-61.9843,-34.8852],[-61.9033,-34.9521],[-61.7413,-34.8216],[-61.7452,-34.8181],[-61.6737,-34.7607],[-61.7724,-34.6762],[-61.7105,-34.6268],[-61.7696,-34.5761],[-61.8453,-34.6372],[-61.9844,-34.5177],[-61.8157,-34.3836],[-62.2682,-34.3836],[-62.3159,-34.5686],[-62.3251,-34.5685],[-62.3476,-34.6538]]]},"properties":{"id":152,"departamento":"GENERAL PINTO","cabecera":"GENERAL PINTO","provincia":"BUENOS AIRES"}},
{"type":"Feature","geometry":{"type":"Polygon","coordinates":[[[-59.835,-38.2313],[-59.8342,-38.242],[-59.9906,-38.3708],[-59.9432,-38.4066],[-59.9301,-38.3962],[-59.9021,-38.4172],[-59.9034,-38.4184],[-59.8747,-38.4396],[-59.9372,-38.4911],[-59.8869,-38.5288],[-59.8218,-38.4751],[-59.7675,-38.5158],[-59.7348,-38.4887],[-59.7294,-38.502],[-59.7339,-38.5335],[-59.7275,-38.5466],[-59.7175,-38.5598],[-59.7185,-38.5681],[-59.7133,-38.5729],[-59.7168,-38.5837],[-59.7122,-38.5942],[-59.7021,-38.6055],[-59.7056,-38.612],[-59.6955,-38.6215],[-59.6942,-38.6349],[-59.6965,-38.6471],[-59.7036,-38.6537],[-59.6918,-38.6613],[-59.6868,-38.6806],[-59.6784,-38.6878],[-59.6619,-38.6933],[-59.6551,-38.6995],[-59.6534,-38.7088],[-59.6549,-38.7179],[-59.647,-38.7372],[-59.6354,-38.7387],[-59.6261,-38.7436],[-59.6278,-38.7534],[-59.6329,-38.7617],[-59.6287,-38.773],[-59.6292,-38.7741],[-59.6269,-38.7861],[-59.586,-38.7799],[-59.5547,-38.7743],[-59.5447,-38.7743],[-59.5085,-38.7669],[-59.4766,-38.7627],[-59.463,-38.7621],[-59.4416,-38.757],[-59.3906,-38.7512],[-59.3866,-38.747],[-59.3755,-38.7436],[-59.3337,-38.7372],[-59.3268,-38.7353],[-59.3341,-38.7325],[-59.3293,-38.7231],[-59.3485,-38.7068],[-59.349,-38.7057],[-59.3601,-38.695],[-59.3652,-38.6784],[-59.3725,-38.6679],[-59.3721,-38.6591],[-59.3819,-38.6601],[-59.3918,-38.6487],[-59.3973,-38.6324],[-59.4112,-38.622],[-59.4075,-38.6129],[-59.4053,-38.5969],[-59.4196,-38.596],[-59.4275,-38.5997],[-59.4394,-38.5977],[-59.4457,-38.5888],[-59.3794,-38.5684],[-59.3451,-38.552],[-59.3394,-38.5457],[-59.3347,-38.5006],[-59.347,-38.5011],[-59.4061,-38.4574],[-59.3168,-38.3834],[-59.3283,-38.3566],[-59.3408,-38.3361],[-59.3364,-38.3237],[-59.3453,-38.3102],[-59.3539,-38.3035],[-59.3495,-38.2938],[-59.3376,-38.2776],[-59.3245,-38.2522],[-59.3112,-38.2068],[-59.3077,-38.2025],[-59.2647,-38.1699],[-59.2445,-38.1537],[-59.2488,-38.1478],[-59.2811,-38.1454],[-59.3004,-38.1415],[-59.3016,-38.1361],[-59.3173,-38.1283],[-59.3463,-38.1202],[-59.3539,-38.1145],[-59.3874,-38.1121],[-59.4095,-38.1144],[-59.4386,-38.1027],[-59.4465,-38.0979],[-59.4693,-38.0925],[-59.4786,-38.0879],[-59.5072,-38.0796],[-59.5146,-38.0718],[-59.5257,-38.068],[-59.5384,-38.0567],[-59.5481,-38.06],[-59.5625,-38.0558],[-59.583,-38.052],[-59.5905,-38.0475],[-59.6094,-38.0439],[-59.6211,-38.0443],[-59.6296,-38.0399],[-59.6319,-38.0287],[-59.6418,-38.0238],[-59.7897,-38.1469],[-59.7785,-38.1552],[-59.7896,-38.1646],[-59.7548,-38.1908],[-59.7774,-38.2104],[-59.795,-38.1972],[-59.835,-38.2313]]]},"properties":{"id":153,"departamento":"SAN CAYETANO","cabecera":"SAN CAYETANO","provincia":"BUENOS AIRES"}},
{"type":"Feature","geometry":{"type":"Polygon","coordinates":[[[-60.6841,-38.0873],[-60.6852,-38.0926],[-60.7052,-38.116],[-60.724,-38.1164],[-60.7297,-38.1298],[-60.7299,-38.1473],[-60.7223,-38.1564],[-60.7217,-38.173],[-60.7303,-38.1913],[-60.7289,-38.1987],[-60.722,-38.208],[-60.7202,-38.2155],[-60.725,-38.2234],[-60.7402,-38.2231],[-60.7473,-38.2317],[-60.7406,-38.2477],[-60.7463,-38.2653],[-60.7415,-38.2848],[-60.7377,-38.2881],[-60.7345,-38.2999],[-60.7343,-38.3165],[-60.7418,-38.3304],[-60.7346,-38.3406],[-60.7405,-38.3466],[-60.7378,-38.355],[-60.7446,-38.3664],[-60.739,-38.3753],[-60.7245,-38.3888],[-60.7038,-38.4025],[-60.6869,-38.4181],[-60.678,-38.432],[-60.6392,-38.455],[-60.6338,-38.4621],[-60.6199,-38.4702],[-60.6212,-38.4789],[-60.6157,-38.5006],[-60.6044,-38.516],[-60.5997,-38.5403],[-60.5937,-38.5445],[-60.5965,-38.5513],[-60.5913,-38.5566],[-60.5928,-38.5695],[-60.6008,-38.5752],[-60.6128,-38.5936],[-60.6081,-38.6116],[-60.6109,-38.6191],[-60.6033,-38.6279],[-60.6043,-38.635],[-60.5979,-38.6411],[-60.5969,-38.6511],[-60.5921,-38.6602],[-60.5905,-38.6777],[-60.5797,-38.6924],[-60.5804,-38.6971],[-60.5753,-38.72],[-60.5779,-38.7255],[-60.5631,-38.7487],[-60.5625,-38.7698],[-60.5503,-38.7946],[-60.5426,-38.8038],[-60.5414,-38.8147],[-60.5365,-38.8222],[-60.533,-38.8375],[-60.5369,-38.8438],[-60.5319,-38.8584],[-60.53,-38.8701],[-60.5289,-38.8716],[-60.5216,-38.8841],[-60.5212,-38.8958],[-60.53,-38.9106],[-60.5269,-38.9163],[-60.5168,-38.922],[-60.5099,-38.9231],[-60.5048,-38.9301],[-60.4292,-38.9203],[-60.3349,-38.9018],[-60.2756,-38.8896],[-60.2145,-38.8807],[-60.2005,-38.8777],[-60.1695,-38.8764],[-60.157,-38.873],[-60.1329,-38.8698],[-60.1235,-38.8667],[-60.0979,-38.8643],[-60.0697,-38.8602],[-60.0426,-38.8588],[-60.0053,-38.8544],[-59.9978,-38.8543],[-59.9245,-38.845],[-59.9023,-38.8433],[-59.8851,-38.8405],[-59.854,-38.8376],[-59.8444,-38.8329],[-59.824,-38.8308],[-59.8137,-38.828],[-59.7886,-38.8264],[-59.7524,-38.8153],[-59.7211,-38.8042],[-59.7132,-38.8034],[-59.6772,-38.7943],[-59.6523,-38.7916],[-59.6269,-38.7861],[-59.6292,-38.7741],[-59.6287,-38.773],[-59.6329,-38.7617],[-59.6278,-38.7534],[-59.6261,-38.7436],[-59.6354,-38.7387],[-59.647,-38.7372],[-59.6549,-38.7179],[-59.6534,-38.7088],[-59.6551,-38.6995],[-59.6619,-38.6933],[-59.6784,-38.6878],[-59.6868,-38.6806],[-59.6918,-38.6613],[-59.7036,-38.6537],[-59.6965,-38.6471],[-59.6942,-38.6349],[-59.6955,-38.6215],[-59.7056,-38.612],[-59.7021,-38.6055],[-59.7122,-38.5942],[-59.7168,-38.5837],[-59.7133,-38.5729],[-59.7185,-38.5681],[-59.7175,-38.5598],[-59.7275,-38.5466],[-59.7339,-38.5335],[-59.7294,-38.502],[-59.7348,-38.4887],[-59.7675,-38.5158],[-59.8218,-38.4751],[-59.8869,-38.5288],[-59.9372,-38.4911],[-59.8747,-38.4396],[-59.9034,-38.4184],[-59.9021,-38.4172],[-59.9301,-38.3962],[-59.9432,-38.4066],[-59.9906,-38.3708],[-59.8342,-38.242],[-59.835,-38.2313],[-59.8441,-38.2184],[-59.8449,-38.2171],[-59.8483,-38.2039],[-59.8539,-38.1966],[-59.8617,-38.1954],[-59.8638,-38.1863],[-59.8746,-38.1773],[-59.881,-38.1626],[-59.8867,-38.1568],[-60.0371,-38.2806],[-60.1695,-38.1784],[-60.3704,-38.0163],[-60.4633,-38.0898],[-60.4424,-38.1065],[-60.5494,-38.1919],[-60.6841,-38.0873]]]},"properties":{"id":154,"departamento":"TRES ARROYOS","cabecera":"TRES ARROYOS","provincia":"BUENOS AIRES"}},
{"type":"Feature","geometry":{"type":"Polygon","coordinates":[[[-61.7432,-38.6271],[-61.8195,-38.6877],[-61.8484,-38.6653],[-61.8784,-38.6891],[-61.8768,-38.6904],[-61.9265,-38.7305],[-61.9728,-38.7139],[-61.996,-38.7103],[-62.0144,-38.7062],[-62.0299,-38.7138],[-62.0552,-38.711],[-62.0625,-38.7121],[-62.0614,-38.7198],[-62.1144,-38.7624],[-62.1807,-38.8157],[-62.1837,-38.8147],[-62.1814,-38.8194],[-62.1654,-38.8158],[-62.1522,-38.8214],[-62.1309,-38.8417],[-62.1218,-38.8539],[-62.1106,-38.8626],[-62.1053,-38.8705],[-62.1032,-38.889],[-62.0935,-38.901],[-62.086,-38.9052],[-62.0747,-38.9074],[-62.0672,-38.9198],[-62.0515,-38.9292],[-62.0189,-38.9408],[-61.9851,-38.9497],[-61.9763,-38.9488],[-61.951,-38.9541],[-61.935,-38.9607],[-61.8966,-38.9709],[-61.8658,-38.9712],[-61.8246,-38.9907],[-61.8088,-38.996],[-61.7911,-38.9932],[-61.7662,-38.9812],[-61.739,-38.9715],[-61.711,-38.9672],[-61.6939,-38.9703],[-61.6881,-38.9766],[-61.6707,-38.988],[-61.6693,-38.991],[-61.6275,-39.0033],[-61.6125,-39.0058],[-61.5501,-39.0072],[-61.5177,-39.0051],[-61.4986,-39.0026],[-61.4945,-39.0004],[-61.4562,-38.9954],[-61.4561,-38.9886],[-61.4561,-38.9544],[-61.4561,-38.9419],[-61.4747,-38.9458],[-61.4908,-38.938],[-61.5156,-38.9183],[-61.5221,-38.919],[-61.5324,-38.913],[-61.5469,-38.9105],[-61.551,-38.9038],[-61.5796,-38.8887],[-61.5901,-38.8888],[-61.6012,-38.8807],[-61.6204,-38.8796],[-61.6356,-38.8658],[-61.6573,-38.8619],[-61.6629,-38.8579],[-61.6651,-38.8501],[-61.6748,-38.842],[-61.6732,-38.8355],[-61.6812,-38.8296],[-61.6918,-38.8279],[-61.7002,-38.813],[-61.6926,-38.8077],[-61.6954,-38.7936],[-61.7014,-38.7854],[-61.7007,-38.7792],[-61.708,-38.7767],[-61.7158,-38.7575],[-61.7226,-38.7508],[-61.7191,-38.7382],[-61.7254,-38.7312],[-61.7159,-38.7149],[-61.7195,-38.7104],[-61.7269,-38.6908],[-61.7224,-38.6746],[-61.7283,-38.6706],[-61.7296,-38.6591],[-61.7277,-38.645],[-61.7404,-38.6384],[-61.7432,-38.6271]]]},"properties":{"id":138,"departamento":"CORONEL DE MARINA LEONARDO ROSALES","cabecera":"PUNTA ALTA","provincia":"BUENOS AIRES"}},
{"type":"Feature","geometry":{"type":"Polygon","coordinates":[[[-56.9501,-37.1842],[-56.9668,-37.204],[-56.9735,-37.2097],[-56.9915,-37.237],[-57.0425,-37.2313],[-57.0433,-37.2357],[-56.9936,-37.2411],[-56.9964,-37.2488],[-57.0139,-37.2736],[-57.0268,-37.2858],[-57.0323,-37.2957],[-57.0607,-37.3304],[-57.0602,-37.3328],[-57.1681,-37.482],[-57.218,-37.5279],[-57.2071,-37.5357],[-57.1881,-37.5493],[-57.1618,-37.5241],[-57.1357,-37.5028],[-57.1161,-37.4804],[-57.1074,-37.4688],[-57.0909,-37.4509],[-57.0827,-37.4387],[-57.0747,-37.423],[-57.0611,-37.4045],[-57.048,-37.3799],[-57.0166,-37.3263],[-56.9967,-37.297],[-56.9701,-37.2661],[-56.9609,-37.2533],[-56.9462,-37.2369],[-56.9328,-37.2182],[-56.9159,-37.1993],[-56.9089,-37.1889],[-56.9259,-37.1869],[-56.9501,-37.1842]]]},"properties":{"id":157,"departamento":"VILLA GESELL","cabecera":"VILLA GESELL","provincia":"BUENOS AIRES"}},
{"type":"Feature","geometry":{"type":"Polygon","coordinates":[[[-61.7846,-38.4563],[-61.7964,-38.4474],[-61.8282,-38.4741],[-61.8934,-38.4259],[-61.9263,-38.4523],[-61.9336,-38.4284],[-61.9314,-38.4214],[-61.9371,-38.419],[-61.9395,-38.4107],[-61.9896,-38.4519],[-62.0108,-38.4357],[-61.9997,-38.4266],[-62.0211,-38.4106],[-62.0191,-38.4087],[-62.0406,-38.3922],[-62.043,-38.3941],[-62.0842,-38.3625],[-62.198,-38.4522],[-62.219,-38.4352],[-62.2078,-38.4263],[-62.2283,-38.4101],[-62.2098,-38.3948],[-62.2307,-38.3782],[-62.2243,-38.3729],[-62.2408,-38.3602],[-62.3425,-38.4421],[-62.3873,-38.4083],[-62.6151,-38.5922],[-62.614,-38.6034],[-62.6082,-38.6155],[-62.5979,-38.6214],[-62.5844,-38.6211],[-62.5604,-38.6269],[-62.542,-38.6353],[-62.5106,-38.6446],[-62.4972,-38.6523],[-62.4851,-38.6634],[-62.4682,-38.6729],[-62.4575,-38.6901],[-62.4569,-38.6911],[-62.459,-38.6936],[-62.4549,-38.7215],[-62.452,-38.7296],[-62.4425,-38.7405],[-62.4251,-38.7356],[-62.4176,-38.7427],[-62.4056,-38.7458],[-62.4026,-38.7414],[-62.3844,-38.7419],[-62.383,-38.7336],[-62.3783,-38.7287],[-62.3817,-38.7237],[-62.3572,-38.7185],[-62.3477,-38.7192],[-62.3275,-38.7267],[-62.3125,-38.7378],[-62.308,-38.7527],[-62.3034,-38.7594],[-62.3047,-38.7751],[-62.3016,-38.7842],[-62.2652,-38.7931],[-62.2591,-38.7892],[-62.2495,-38.7959],[-62.2373,-38.7898],[-62.2336,-38.7932],[-62.2371,-38.8059],[-62.2272,-38.8097],[-62.2167,-38.8048],[-62.1892,-38.8058],[-62.1837,-38.8147],[-62.1807,-38.8157],[-62.1144,-38.7624],[-62.0614,-38.7198],[-62.0625,-38.7121],[-62.0552,-38.711],[-62.0299,-38.7138],[-62.0144,-38.7062],[-61.996,-38.7103],[-61.9728,-38.7139],[-61.9265,-38.7305],[-61.8768,-38.6904],[-61.8784,-38.6891],[-61.8484,-38.6653],[-61.8195,-38.6877],[-61.7432,-38.6271],[-61.7508,-38.624],[-61.7542,-38.6154],[-61.7533,-38.6021],[-61.7486,-38.597],[-61.7608,-38.5919],[-61.7752,-38.5819],[-61.7794,-38.5764],[-61.776,-38.5716],[-61.7838,-38.5586],[-61.7814,-38.55],[-61.7835,-38.5419],[-61.7908,-38.5381],[-61.7954,-38.5286],[-61.7868,-38.5223],[-61.7903,-38.5018],[-61.7858,-38.4931],[-61.7874,-38.4827],[-61.7817,-38.4598],[-61.7846,-38.4563]]]},"properties":{"id":139,"departamento":"BAHIA BLANCA","cabecera":"BAHIA BLANCA","provincia":"BUENOS AIRES"}},
{"type":"Feature","geometry":{"type":"Polygon","coordinates":[[[-61.4562,-38.9954],[-61.3971,-38.9894],[-61.3844,-38.9886],[-61.2939,-38.9895],[-61.2547,-38.9926],[-61.2307,-38.9936],[-61.2189,-38.9958],[-61.1771,-38.9995],[-61.1316,-38.9994],[-61.097,-38.994],[-61.0692,-38.9887],[-61.0868,-38.9877],[-61.0868,-38.9668],[-61.0868,-38.9473],[-61.2659,-38.9473],[-61.2774,-38.9458],[-61.2925,-38.9479],[-61.2984,-38.9453],[-61.3147,-38.9466],[-61.3408,-38.9137],[-61.4561,-38.9137],[-61.4561,-38.9419],[-61.4561,-38.9544],[-61.4561,-38.9886],[-61.4562,-38.9954]]]},"properties":{"id":140,"departamento":"MONTE HERMOSO","cabecera":"MONTE HERMOSO","provincia":"BUENOS AIRES"}},
{"type":"Feature","geometry":{"type":"Polygon","coordinates":[[[-61.7296,-38.6591],[-61.7283,-38.6706],[-61.7224,-38.6746],[-61.7269,-38.6908],[-61.7195,-38.7104],[-61.7159,-38.7149],[-61.7254,-38.7312],[-61.7191,-38.7382],[-61.7226,-38.7508],[-61.7158,-38.7575],[-61.708,-38.7767],[-61.7007,-38.7792],[-61.7014,-38.7854],[-61.6954,-38.7936],[-61.6926,-38.8077],[-61.7002,-38.813],[-61.6918,-38.8279],[-61.6812,-38.8296],[-61.6732,-38.8355],[-61.6748,-38.842],[-61.6651,-38.8501],[-61.6629,-38.8579],[-61.6573,-38.8619],[-61.6356,-38.8658],[-61.6204,-38.8796],[-61.6012,-38.8807],[-61.5901,-38.8888],[-61.5796,-38.8887],[-61.551,-38.9038],[-61.5469,-38.9105],[-61.5324,-38.913],[-61.5221,-38.919],[-61.5156,-38.9183],[-61.4908,-38.938],[-61.4747,-38.9458],[-61.4561,-38.9419],[-61.4561,-38.9137],[-61.3408,-38.9137],[-61.3147,-38.9466],[-61.2984,-38.9453],[-61.2925,-38.9479],[-61.2774,-38.9458],[-61.2659,-38.9473],[-61.0868,-38.9473],[-61.0868,-38.9668],[-61.0868,-38.9877],[-61.0692,-38.9887],[-61.0458,-38.9854],[-60.9914,-38.9811],[-60.8894,-38.9812],[-60.8469,-38.9794],[-60.7713,-38.9624],[-60.743,-38.9574],[-60.6959,-38.9504],[-60.6477,-38.945],[-60.5669,-38.9368],[-60.5584,-38.9345],[-60.5121,-38.9308],[-60.5168,-38.922],[-60.5269,-38.9163],[-60.53,-38.9106],[-60.5212,-38.8958],[-60.5216,-38.8841],[-60.5289,-38.8716],[-60.53,-38.8701],[-60.5319,-38.8584],[-60.5369,-38.8438],[-60.533,-38.8375],[-60.5365,-38.8222],[-60.5414,-38.8147],[-60.5426,-38.8038],[-60.5503,-38.7946],[-60.5625,-38.7698],[-60.5631,-38.7487],[-60.5779,-38.7255],[-60.5753,-38.72],[-60.5804,-38.6971],[-60.5797,-38.6924],[-60.5905,-38.6777],[-60.5921,-38.6602],[-60.5969,-38.6511],[-60.5979,-38.6411],[-60.6043,-38.635],[-60.6033,-38.6279],[-60.6109,-38.6191],[-60.6081,-38.6116],[-60.6128,-38.5936],[-60.6008,-38.5752],[-60.5928,-38.5695],[-60.5913,-38.5566],[-60.5965,-38.5513],[-60.5937,-38.5445],[-60.5997,-38.5403],[-60.6044,-38.516],[-60.6157,-38.5006],[-60.6212,-38.4789],[-60.6199,-38.4702],[-60.6338,-38.4621],[-60.6392,-38.455],[-60.678,-38.432],[-60.6869,-38.4181],[-60.7038,-38.4025],[-60.7245,-38.3888],[-60.739,-38.3753],[-60.7446,-38.3664],[-60.7378,-38.355],[-60.7405,-38.3466],[-60.7346,-38.3406],[-60.7418,-38.3304],[-60.7446,-38.333],[-60.8395,-38.4065],[-60.849,-38.3963],[-60.8818,-38.3758],[-60.8848,-38.3703],[-60.9064,-38.3648],[-60.9141,-38.36],[-60.9407,-38.3501],[-60.965,-38.3277],[-60.975,-38.3261],[-60.9842,-38.3198],[-60.9882,-38.3117],[-61.008,-38.3085],[-61.0407,-38.2976],[-61.0525,-38.2984],[-61.077,-38.2935],[-61.0983,-38.2959],[-61.1041,-38.2998],[-61.1286,-38.3033],[-61.1352,-38.3056],[-61.1582,-38.3],[-61.1675,-38.2925],[-61.1895,-38.2913],[-61.245,-38.334],[-61.2509,-38.3371],[-61.319,-38.3918],[-61.3295,-38.3754],[-61.4659,-38.483],[-61.4739,-38.4757],[-61.5151,-38.5088],[-61.5266,-38.5004],[-61.5877,-38.5478],[-61.5931,-38.5436],[-61.6486,-38.5892],[-61.645,-38.5918],[-61.7296,-38.6591]]]},"properties":{"id":141,"departamento":"CORONEL DORREGO","cabecera":"CORONEL DORREGO","provincia":"BUENOS AIRES"}},
{"type":"Feature","geometry":{"type":"Polygon","coordinates":[[[-59.2262,-37.6504],[-59.2537,-37.6745],[-59.2551,-37.6821],[-59.2755,-37.6999],[-59.2834,-37.7032],[-59.3068,-37.7204],[-59.3144,-37.7209],[-59.3245,-37.7278],[-59.3403,-37.7338],[-59.35,-37.745],[-59.3697,-37.758],[-59.6762,-37.9998],[-59.6617,-38.0089],[-59.6582,-38.0151],[-59.6492,-38.0219],[-59.6418,-38.0238],[-59.6319,-38.0287],[-59.6296,-38.0399],[-59.6211,-38.0443],[-59.6094,-38.0439],[-59.5905,-38.0475],[-59.583,-38.052],[-59.5625,-38.0558],[-59.5481,-38.06],[-59.5384,-38.0567],[-59.5257,-38.068],[-59.5146,-38.0718],[-59.5072,-38.0796],[-59.4786,-38.0879],[-59.4693,-38.0925],[-59.4465,-38.0979],[-59.4386,-38.1027],[-59.4095,-38.1144],[-59.3874,-38.1121],[-59.3539,-38.1145],[-59.3463,-38.1202],[-59.3173,-38.1283],[-59.3016,-38.1361],[-59.3004,-38.1415],[-59.2811,-38.1454],[-59.2488,-38.1478],[-59.2445,-38.1537],[-59.2647,-38.1699],[-59.3077,-38.2025],[-59.3112,-38.2068],[-59.3245,-38.2522],[-59.3376,-38.2776],[-59.3495,-38.2938],[-59.3539,-38.3035],[-59.3453,-38.3102],[-59.3364,-38.3237],[-59.3408,-38.3361],[-59.3283,-38.3566],[-59.3168,-38.3834],[-59.4061,-38.4574],[-59.347,-38.5011],[-59.3347,-38.5006],[-59.3394,-38.5457],[-59.3451,-38.552],[-59.3794,-38.5684],[-59.4457,-38.5888],[-59.4394,-38.5977],[-59.4275,-38.5997],[-59.4196,-38.596],[-59.4053,-38.5969],[-59.4075,-38.6129],[-59.4112,-38.622],[-59.3973,-38.6324],[-59.3918,-38.6487],[-59.3819,-38.6601],[-59.3721,-38.6591],[-59.3725,-38.6679],[-59.3652,-38.6784],[-59.3601,-38.695],[-59.349,-38.7057],[-59.3485,-38.7068],[-59.3293,-38.7231],[-59.3341,-38.7325],[-59.3268,-38.7353],[-59.307,-38.7291],[-59.2947,-38.7289],[-59.2687,-38.7224],[-59.2334,-38.7157],[-59.1889,-38.712],[-59.1626,-38.7082],[-59.1357,-38.703],[-59.1132,-38.7008],[-59.0738,-38.6894],[-59.0113,-38.6783],[-59.0078,-38.673],[-58.9847,-38.6659],[-58.9538,-38.659],[-58.9175,-38.644],[-58.8683,-38.6334],[-58.8293,-38.6229],[-58.8061,-38.6106],[-58.7647,-38.5978],[-58.7402,-38.5892],[-58.7131,-38.5818],[-58.6958,-38.5786],[-58.6887,-38.5746],[-58.6682,-38.5707],[-58.6546,-38.5698],[-58.6197,-38.5621],[-58.6677,-38.5255],[-58.7075,-38.4952],[-58.736,-38.5179],[-58.7408,-38.5132],[-58.7395,-38.5059],[-58.7422,-38.4964],[-58.7494,-38.4933],[-58.7401,-38.481],[-58.7576,-38.4721],[-58.7551,-38.467],[-58.7607,-38.4605],[-58.7579,-38.4542],[-58.7676,-38.4459],[-58.7731,-38.4322],[-58.7712,-38.4257],[-58.7769,-38.4223],[-58.7755,-38.4148],[-58.7833,-38.4123],[-58.7812,-38.406],[-58.7875,-38.4016],[-58.7825,-38.3777],[-58.7913,-38.3687],[-58.8017,-38.3459],[-58.8129,-38.3399],[-58.8118,-38.3327],[-58.817,-38.3189],[-58.8226,-38.3176],[-58.8263,-38.3099],[-58.8352,-38.3062],[-58.8432,-38.2986],[-58.8571,-38.2977],[-58.8655,-38.2932],[-58.8699,-38.2829],[-58.8801,-38.2758],[-58.8775,-38.2691],[-58.9031,-38.25],[-58.9074,-38.2447],[-58.9024,-38.2313],[-58.9067,-38.2211],[-58.9169,-38.2081],[-58.9152,-38.2006],[-58.9244,-38.1893],[-58.9393,-38.184],[-58.9517,-38.1829],[-58.9493,-38.1746],[-58.9537,-38.1638],[-58.9542,-38.1554],[-58.9694,-38.1488],[-58.9775,-38.1417],[-58.9783,-38.1342],[-58.985,-38.1317],[-58.9876,-38.1235],[-59.0026,-38.116],[-59.0051,-38.1114],[-59.0258,-38.097],[-59.0381,-38.0799],[-59.0449,-38.0762],[-59.0455,-38.0656],[-59.0538,-38.0536],[-59.0534,-38.0481],[-59.0761,-38.0299],[-59.0785,-38.0204],[-59.089,-38.0144],[-59.1094,-38.0084],[-59.1131,-37.9989],[-59.1254,-37.9953],[-59.1274,-37.974],[-59.1388,-37.9638],[-59.1443,-37.9648],[-59.1547,-37.9518],[-59.1567,-37.9439],[-59.1687,-37.9352],[-59.1672,-37.9161],[-59.1693,-37.9034],[-59.1653,-37.8995],[-59.168,-37.8862],[-59.1625,-37.8768],[-59.1573,-37.875],[-59.1498,-37.8658],[-59.1307,-37.859],[-59.1283,-37.8473],[-59.1149,-37.8438],[-59.1098,-37.8391],[-59.1108,-37.8262],[-59.1136,-37.8179],[-59.109,-37.8145],[-59.111,-37.8045],[-59.1162,-37.8012],[-59.1151,-37.7901],[-59.1282,-37.7797],[-59.1309,-37.7649],[-59.1325,-37.7628],[-59.1481,-37.7452],[-59.1569,-37.7468],[-59.1649,-37.7375],[-59.1644,-37.725],[-59.1679,-37.7143],[-59.1685,-37.6974],[-59.1614,-37.6727],[-59.1523,-37.6595],[-59.1561,-37.6507],[-59.1575,-37.6384],[-59.1661,-37.6277],[-59.1765,-37.6235],[-59.1848,-37.6164],[-59.2262,-37.6504]]]},"properties":{"id":142,"departamento":"NECOCHEA","cabecera":"NECOCHEA","provincia":"BUENOS AIRES"}},
{"type":"Feature","geometry":{"type":"Polygon","coordinates":[[[-58.809,-37.578],[-59.03,-37.7599],[-59.1108,-37.8262],[-59.1098,-37.8391],[-59.1149,-37.8438],[-59.1283,-37.8473],[-59.1307,-37.859],[-59.1498,-37.8658],[-59.1573,-37.875],[-59.1625,-37.8768],[-59.168,-37.8862],[-59.1653,-37.8995],[-59.1693,-37.9034],[-59.1672,-37.9161],[-59.1687,-37.9352],[-59.1567,-37.9439],[-59.1547,-37.9518],[-59.1443,-37.9648],[-59.1388,-37.9638],[-59.1274,-37.974],[-59.1254,-37.9953],[-59.1131,-37.9989],[-59.1094,-38.0084],[-59.089,-38.0144],[-59.0785,-38.0204],[-59.0761,-38.0299],[-59.0534,-38.0481],[-59.0538,-38.0536],[-59.0455,-38.0656],[-59.0449,-38.0762],[-59.0381,-38.0799],[-59.0258,-38.097],[-59.0051,-38.1114],[-59.0026,-38.116],[-58.9876,-38.1235],[-58.985,-38.1317],[-58.9783,-38.1342],[-58.9775,-38.1417],[-58.9694,-38.1488],[-58.9542,-38.1554],[-58.9537,-38.1638],[-58.9493,-38.1746],[-58.9517,-38.1829],[-58.9393,-38.184],[-58.9244,-38.1893],[-58.9152,-38.2006],[-58.9169,-38.2081],[-58.9067,-38.2211],[-58.9024,-38.2313],[-58.9074,-38.2447],[-58.9031,-38.25],[-58.8775,-38.2691],[-58.8801,-38.2758],[-58.8699,-38.2829],[-58.8655,-38.2932],[-58.8571,-38.2977],[-58.8432,-38.2986],[-58.8352,-38.3062],[-58.8263,-38.3099],[-58.8226,-38.3176],[-58.817,-38.3189],[-58.8118,-38.3327],[-58.8129,-38.3399],[-58.8017,-38.3459],[-58.7913,-38.3687],[-58.7825,-38.3777],[-58.7875,-38.4016],[-58.7812,-38.406],[-58.7833,-38.4123],[-58.7755,-38.4148],[-58.7769,-38.4223],[-58.7712,-38.4257],[-58.7731,-38.4322],[-58.7676,-38.4459],[-58.7579,-38.4542],[-58.7607,-38.4605],[-58.7551,-38.467],[-58.7576,-38.4721],[-58.7401,-38.481],[-58.7494,-38.4933],[-58.7422,-38.4964],[-58.7395,-38.5059],[-58.7408,-38.5132],[-58.736,-38.5179],[-58.7075,-38.4952],[-58.6677,-38.5255],[-58.6197,-38.5621],[-58.578,-38.5551],[-58.5683,-38.5516],[-58.5175,-38.543],[-58.4886,-38.5341],[-58.471,-38.5262],[-58.451,-38.5212],[-58.4436,-38.5162],[-58.4031,-38.5039],[-58.3659,-38.4914],[-58.3259,-38.4811],[-58.313,-38.4746],[-58.2792,-38.4653],[-58.2369,-38.4458],[-58.2434,-38.4452],[-58.2498,-38.4362],[-58.2571,-38.4355],[-58.2563,-38.4247],[-58.2632,-38.4155],[-58.2646,-38.4143],[-58.2703,-38.4076],[-58.2698,-38.3994],[-58.2853,-38.3843],[-58.2792,-38.3784],[-58.2737,-38.3597],[-58.2702,-38.3544],[-58.2742,-38.3386],[-58.2816,-38.331],[-58.2842,-38.3151],[-58.2872,-38.3097],[-58.3026,-38.3008],[-58.306,-38.2869],[-58.311,-38.2816],[-58.3114,-38.274],[-58.3271,-38.2725],[-58.3323,-38.2592],[-58.3383,-38.2511],[-58.3377,-38.2443],[-58.3293,-38.2269],[-58.3238,-38.2245],[-58.3253,-38.2154],[-58.3342,-38.1937],[-58.3348,-38.1835],[-58.3395,-38.1784],[-58.3433,-38.158],[-58.3363,-38.146],[-58.3346,-38.1145],[-58.3388,-38.1058],[-58.3357,-38.1024],[-58.3289,-38.074],[-58.458,-37.9804],[-58.4557,-37.9784],[-58.5245,-37.9299],[-58.5227,-37.9279],[-58.5907,-37.8778],[-58.5074,-37.8057],[-58.6252,-37.7172],[-58.6532,-37.6995],[-58.734,-37.6378],[-58.7363,-37.637],[-58.809,-37.578]]]},"properties":{"id":143,"departamento":"LOBERIA","cabecera":"LOBERIA","provincia":"BUENOS AIRES"}},
{"type":"Feature","geometry":{"type":"Polygon","coordinates":[[[-58.3289,-38.074],[-58.3357,-38.1024],[-58.3388,-38.1058],[-58.3346,-38.1145],[-58.3363,-38.146],[-58.3433,-38.158],[-58.3395,-38.1784],[-58.3348,-38.1835],[-58.3342,-38.1937],[-58.3253,-38.2154],[-58.3238,-38.2245],[-58.3293,-38.2269],[-58.3377,-38.2443],[-58.3383,-38.2511],[-58.3323,-38.2592],[-58.3271,-38.2725],[-58.3114,-38.274],[-58.311,-38.2816],[-58.306,-38.2869],[-58.3026,-38.3008],[-58.2872,-38.3097],[-58.2842,-38.3151],[-58.2816,-38.331],[-58.2742,-38.3386],[-58.2702,-38.3544],[-58.2737,-38.3597],[-58.2792,-38.3784],[-58.2853,-38.3843],[-58.2698,-38.3994],[-58.2703,-38.4076],[-58.2646,-38.4143],[-58.2632,-38.4155],[-58.2563,-38.4247],[-58.2571,-38.4355],[-58.2498,-38.4362],[-58.2434,-38.4452],[-58.2369,-38.4458],[-58.2216,-38.4392],[-58.1848,-38.4266],[-58.1396,-38.4121],[-58.1014,-38.3965],[-58.0988,-38.3964],[-58.0634,-38.3822],[-58.0601,-38.3819],[-58.0259,-38.367],[-57.9728,-38.3408],[-57.9663,-38.3362],[-57.9469,-38.3283],[-57.8847,-38.3067],[-57.8637,-38.3007],[-57.8482,-38.2941],[-57.8354,-38.2862],[-57.8339,-38.2776],[-57.82,-38.2665],[-57.7768,-38.2456],[-57.7821,-38.2303],[-57.7825,-38.209],[-57.7891,-38.2008],[-57.7952,-38.1824],[-57.8027,-38.1729],[-57.8031,-38.172],[-57.8059,-38.1556],[-57.8124,-38.1473],[-57.8098,-38.1397],[-57.8209,-38.1193],[-57.8176,-38.0988],[-57.8127,-38.0947],[-57.8184,-38.0845],[-57.8376,-38.0816],[-57.836,-38.0718],[-57.8458,-38.0587],[-57.8417,-38.0521],[-57.83,-38.0489],[-57.8469,-38.036],[-57.8757,-38.0601],[-57.9422,-38.0091],[-57.9589,-38.0227],[-58.0471,-37.9557],[-58.0998,-37.9997],[-58.2557,-38.1298],[-58.3289,-38.074]]]},"properties":{"id":144,"departamento":"GENERAL ALVARADO","cabecera":"MIRAMAR","provincia":"BUENOS AIRES"}},
{"type":"Feature","geometry":{"type":"Polygon","coordinates":[[[-58.2833,-35.86],[-58.2713,-35.8555],[-58.2761,-35.8456],[-58.2693,-35.8373],[-58.2635,-35.8225],[-58.2496,-35.819],[-58.2439,-35.8227],[-58.2426,-35.8237],[-58.2275,-35.8275],[-58.2196,-35.821],[-58.219,-35.8215],[-58.2052,-35.8261],[-58.2011,-35.8308],[-58.204,-35.8379],[-58.1998,-35.8448],[-58.1894,-35.8535],[-58.189,-35.8604],[-58.1822,-35.8647],[-58.1687,-35.8677],[-58.1504,-35.8645],[-58.1468,-35.8672],[-58.1427,-35.879],[-58.1476,-35.8824],[-58.1459,-35.8897],[-58.1365,-35.8948],[-58.1377,-35.9052],[-58.1327,-35.9115],[-58.1196,-35.9186],[-58.1113,-35.9179],[-58.1024,-35.9224],[-58.1097,-35.9299],[-58.1068,-35.9377],[-58.0922,-35.9368],[-58.0834,-35.95],[-58.0816,-35.9503],[-58.0682,-35.9519],[-58.0457,-35.9445],[-58.0366,-35.9498],[-58.0143,-35.95],[-58.008,-35.9585],[-58.0214,-35.9773],[-58.0271,-35.9947],[-58.0346,-36.0031],[-58.0291,-36.0112],[-58.0326,-36.0151],[-58.0279,-36.0216],[-58.0259,-36.0318],[-58.0157,-36.037],[-58.0117,-36.0425],[-58.005,-36.0419],[-57.9925,-36.0293],[-57.99,-36.0229],[-57.9832,-36.0217],[-57.986,-36.0253],[-57.9859,-36.0256],[-57.986,-36.0261],[-57.9731,-36.031],[-57.9656,-36.0275],[-57.9583,-36.0287],[-57.945,-36.0096],[-57.9435,-36.0045],[-57.9436,-35.9998],[-57.9397,-35.9927],[-57.9285,-35.9891],[-57.9128,-35.9914],[-57.905,-35.9771],[-57.9053,-35.9753],[-57.8929,-35.9756],[-57.8697,-35.9687],[-57.865,-35.9659],[-57.8428,-35.9601],[-57.8329,-35.9436],[-57.8022,-35.9352],[-57.782,-35.9354],[-57.7729,-35.9337],[-57.7632,-35.9221],[-57.7569,-35.9215],[-57.7359,-35.9256],[-57.73,-35.9213],[-57.73,-35.9209],[-57.7237,-35.9151],[-57.7237,-35.9146],[-57.7234,-35.9135],[-57.7235,-35.913],[-57.7235,-35.9126],[-57.7332,-35.8989],[-57.7332,-35.8987],[-57.7336,-35.8974],[-57.729,-35.8865],[-57.7216,-35.8774],[-57.7129,-35.8714],[-57.7129,-35.8712],[-57.7129,-35.8708],[-57.7133,-35.8693],[-57.7133,-35.8689],[-57.7135,-35.8653],[-57.7122,-35.8598],[-57.7124,-35.8587],[-57.7119,-35.8573],[-57.712,-35.857],[-57.7118,-35.8566],[-57.7119,-35.8563],[-57.7119,-35.8557],[-57.7126,-35.8543],[-57.7125,-35.8531],[-57.7126,-35.8518],[-57.7126,-35.8514],[-57.7129,-35.8501],[-57.7128,-35.8496],[-57.7134,-35.8477],[-57.7133,-35.8467],[-57.7133,-35.8464],[-57.7133,-35.8462],[-57.7137,-35.8442],[-57.7136,-35.8438],[-57.7136,-35.8436],[-57.7135,-35.8424],[-57.7135,-35.8421],[-57.7133,-35.8413],[-57.7133,-35.8412],[-57.7106,-35.8349],[-57.6934,-35.8356],[-57.6832,-35.8312],[-57.6625,-35.8442],[-57.6626,-35.8451],[-57.6533,-35.8466],[-57.6533,-35.8462],[-57.6533,-35.8459],[-57.6534,-35.8452],[-57.6534,-35.8448],[-57.6534,-35.8444],[-57.6536,-35.8426],[-57.6513,-35.8381],[-57.6387,-35.8371],[-57.6236,-35.8324],[-57.6129,-35.8333],[-57.5874,-35.831],[-57.5793,-35.8372],[-57.5798,-35.8397],[-57.5768,-35.8445],[-57.5774,-35.8469],[-57.5731,-35.8563],[-57.5618,-35.8537],[-57.5618,-35.8533],[-57.5619,-35.8531],[-57.5573,-35.8456],[-57.5449,-35.8473],[-57.532,-35.8432],[-57.5246,-35.8374],[-57.5246,-35.8368],[-57.5245,-35.836],[-57.5246,-35.8354],[-57.5241,-35.8325],[-57.5241,-35.8321],[-57.524,-35.8315],[-57.5241,-35.8309],[-57.5125,-35.825],[-57.5007,-35.8274],[-57.4902,-35.8259],[-57.4927,-35.8205],[-57.492,-35.8181],[-57.4921,-35.8153],[-57.4776,-35.7991],[-57.4827,-35.7948],[-57.4804,-35.7921],[-57.4806,-35.7909],[-57.4764,-35.7883],[-57.4764,-35.7877],[-57.4764,-35.7868],[-57.4768,-35.7847],[-57.4676,-35.7824],[-57.4678,-35.7841],[-57.4581,-35.7849],[-57.4611,-35.788],[-57.4546,-35.7826],[-57.4603,-35.7795],[-57.4553,-35.777],[-57.4417,-35.7811],[-57.4418,-35.7815],[-57.4307,-35.7834],[-57.4307,-35.783],[-57.4307,-35.7817],[-57.4281,-35.782],[-57.4286,-35.7838],[-57.4243,-35.7823],[-57.4292,-35.7769],[-57.4177,-35.7683],[-57.4178,-35.7666],[-57.4079,-35.768],[-57.41,-35.7646],[-57.4089,-35.7614],[-57.4092,-35.7594],[-57.4023,-35.7571],[-57.4111,-35.7455],[-57.3968,-35.743],[-57.3981,-35.7391],[-57.3849,-35.7381],[-57.3858,-35.7421],[-57.3784,-35.7458],[-57.3621,-35.7438],[-57.3538,-35.7336],[-57.3457,-35.7187],[-57.3472,-35.7166],[-57.358,-35.7102],[-57.3665,-35.7119],[-57.3789,-35.7083],[-57.3804,-35.6893],[-57.3706,-35.6836],[-57.3835,-35.6756],[-57.3878,-35.6702],[-57.4052,-35.6624],[-57.4111,-35.6646],[-57.4185,-35.6554],[-57.4134,-35.6511],[-57.4177,-35.6442],[-57.4267,-35.6446],[-57.4393,-35.6374],[-57.4371,-35.6237],[-57.4291,-35.6253],[-57.4274,-35.6156],[-57.4482,-35.6098],[-57.4545,-35.5992],[-57.4639,-35.5947],[-57.4659,-35.5891],[-57.4583,-35.5857],[-57.4545,-35.578],[-57.4561,-35.5698],[-57.4523,-35.5637],[-57.4581,-35.56],[-57.4513,-35.5541],[-57.4548,-35.5438],[-57.4465,-35.5376],[-57.4448,-35.527],[-57.4356,-35.5188],[-57.4376,-35.5126],[-57.4504,-35.5052],[-57.4627,-35.504],[-57.4703,-35.5006],[-57.4623,-35.495],[-57.4784,-35.4847],[-57.4818,-35.4756],[-57.4886,-35.4677],[-57.4949,-35.4723],[-57.5018,-35.4666],[-57.5116,-35.467],[-57.52,-35.4711],[-57.5433,-35.4714],[-57.5569,-35.4563],[-57.5811,-35.4593],[-57.5848,-35.4565],[-57.6191,-35.4643],[-57.633,-35.4702],[-57.6511,-35.4659],[-57.6569,-35.4617],[-57.6724,-35.4639],[-57.6825,-35.4818],[-57.6888,-35.4846],[-57.7073,-35.4806],[-57.7196,-35.4805],[-57.7285,-35.4757],[-57.7472,-35.473],[-57.7521,-35.462],[-57.7665,-35.4636],[-57.7698,-35.4603],[-57.7697,-35.441],[-57.774,-35.4388],[-57.786,-35.4435],[-57.7973,-35.445],[-57.8159,-35.4418],[-57.8311,-35.4247],[-57.8337,-35.4151],[-57.8537,-35.4118],[-57.8622,-35.4002],[-57.8707,-35.398],[-57.8723,-35.3866],[-57.8884,-35.3844],[-57.8952,-35.381],[-57.9087,-35.3797],[-57.9131,-35.3818],[-57.9183,-35.3716],[-57.9364,-35.3763],[-57.9507,-35.3671],[-57.9531,-35.3593],[-57.9676,-35.3552],[-57.9728,-35.3472],[-57.9784,-35.3456],[-57.9779,-35.3375],[-57.9849,-35.3302],[-58.0018,-35.3326],[-58.0091,-35.3428],[-58.0246,-35.3532],[-58.035,-35.3474],[-58.0362,-35.3436],[-58.0458,-35.3343],[-58.1399,-35.4194],[-58.1549,-35.4083],[-58.1949,-35.4406],[-58.1526,-35.4727],[-58.204,-35.5182],[-58.1995,-35.5219],[-58.2691,-35.5798],[-58.3329,-35.6351],[-58.3424,-35.6521],[-58.4364,-35.7325],[-58.4523,-35.7409],[-58.4494,-35.7567],[-58.4549,-35.7603],[-58.4541,-35.7686],[-58.4445,-35.7679],[-58.4311,-35.7757],[-58.4215,-35.7858],[-58.4157,-35.7949],[-58.4192,-35.7988],[-58.4157,-35.8136],[-58.4081,-35.8202],[-58.389,-35.8181],[-58.3817,-35.821],[-58.3801,-35.8264],[-58.3713,-35.8332],[-58.3622,-35.8346],[-58.3429,-35.8436],[-58.3429,-35.8572],[-58.3383,-35.862],[-58.3284,-35.8632],[-58.3218,-35.8675],[-58.3134,-35.8679],[-58.2991,-35.8545],[-58.2924,-35.8538],[-58.2833,-35.86]]]},"properties":{"id":145,"departamento":"CHASCOMUS","cabecera":"CHASCOMUS","provincia":"BUENOS AIRES"}},
{"type":"Feature","geometry":{"type":"Polygon","coordinates":[[[-57.7527,-34.9707],[-57.7081,-34.9303],[-57.7194,-34.9279],[-57.7516,-34.9134],[-57.7867,-34.8924],[-57.8014,-34.8793],[-57.8167,-34.8677],[-57.821,-34.8665],[-57.8636,-34.8401],[-57.8757,-34.8271],[-57.8769,-34.829],[-57.8881,-34.8506],[-57.9007,-34.8748],[-57.932,-34.9035],[-57.8963,-34.9303],[-57.8717,-34.9377],[-57.862,-34.9376],[-57.8422,-34.9488],[-57.804,-34.964],[-57.7847,-34.9626],[-57.7709,-34.9571],[-57.7527,-34.9707]]]},"properties":{"id":146,"departamento":"BERISSO","cabecera":"BERISSO","provincia":"BUENOS AIRES"}},
{"type":"Feature","geometry":{"type":"Polygon","coordinates":[[[-58.0471,-37.9557],[-57.9589,-38.0227],[-57.9422,-38.0091],[-57.8757,-38.0601],[-57.8469,-38.036],[-57.83,-38.0489],[-57.8417,-38.0521],[-57.8458,-38.0587],[-57.836,-38.0718],[-57.8376,-38.0816],[-57.8184,-38.0845],[-57.8127,-38.0947],[-57.8176,-38.0988],[-57.8209,-38.1193],[-57.8098,-38.1397],[-57.8124,-38.1473],[-57.8059,-38.1556],[-57.8031,-38.172],[-57.8027,-38.1729],[-57.7952,-38.1824],[-57.7891,-38.2008],[-57.7825,-38.209],[-57.7821,-38.2303],[-57.7768,-38.2456],[-57.7549,-38.2373],[-57.7278,-38.2289],[-57.7002,-38.2146],[-57.6914,-38.208],[-57.682,-38.2046],[-57.6652,-38.1935],[-57.6496,-38.1804],[-57.6341,-38.1706],[-57.6319,-38.165],[-57.6166,-38.152],[-57.6073,-38.1384],[-57.6048,-38.1307],[-57.5938,-38.1199],[-57.5746,-38.1091],[-57.5624,-38.1045],[-57.5445,-38.1011],[-57.5414,-38.09],[-57.5357,-38.081],[-57.542,-38.0729],[-57.539,-38.0622],[-57.5314,-38.0485],[-57.5363,-38.0363],[-57.5307,-38.032],[-57.524,-38.0165],[-57.5307,-38.0151],[-57.5326,-38.0078],[-57.54,-38.0047],[-57.5438,-37.9812],[-57.542,-37.9696],[-57.5336,-37.9463],[-57.5218,-37.9032],[-57.5195,-37.8895],[-57.5531,-37.8641],[-57.5942,-37.833],[-57.6979,-37.7542],[-57.6885,-37.7539],[-57.6732,-37.7479],[-57.6731,-37.7451],[-57.736,-37.6995],[-57.7408,-37.703],[-57.828,-37.7753],[-57.8366,-37.7833],[-57.873,-37.8128],[-58.0005,-37.9168],[-58.0471,-37.9557]]]},"properties":{"id":155,"departamento":"GENERAL PUEYRREDON","cabecera":"MAR DEL PLATA","provincia":"BUENOS AIRES"}},
{"type":"Feature","geometry":{"type":"Polygon","coordinates":[[[-57.7696,-37.1361],[-57.8497,-37.2102],[-57.9658,-37.316],[-57.9947,-37.3435],[-58.0956,-37.437],[-57.9733,-37.5254],[-57.967,-37.5295],[-57.7747,-37.6682],[-57.7342,-37.698],[-57.736,-37.6995],[-57.6731,-37.7451],[-57.6732,-37.7479],[-57.6885,-37.7539],[-57.6979,-37.7542],[-57.5942,-37.833],[-57.5531,-37.8641],[-57.5195,-37.8895],[-57.513,-37.8675],[-57.5036,-37.8446],[-57.4868,-37.8214],[-57.4689,-37.8003],[-57.4269,-37.7528],[-57.415,-37.7419],[-57.4099,-37.734],[-57.3834,-37.711],[-57.3059,-37.6496],[-57.2983,-37.6453],[-57.2802,-37.6282],[-57.2582,-37.6111],[-57.24,-37.5945],[-57.2214,-37.5757],[-57.2074,-37.5656],[-57.1881,-37.5493],[-57.2071,-37.5357],[-57.218,-37.5279],[-57.3668,-37.4208],[-57.4525,-37.3604],[-57.4911,-37.3339],[-57.5421,-37.2978],[-57.5429,-37.2983],[-57.6755,-37.2023],[-57.7696,-37.1361]]]},"properties":{"id":156,"departamento":"MAR CHIQUITA","cabecera":"CORONEL VIDAL","provincia":"BUENOS AIRES"}},
{"type":"Feature","geometry":{"type":"Polygon","coordinates":[[[-56.7905,-37.0339],[-56.7764,-37.0174],[-56.7636,-37],[-56.7463,-36.9792],[-56.7206,-36.9513],[-56.7146,-36.9429],[-56.6891,-36.9143],[-56.6653,-36.8819],[-56.6642,-36.8673],[-56.6723,-36.8382],[-56.6747,-36.8232],[-56.6744,-36.7896],[-56.672,-36.743],[-56.673,-36.7091],[-56.6745,-36.7008],[-56.6844,-36.6109],[-56.6871,-36.5454],[-56.6914,-36.4812],[-56.6936,-36.4715],[-56.6953,-36.4433],[-56.7008,-36.4047],[-56.7076,-36.378],[-56.7162,-36.3542],[-56.7308,-36.3279],[-56.7458,-36.3112],[-56.757,-36.3013],[-56.7742,-36.2947],[-56.7762,-36.3155],[-56.7716,-36.3266],[-56.7658,-36.3286],[-56.7675,-36.3377],[-56.7795,-36.3269],[-56.7868,-36.3259],[-56.7977,-36.3293],[-56.7975,-36.3299],[-56.7198,-36.4167],[-56.7127,-36.4358],[-56.7142,-36.4638],[-56.7154,-36.4693],[-56.7121,-36.4891],[-56.7162,-36.5277],[-56.7156,-36.5333],[-56.7415,-36.5312],[-56.7257,-36.5506],[-56.716,-36.5599],[-56.7086,-36.637],[-56.7062,-36.6436],[-56.7055,-36.6662],[-56.7001,-36.706],[-56.7032,-36.7222],[-56.7035,-36.7778],[-56.7126,-36.8212],[-56.6981,-36.8528],[-56.7155,-36.8852],[-56.7359,-36.9013],[-56.7476,-36.925],[-56.7615,-36.9387],[-56.7707,-36.9524],[-56.7826,-36.9764],[-56.8028,-36.9964],[-56.8213,-37.0242],[-56.8006,-37.0307],[-56.7905,-37.0339]]]},"properties":{"id":159,"departamento":"LA COSTA","cabecera":"MAR DEL TUYU","provincia":"BUENOS AIRES"}},
{"type":"Feature","geometry":{"type":"Polygon","coordinates":[[[-57.1759,-36.7845],[-57.1064,-36.8358],[-57.0935,-36.8351],[-57.0895,-36.8278],[-56.9978,-36.8621],[-56.9965,-36.8803],[-56.9928,-36.8936],[-57.0058,-36.905],[-57.0006,-36.907],[-56.9946,-36.901],[-56.9889,-36.9013],[-56.9882,-36.9014],[-56.9806,-36.904],[-56.9826,-36.9173],[-56.9876,-36.9339],[-56.9846,-36.9496],[-56.9667,-36.953],[-56.9613,-36.957],[-56.9493,-36.956],[-56.9425,-36.9583],[-56.9489,-36.9658],[-56.946,-36.9773],[-56.9551,-36.9892],[-56.9472,-36.9938],[-56.9344,-36.995],[-56.9336,-36.9953],[-56.9249,-36.9986],[-56.9163,-36.9982],[-56.9047,-37.002],[-56.9012,-36.9988],[-56.8213,-37.0242],[-56.8028,-36.9964],[-56.7826,-36.9764],[-56.7707,-36.9524],[-56.7615,-36.9387],[-56.7476,-36.925],[-56.7359,-36.9013],[-56.7155,-36.8852],[-56.6981,-36.8528],[-56.7126,-36.8212],[-56.7035,-36.7778],[-56.7032,-36.7222],[-56.7001,-36.706],[-56.7055,-36.6662],[-56.7062,-36.6436],[-56.7086,-36.637],[-56.716,-36.5599],[-56.7257,-36.5506],[-56.7415,-36.5312],[-56.7156,-36.5333],[-56.7162,-36.5277],[-56.7121,-36.4891],[-56.7154,-36.4693],[-56.7142,-36.4638],[-56.7127,-36.4358],[-56.7198,-36.4167],[-56.7975,-36.3299],[-56.7977,-36.3293],[-56.8108,-36.3314],[-56.8514,-36.3321],[-56.8578,-36.3291],[-56.8778,-36.3292],[-56.8984,-36.3335],[-56.9109,-36.3422],[-56.9186,-36.3347],[-56.9289,-36.3329],[-56.9439,-36.3366],[-56.9464,-36.3332],[-56.971,-36.3333],[-56.9828,-36.3301],[-57.0085,-36.3261],[-57.0169,-36.3299],[-57.0182,-36.339],[-57.0163,-36.3415],[-57.0313,-36.3504],[-57.0619,-36.3773],[-57.0692,-36.3861],[-57.0596,-36.393],[-57.0498,-36.4065],[-57.0417,-36.4139],[-57.0399,-36.427],[-57.0585,-36.4294],[-57.0663,-36.4376],[-57.0799,-36.4423],[-57.0828,-36.4535],[-57.0996,-36.4414],[-57.1771,-36.512],[-57.1652,-36.5206],[-57.3295,-36.6686],[-57.2413,-36.7317],[-57.2426,-36.7331],[-57.1759,-36.7845]]]},"properties":{"id":160,"departamento":"GENERAL LAVALLE","cabecera":"GENERAL LAVALLE","provincia":"BUENOS AIRES"}},
{"type":"Feature","geometry":{"type":"Polygon","coordinates":[[[-57.3295,-36.6686],[-57.1652,-36.5206],[-57.1771,-36.512],[-57.0996,-36.4414],[-57.0828,-36.4535],[-57.0799,-36.4423],[-57.0663,-36.4376],[-57.0585,-36.4294],[-57.0399,-36.427],[-57.0417,-36.4139],[-57.0498,-36.4065],[-57.0596,-36.393],[-57.0692,-36.3861],[-57.0619,-36.3773],[-57.0313,-36.3504],[-57.0163,-36.3415],[-57.0182,-36.339],[-57.0174,-36.3232],[-57.0411,-36.3116],[-57.0518,-36.3078],[-57.079,-36.2935],[-57.1051,-36.2783],[-57.1142,-36.2808],[-57.1164,-36.2708],[-57.1263,-36.2691],[-57.1302,-36.2608],[-57.1545,-36.241],[-57.1664,-36.2327],[-57.2067,-36.1984],[-57.2467,-36.1911],[-57.4192,-36.1572],[-57.4734,-36.3402],[-57.3442,-36.3654],[-57.3675,-36.3873],[-57.4011,-36.4155],[-57.422,-36.4601],[-57.4451,-36.479],[-57.4007,-36.5125],[-57.4658,-36.5704],[-57.3295,-36.6686]]]},"properties":{"id":161,"departamento":"TORDILLO","cabecera":"GENERAL CONESA","provincia":"BUENOS AIRES"}},
{"type":"Feature","geometry":{"type":"Polygon","coordinates":[[[-57.9727,-36.2637],[-57.965,-36.27],[-57.8838,-36.3022],[-57.8723,-36.2673],[-57.8159,-36.2788],[-57.7847,-36.1775],[-57.7505,-36.1861],[-57.6717,-36.203],[-57.6575,-36.1533],[-57.6551,-36.1536],[-57.649,-36.1311],[-57.6514,-36.1305],[-57.6452,-36.1075],[-57.5289,-36.1281],[-57.531,-36.1351],[-57.4192,-36.1572],[-57.2467,-36.1911],[-57.2067,-36.1984],[-57.2322,-36.1761],[-57.2708,-36.1349],[-57.2808,-36.1349],[-57.2812,-36.1248],[-57.2923,-36.107],[-57.2942,-36.1006],[-57.3034,-36.0948],[-57.3103,-36.0789],[-57.3233,-36.06],[-57.329,-36.0555],[-57.3319,-36.0456],[-57.3395,-36.0407],[-57.35,-36.018],[-57.3555,-36.0093],[-57.3634,-35.987],[-57.3745,-35.9592],[-57.3696,-35.9545],[-57.3736,-35.9488],[-57.3756,-35.9361],[-57.3799,-35.9264],[-57.3846,-35.9074],[-57.385,-35.8653],[-57.3832,-35.8393],[-57.3843,-35.8339],[-57.3781,-35.822],[-57.3777,-35.8081],[-57.3747,-35.7977],[-57.3686,-35.7903],[-57.3683,-35.7796],[-57.3612,-35.7488],[-57.3621,-35.7438],[-57.3784,-35.7458],[-57.3858,-35.7421],[-57.3849,-35.7381],[-57.3981,-35.7391],[-57.3968,-35.743],[-57.4111,-35.7455],[-57.4023,-35.7571],[-57.4092,-35.7594],[-57.4089,-35.7614],[-57.41,-35.7646],[-57.4079,-35.768],[-57.4178,-35.7666],[-57.4177,-35.7683],[-57.4292,-35.7769],[-57.4243,-35.7823],[-57.4286,-35.7838],[-57.4281,-35.782],[-57.4307,-35.7817],[-57.4307,-35.783],[-57.4307,-35.7834],[-57.4418,-35.7815],[-57.4417,-35.7811],[-57.4553,-35.777],[-57.4603,-35.7795],[-57.4546,-35.7826],[-57.4611,-35.788],[-57.4581,-35.7849],[-57.4678,-35.7841],[-57.4676,-35.7824],[-57.4768,-35.7847],[-57.4764,-35.7868],[-57.4764,-35.7877],[-57.4764,-35.7883],[-57.4806,-35.7909],[-57.4804,-35.7921],[-57.4827,-35.7948],[-57.4776,-35.7991],[-57.4921,-35.8153],[-57.492,-35.8181],[-57.4927,-35.8205],[-57.4902,-35.8259],[-57.5007,-35.8274],[-57.5125,-35.825],[-57.5241,-35.8309],[-57.524,-35.8315],[-57.5241,-35.8321],[-57.5241,-35.8325],[-57.5246,-35.8354],[-57.5245,-35.836],[-57.5246,-35.8368],[-57.5246,-35.8374],[-57.532,-35.8432],[-57.5449,-35.8473],[-57.5573,-35.8456],[-57.5619,-35.8531],[-57.5618,-35.8533],[-57.5618,-35.8537],[-57.5731,-35.8563],[-57.5774,-35.8469],[-57.5768,-35.8445],[-57.5798,-35.8397],[-57.5793,-35.8372],[-57.5874,-35.831],[-57.6129,-35.8333],[-57.6236,-35.8324],[-57.6387,-35.8371],[-57.6513,-35.8381],[-57.6536,-35.8426],[-57.6534,-35.8444],[-57.6534,-35.8448],[-57.6534,-35.8452],[-57.6533,-35.8459],[-57.6533,-35.8462],[-57.6533,-35.8466],[-57.6626,-35.8451],[-57.6625,-35.8442],[-57.6832,-35.8312],[-57.6934,-35.8356],[-57.7106,-35.8349],[-57.7133,-35.8412],[-57.7133,-35.8413],[-57.7135,-35.8421],[-57.7135,-35.8424],[-57.7136,-35.8436],[-57.7136,-35.8438],[-57.7137,-35.8442],[-57.7133,-35.8462],[-57.7133,-35.8464],[-57.7133,-35.8467],[-57.7134,-35.8477],[-57.7128,-35.8496],[-57.7129,-35.8501],[-57.7126,-35.8514],[-57.7126,-35.8518],[-57.7125,-35.8531],[-57.7126,-35.8543],[-57.7119,-35.8557],[-57.7119,-35.8563],[-57.7118,-35.8566],[-57.712,-35.857],[-57.7119,-35.8573],[-57.7124,-35.8587],[-57.7122,-35.8598],[-57.7135,-35.8653],[-57.7133,-35.8689],[-57.7133,-35.8693],[-57.7129,-35.8708],[-57.7129,-35.8712],[-57.7129,-35.8714],[-57.7216,-35.8774],[-57.729,-35.8865],[-57.7336,-35.8974],[-57.7332,-35.8987],[-57.7332,-35.8989],[-57.7235,-35.9126],[-57.7235,-35.913],[-57.7234,-35.9135],[-57.7237,-35.9146],[-57.7237,-35.9151],[-57.73,-35.9209],[-57.73,-35.9213],[-57.7359,-35.9256],[-57.7569,-35.9215],[-57.7632,-35.9221],[-57.7729,-35.9337],[-57.782,-35.9354],[-57.8022,-35.9352],[-57.8329,-35.9436],[-57.8428,-35.9601],[-57.865,-35.9659],[-57.8697,-35.9687],[-57.8929,-35.9756],[-57.9053,-35.9753],[-57.905,-35.9771],[-57.9128,-35.9914],[-57.9285,-35.9891],[-57.9397,-35.9927],[-57.9436,-35.9998],[-57.9435,-36.0045],[-57.945,-36.0096],[-57.9583,-36.0287],[-57.9656,-36.0275],[-57.9731,-36.031],[-57.986,-36.0261],[-57.9859,-36.0256],[-57.986,-36.0253],[-57.9832,-36.0217],[-57.99,-36.0229],[-57.9925,-36.0293],[-58.005,-36.0419],[-58.0005,-36.0447],[-57.9669,-36.0648],[-58.0412,-36.1263],[-58.0526,-36.1181],[-58.0935,-36.1546],[-58.0775,-36.1664],[-57.9604,-36.2527],[-57.9727,-36.2637]]]},"properties":{"id":162,"departamento":"CASTELLI","cabecera":"CASTELLI","provincia":"BUENOS AIRES"}},
{"type":"Feature","geometry":{"type":"Polygon","coordinates":[[[-57.3472,-35.7166],[-57.3407,-35.7129],[-57.3246,-35.6948],[-57.2856,-35.6454],[-57.2766,-35.6318],[-57.2588,-35.6093],[-57.2513,-35.5971],[-57.2284,-35.5702],[-57.2141,-35.5551],[-57.1908,-35.5334],[-57.1613,-35.5016],[-57.1532,-35.495],[-57.1454,-35.4804],[-57.1273,-35.4426],[-57.129,-35.4298],[-57.1327,-35.4195],[-57.1469,-35.3926],[-57.1469,-35.3894],[-57.1659,-35.3658],[-57.1861,-35.3355],[-57.19,-35.325],[-57.204,-35.3016],[-57.2157,-35.2901],[-57.2257,-35.2711],[-57.2318,-35.2645],[-57.2783,-35.2238],[-57.2797,-35.2206],[-57.3029,-35.1975],[-57.3031,-35.1977],[-57.3421,-35.2182],[-57.4041,-35.2502],[-57.4268,-35.2344],[-57.4608,-35.2666],[-57.4939,-35.2431],[-57.5498,-35.2961],[-57.5442,-35.2998],[-57.5033,-35.3014],[-57.5723,-35.3635],[-57.5893,-35.3504],[-57.6026,-35.3618],[-57.5911,-35.3249],[-57.5849,-35.2977],[-57.6097,-35.2734],[-57.6047,-35.2686],[-57.6263,-35.2651],[-57.6342,-35.2608],[-57.668,-35.2936],[-57.6136,-35.3334],[-57.641,-35.3557],[-57.6514,-35.3479],[-57.6544,-35.3505],[-57.6649,-35.3428],[-57.682,-35.3583],[-57.6719,-35.3661],[-57.6835,-35.3765],[-57.7172,-35.3522],[-57.7277,-35.3489],[-57.7464,-35.3745],[-57.7598,-35.4047],[-57.792,-35.4366],[-57.7973,-35.445],[-57.786,-35.4435],[-57.774,-35.4388],[-57.7697,-35.441],[-57.7698,-35.4603],[-57.7665,-35.4636],[-57.7521,-35.462],[-57.7472,-35.473],[-57.7285,-35.4757],[-57.7196,-35.4805],[-57.7073,-35.4806],[-57.6888,-35.4846],[-57.6825,-35.4818],[-57.6724,-35.4639],[-57.6569,-35.4617],[-57.6511,-35.4659],[-57.633,-35.4702],[-57.6191,-35.4643],[-57.5848,-35.4565],[-57.5811,-35.4593],[-57.5569,-35.4563],[-57.5433,-35.4714],[-57.52,-35.4711],[-57.5116,-35.467],[-57.5018,-35.4666],[-57.4949,-35.4723],[-57.4886,-35.4677],[-57.4818,-35.4756],[-57.4784,-35.4847],[-57.4623,-35.495],[-57.4703,-35.5006],[-57.4627,-35.504],[-57.4504,-35.5052],[-57.4376,-35.5126],[-57.4356,-35.5188],[-57.4448,-35.527],[-57.4465,-35.5376],[-57.4548,-35.5438],[-57.4513,-35.5541],[-57.4581,-35.56],[-57.4523,-35.5637],[-57.4561,-35.5698],[-57.4545,-35.578],[-57.4583,-35.5857],[-57.4659,-35.5891],[-57.4639,-35.5947],[-57.4545,-35.5992],[-57.4482,-35.6098],[-57.4274,-35.6156],[-57.4291,-35.6253],[-57.4371,-35.6237],[-57.4393,-35.6374],[-57.4267,-35.6446],[-57.4177,-35.6442],[-57.4134,-35.6511],[-57.4185,-35.6554],[-57.4111,-35.6646],[-57.4052,-35.6624],[-57.3878,-35.6702],[-57.3835,-35.6756],[-57.3706,-35.6836],[-57.3804,-35.6893],[-57.3789,-35.7083],[-57.3665,-35.7119],[-57.358,-35.7102],[-57.3472,-35.7166]]]},"properties":{"id":163,"departamento":"PUNTA INDIO","cabecera":"VERONICA","provincia":"BUENOS AIRES"}},
{"type":"Feature","geometry":{"type":"Polygon","coordinates":[[[-57.9701,-35.1598],[-57.8902,-35.2221],[-58.0362,-35.3436],[-58.035,-35.3474],[-58.0246,-35.3532],[-58.0091,-35.3428],[-58.0018,-35.3326],[-57.9849,-35.3302],[-57.9779,-35.3375],[-57.9784,-35.3456],[-57.9728,-35.3472],[-57.9676,-35.3552],[-57.9531,-35.3593],[-57.9507,-35.3671],[-57.9364,-35.3763],[-57.9183,-35.3716],[-57.9131,-35.3818],[-57.9087,-35.3797],[-57.8952,-35.381],[-57.8884,-35.3844],[-57.8723,-35.3866],[-57.8707,-35.398],[-57.8622,-35.4002],[-57.8537,-35.4118],[-57.8337,-35.4151],[-57.8311,-35.4247],[-57.8159,-35.4418],[-57.7973,-35.445],[-57.792,-35.4366],[-57.7598,-35.4047],[-57.7464,-35.3745],[-57.7277,-35.3489],[-57.7172,-35.3522],[-57.6835,-35.3765],[-57.6719,-35.3661],[-57.682,-35.3583],[-57.6649,-35.3428],[-57.6544,-35.3505],[-57.6514,-35.3479],[-57.641,-35.3557],[-57.6136,-35.3334],[-57.668,-35.2936],[-57.6342,-35.2608],[-57.6263,-35.2651],[-57.6047,-35.2686],[-57.6097,-35.2734],[-57.5849,-35.2977],[-57.5911,-35.3249],[-57.6026,-35.3618],[-57.5893,-35.3504],[-57.5723,-35.3635],[-57.5033,-35.3014],[-57.5442,-35.2998],[-57.5498,-35.2961],[-57.4939,-35.2431],[-57.4608,-35.2666],[-57.4268,-35.2344],[-57.4041,-35.2502],[-57.3421,-35.2182],[-57.3031,-35.1977],[-57.3029,-35.1975],[-57.3401,-35.1581],[-57.3539,-35.1458],[-57.3694,-35.1342],[-57.3957,-35.1115],[-57.4059,-35.1054],[-57.4493,-35.0689],[-57.4738,-35.0536],[-57.4976,-35.0329],[-57.5048,-35.0304],[-57.5081,-35.0246],[-57.5323,-35.0135],[-57.5686,-35.0042],[-57.585,-34.9981],[-57.5997,-34.9901],[-57.6249,-34.97],[-57.6683,-34.9412],[-57.6911,-34.9328],[-57.7081,-34.9303],[-57.7527,-34.9707],[-57.8272,-35.038],[-57.8769,-35.0818],[-57.9701,-35.1598]]]},"properties":{"id":164,"departamento":"MAGDALENA","cabecera":"MAGDALENA","provincia":"BUENOS AIRES"}},
{"type":"Feature","geometry":{"type":"MultiPolygon","coordinates":[[[[-58.6483,-34.2662],[-58.6134,-34.2725],[-58.5836,-34.2819],[-58.5453,-34.2996],[-58.5227,-34.299],[-58.5101,-34.3037],[-58.5096,-34.295],[-58.5,-34.2883],[-58.504,-34.2805],[-58.5144,-34.271],[-58.5019,-34.2648],[-58.4876,-34.267],[-58.4754,-34.2734],[-58.4627,-34.2738],[-58.4515,-34.2658],[-58.4208,-34.2652],[-58.4118,-34.2607],[-58.404,-34.2508],[-58.4047,-34.2395],[-58.3986,-34.2347],[-58.4036,-34.2252],[-58.3894,-34.2226],[-58.3772,-34.2094],[-58.3823,-34.2033],[-58.3763,-34.1984],[-58.368,-34.1978],[-58.3566,-34.1892],[-58.3636,-34.1785],[-58.3711,-34.1717],[-58.3733,-34.1581],[-58.3687,-34.1519],[-58.3677,-34.1256],[-58.3616,-34.0901],[-58.3642,-34.0653],[-58.361,-34.0601],[-58.3647,-34.0503],[-58.379,-34.0412],[-58.3922,-34.0253],[-58.3986,-34.0149],[-58.4129,-34.0109],[-58.4162,-34.0027],[-58.4278,-34.0041],[-58.4432,-34.0022],[-58.4773,-34.0026],[-58.4982,-34.0086],[-58.5067,-34.013],[-58.5396,-34.0217],[-58.5532,-34.0267],[-58.5786,-34.0272],[-58.596,-34.0355],[-58.6072,-34.0379],[-58.6305,-34.0398],[-58.6505,-34.0367],[-58.6605,-34.0334],[-58.6751,-34.0256],[-58.7952,-34.079],[-58.8046,-34.0813],[-58.8047,-34.088],[-58.7848,-34.1085],[-58.7637,-34.1271],[-58.7685,-34.1315],[-58.7643,-34.1449],[-58.7601,-34.1506],[-58.7464,-34.1555],[-58.7463,-34.1657],[-58.7297,-34.1692],[-58.7202,-34.1685],[-58.7046,-34.1716],[-58.6922,-34.1722],[-58.6951,-34.1873],[-58.6944,-34.2005],[-58.6993,-34.2107],[-58.7108,-34.2192],[-58.7096,-34.2291],[-58.7114,-34.2484],[-58.6734,-34.2587],[-58.6483,-34.2662]]],[[[-58.5174,-34.4472],[-58.54,-34.4362],[-58.5424,-34.4328],[-58.5548,-34.4279],[-58.5605,-34.4297],[-58.5805,-34.4451],[-58.5954,-34.4484],[-58.5948,-34.4603],[-58.5989,-34.4638],[-58.5986,-34.4717],[-58.6063,-34.481],[-58.6,-34.4894],[-58.5848,-34.4801],[-58.5363,-34.457],[-58.5174,-34.4472]]]]},"properties":{"id":167,"departamento":"SAN FERNANDO","cabecera":"SAN FERNANDO","provincia":"BUENOS AIRES"}},
{"type":"Feature","geometry":{"type":"Polygon","coordinates":[[[-58.9199,-34.3807],[-58.9167,-34.369],[-58.9094,-34.3634],[-58.9179,-34.3524],[-58.9144,-34.3363],[-58.9174,-34.3284],[-58.9084,-34.3129],[-58.9011,-34.3109],[-58.8922,-34.3063],[-58.8824,-34.2962],[-58.8809,-34.2836],[-58.8763,-34.2748],[-58.8706,-34.2727],[-58.8583,-34.2621],[-58.8502,-34.2642],[-58.8301,-34.2748],[-58.8238,-34.2733],[-58.8083,-34.2816],[-58.7975,-34.2774],[-58.7904,-34.2827],[-58.7786,-34.2864],[-58.7746,-34.2817],[-58.7813,-34.271],[-58.7881,-34.255],[-58.8029,-34.2371],[-58.7943,-34.229],[-58.7748,-34.2364],[-58.7507,-34.2416],[-58.7114,-34.2484],[-58.7096,-34.2291],[-58.7108,-34.2192],[-58.6993,-34.2107],[-58.6944,-34.2005],[-58.6951,-34.1873],[-58.6922,-34.1722],[-58.7046,-34.1716],[-58.7202,-34.1685],[-58.7297,-34.1692],[-58.7463,-34.1657],[-58.7464,-34.1555],[-58.7601,-34.1506],[-58.7643,-34.1449],[-58.7685,-34.1315],[-58.7637,-34.1271],[-58.7848,-34.1085],[-58.8047,-34.088],[-58.8046,-34.0813],[-58.7952,-34.079],[-58.6751,-34.0256],[-58.684,-34.0193],[-58.7164,-33.9839],[-58.7335,-33.9665],[-58.7637,-33.9453],[-58.7722,-33.9425],[-58.7904,-33.9452],[-58.8156,-33.9546],[-58.8306,-33.9553],[-58.8518,-33.9485],[-58.8623,-33.9573],[-58.8806,-33.9578],[-58.881,-33.9579],[-58.897,-33.9566],[-58.9198,-33.958],[-58.9333,-33.9574],[-58.9547,-33.9639],[-58.9595,-33.9639],[-58.9607,-33.9638],[-58.9662,-33.9606],[-58.9997,-34.084],[-59.0096,-34.0989],[-59.0007,-34.1044],[-58.9823,-34.1102],[-58.9753,-34.1158],[-58.9732,-34.1286],[-59.1022,-34.1976],[-59.1028,-34.2002],[-59.1056,-34.2139],[-59.0915,-34.2284],[-59.0783,-34.2246],[-59.0579,-34.241],[-59.0622,-34.2477],[-59.0357,-34.2681],[-59.0378,-34.2704],[-59.0157,-34.2894],[-59.0149,-34.295],[-58.9817,-34.3223],[-58.9776,-34.3202],[-58.9453,-34.3589],[-58.9403,-34.3579],[-58.9199,-34.3807]]]},"properties":{"id":168,"departamento":"CAMPANA","cabecera":"CAMPANA","provincia":"BUENOS AIRES"}},
{"type":"Feature","geometry":{"type":"Polygon","coordinates":[[[-59.3234,-33.9961],[-59.3345,-33.9808],[-59.3394,-33.9563],[-59.346,-33.945],[-59.347,-33.9365],[-59.3398,-33.9268],[-59.3327,-33.925],[-59.3218,-33.9311],[-59.3132,-33.9242],[-59.3045,-33.926],[-59.2951,-33.9321],[-59.2837,-33.9305],[-59.2716,-33.9328],[-59.2641,-33.9394],[-59.2516,-33.9304],[-59.2307,-33.9265],[-59.2283,-33.9173],[-59.236,-33.9059],[-59.2399,-33.8961],[-59.2556,-33.8903],[-59.2661,-33.8775],[-59.2778,-33.8682],[-59.2874,-33.8642],[-59.301,-33.855],[-59.303,-33.851],[-59.2916,-33.8353],[-59.2929,-33.8295],[-59.2774,-33.8211],[-59.2732,-33.8194],[-59.2553,-33.8155],[-59.2367,-33.815],[-59.2258,-33.8124],[-59.2423,-33.8075],[-59.2489,-33.8034],[-59.2548,-33.7939],[-59.2517,-33.7726],[-59.2398,-33.7547],[-59.2354,-33.74],[-59.2398,-33.7301],[-59.2543,-33.7223],[-59.3072,-33.7293],[-59.3336,-33.7294],[-59.3777,-33.7365],[-59.3927,-33.7367],[-59.4253,-33.7326],[-59.449,-33.7245],[-59.4565,-33.7192],[-59.4678,-33.7043],[-59.4726,-33.6725],[-59.4757,-33.6584],[-59.4916,-33.6409],[-59.5116,-33.6751],[-59.5626,-33.7592],[-59.5329,-33.7657],[-59.5189,-33.7753],[-59.54,-33.7754],[-59.5574,-33.7724],[-59.5678,-33.7725],[-59.5764,-33.7795],[-59.5818,-33.7902],[-59.5885,-33.7921],[-59.5919,-33.7985],[-59.5904,-33.817],[-59.6028,-33.8265],[-59.5996,-33.8463],[-59.6029,-33.85],[-59.6139,-33.8724],[-59.623,-33.8748],[-59.6359,-33.8889],[-59.6349,-33.894],[-59.6458,-33.9022],[-59.6558,-33.9171],[-59.6599,-33.9196],[-59.6765,-33.9212],[-59.6861,-33.9322],[-59.7053,-33.9409],[-59.7181,-33.9569],[-59.7162,-33.9623],[-59.7232,-33.973],[-59.7292,-33.9777],[-59.7299,-33.985],[-59.7466,-33.9974],[-59.7449,-33.9999],[-59.7541,-34.0135],[-59.7477,-34.0212],[-59.7475,-34.0284],[-59.7404,-34.0396],[-59.741,-34.0484],[-59.7304,-34.0615],[-59.7274,-34.0697],[-59.7196,-34.0772],[-59.7164,-34.0867],[-59.7089,-34.0922],[-59.7117,-34.0983],[-59.7077,-34.1101],[-59.7176,-34.1279],[-59.7231,-34.1308],[-59.6757,-34.1668],[-59.6445,-34.1591],[-59.6288,-34.1586],[-59.6226,-34.1642],[-59.6134,-34.1676],[-59.6013,-34.1672],[-59.5951,-34.1707],[-59.5852,-34.1682],[-59.5845,-34.1681],[-59.5625,-34.1681],[-59.5515,-34.1562],[-59.5418,-34.1513],[-59.5417,-34.1432],[-59.5331,-34.1284],[-59.5257,-34.123],[-59.5106,-34.0991],[-59.4653,-34.1328],[-59.4635,-34.1351],[-59.3956,-34.0742],[-59.407,-34.0604],[-59.3781,-34.0563],[-59.3413,-34.042],[-59.3197,-34.0236],[-59.3174,-34.013],[-59.3226,-34.0049],[-59.3234,-33.9961]]]},"properties":{"id":169,"departamento":"BARADERO","cabecera":"BARADERO","provincia":"BUENOS AIRES"}},
{"type":"Feature","geometry":{"type":"Polygon","coordinates":[[[-59.3121,-34.1611],[-59.2371,-34.1718],[-59.2389,-34.1796],[-59.1028,-34.2002],[-59.1022,-34.1976],[-58.9732,-34.1286],[-58.9753,-34.1158],[-58.9823,-34.1102],[-59.0007,-34.1044],[-59.0096,-34.0989],[-58.9997,-34.084],[-58.9662,-33.9606],[-58.9607,-33.9638],[-58.9595,-33.9639],[-58.9547,-33.9639],[-58.9333,-33.9574],[-58.9198,-33.958],[-58.897,-33.9566],[-58.881,-33.9579],[-58.8806,-33.9578],[-58.8623,-33.9573],[-58.8518,-33.9485],[-58.8627,-33.9415],[-58.8713,-33.9334],[-58.8827,-33.9176],[-58.8877,-33.9076],[-58.8998,-33.891],[-58.9215,-33.8791],[-58.9396,-33.8735],[-58.9581,-33.8751],[-58.9779,-33.8704],[-58.9866,-33.8608],[-58.9888,-33.8461],[-58.9929,-33.8418],[-59.0041,-33.8418],[-59.015,-33.848],[-59.0288,-33.8463],[-59.0403,-33.8364],[-59.0555,-33.8324],[-59.0663,-33.8329],[-59.1,-33.8452],[-59.1126,-33.8483],[-59.1307,-33.8477],[-59.1386,-33.8438],[-59.1598,-33.824],[-59.1681,-33.8094],[-59.178,-33.8064],[-59.2188,-33.8147],[-59.2258,-33.8124],[-59.2367,-33.815],[-59.2553,-33.8155],[-59.2732,-33.8194],[-59.2774,-33.8211],[-59.2929,-33.8295],[-59.2916,-33.8353],[-59.303,-33.851],[-59.301,-33.855],[-59.2874,-33.8642],[-59.2778,-33.8682],[-59.2661,-33.8775],[-59.2556,-33.8903],[-59.2399,-33.8961],[-59.236,-33.9059],[-59.2283,-33.9173],[-59.2307,-33.9265],[-59.2516,-33.9304],[-59.2641,-33.9394],[-59.2716,-33.9328],[-59.2837,-33.9305],[-59.2951,-33.9321],[-59.3045,-33.926],[-59.3132,-33.9242],[-59.3218,-33.9311],[-59.3327,-33.925],[-59.3398,-33.9268],[-59.347,-33.9365],[-59.346,-33.945],[-59.3394,-33.9563],[-59.3345,-33.9808],[-59.3234,-33.9961],[-59.314,-34.0049],[-59.3137,-34.0123],[-59.3062,-34.0266],[-59.3045,-34.0378],[-59.3007,-34.0444],[-59.3029,-34.0632],[-59.2913,-34.0736],[-59.2686,-34.0844],[-59.266,-34.0915],[-59.2684,-34.1016],[-59.2735,-34.1071],[-59.2721,-34.1175],[-59.2761,-34.127],[-59.2726,-34.1327],[-59.2803,-34.1462],[-59.3003,-34.1582],[-59.3121,-34.1611]]]},"properties":{"id":170,"departamento":"ZARATE","cabecera":"ZARATE","provincia":"BUENOS AIRES"}},
{"type":"Feature","geometry":{"type":"Polygon","coordinates":[[[-59.7795,-34.0132],[-59.7633,-34.0045],[-59.753,-34.0026],[-59.7466,-33.9974],[-59.7299,-33.985],[-59.7292,-33.9777],[-59.7232,-33.973],[-59.7162,-33.9623],[-59.7181,-33.9569],[-59.7053,-33.9409],[-59.6861,-33.9322],[-59.6765,-33.9212],[-59.6599,-33.9196],[-59.6558,-33.9171],[-59.6458,-33.9022],[-59.6349,-33.894],[-59.6359,-33.8889],[-59.623,-33.8748],[-59.6139,-33.8724],[-59.6029,-33.85],[-59.5996,-33.8463],[-59.6028,-33.8265],[-59.5904,-33.817],[-59.5919,-33.7985],[-59.5885,-33.7921],[-59.5818,-33.7902],[-59.5764,-33.7795],[-59.5678,-33.7725],[-59.5574,-33.7724],[-59.54,-33.7754],[-59.5189,-33.7753],[-59.5329,-33.7657],[-59.5626,-33.7592],[-59.5116,-33.6751],[-59.4916,-33.6409],[-59.5042,-33.6336],[-59.5226,-33.6324],[-59.5313,-33.6354],[-59.5548,-33.651],[-59.5713,-33.6664],[-59.5827,-33.6789],[-59.5963,-33.6896],[-59.6081,-33.695],[-59.6188,-33.6922],[-59.6314,-33.6778],[-59.6344,-33.6654],[-59.6364,-33.6425],[-59.6424,-33.6341],[-59.6524,-33.6249],[-59.6644,-33.6175],[-59.6851,-33.6115],[-59.6953,-33.6108],[-59.7062,-33.6198],[-59.7246,-33.6229],[-59.7498,-33.6193],[-59.7703,-33.6127],[-59.7886,-33.6046],[-59.8077,-33.5885],[-59.8095,-33.582],[-59.8205,-33.5822],[-59.8214,-33.5822],[-59.8313,-33.5801],[-59.9279,-33.6664],[-60.0023,-33.7333],[-60.0418,-33.7694],[-60.0495,-33.7633],[-60.0711,-33.7806],[-60.0169,-33.8265],[-60.0243,-33.8266],[-59.9607,-33.8784],[-59.9411,-33.8932],[-59.8621,-33.9545],[-59.8273,-33.9793],[-59.7864,-34.0112],[-59.7795,-34.0132]]]},"properties":{"id":171,"departamento":"SAN PEDRO","cabecera":"SAN PEDRO","provincia":"BUENOS AIRES"}},
{"type":"Feature","geometry":{"type":"Polygon","coordinates":[[[-60.0243,-33.8266],[-60.0169,-33.8265],[-60.0711,-33.7806],[-60.0495,-33.7633],[-60.0418,-33.7694],[-60.0023,-33.7333],[-59.9279,-33.6664],[-59.8313,-33.5801],[-59.8214,-33.5822],[-59.8205,-33.5822],[-59.8095,-33.582],[-59.807,-33.5533],[-59.8094,-33.544],[-59.8232,-33.53],[-59.8393,-33.5214],[-59.8578,-33.5175],[-59.8761,-33.5156],[-59.8993,-33.5071],[-59.9076,-33.501],[-59.9235,-33.4801],[-59.9428,-33.4725],[-59.9704,-33.4704],[-59.9896,-33.4718],[-59.9994,-33.4701],[-60.0448,-33.4475],[-60.0558,-33.4397],[-60.0722,-33.4247],[-60.0784,-33.4154],[-60.0871,-33.3944],[-60.1111,-33.373],[-60.1381,-33.3591],[-60.1535,-33.356],[-60.1656,-33.3508],[-60.1679,-33.3571],[-60.1679,-33.3575],[-60.1664,-33.3616],[-60.1725,-33.3733],[-60.1701,-33.3806],[-60.1733,-33.3902],[-60.1899,-33.4079],[-60.1896,-33.4165],[-60.1853,-33.4271],[-60.192,-33.4354],[-60.1939,-33.45],[-60.1858,-33.4593],[-60.1795,-33.4586],[-60.1734,-33.4692],[-60.1601,-33.4734],[-60.1671,-33.4946],[-60.1661,-33.5004],[-60.1871,-33.5269],[-60.1992,-33.5347],[-60.2156,-33.5791],[-60.2308,-33.5867],[-60.2357,-33.6008],[-60.2453,-33.616],[-60.2633,-33.6155],[-60.2745,-33.6211],[-60.2809,-33.6204],[-60.2974,-33.6341],[-60.3133,-33.6507],[-60.2402,-33.6635],[-60.2434,-33.6485],[-60.1729,-33.6616],[-60.1757,-33.6728],[-60.1597,-33.6902],[-60.1412,-33.6935],[-60.1386,-33.7111],[-60.1563,-33.7454],[-60.1067,-33.8176],[-60.0939,-33.8173],[-60.0825,-33.8095],[-60.0723,-33.8159],[-60.0613,-33.819],[-60.0534,-33.8256],[-60.0466,-33.8275],[-60.0243,-33.8266]]]},"properties":{"id":172,"departamento":"RAMALLO","cabecera":"RAMALLO","provincia":"BUENOS AIRES"}},
{"type":"Feature","geometry":{"type":"Polygon","coordinates":[[[-60.1656,-33.3508],[-60.1762,-33.3392],[-60.1803,-33.3249],[-60.1905,-33.3032],[-60.2007,-33.2922],[-60.2282,-33.2804],[-60.2658,-33.2585],[-60.2741,-33.2638],[-60.266,-33.2692],[-60.2649,-33.2753],[-60.2704,-33.2879],[-60.2746,-33.2896],[-60.2825,-33.3136],[-60.2901,-33.3214],[-60.3025,-33.3282],[-60.3133,-33.3373],[-60.3237,-33.3491],[-60.3273,-33.3577],[-60.3261,-33.3677],[-60.3218,-33.3725],[-60.3318,-33.3972],[-60.3333,-33.4081],[-60.346,-33.4243],[-60.3599,-33.4304],[-60.3704,-33.4382],[-60.3888,-33.4482],[-60.3997,-33.4602],[-60.4092,-33.4673],[-60.4131,-33.485],[-60.4208,-33.505],[-60.4202,-33.5254],[-60.4236,-33.5291],[-60.417,-33.5421],[-60.4184,-33.5591],[-60.4247,-33.5651],[-60.4405,-33.568],[-60.4488,-33.5794],[-60.4564,-33.5821],[-60.4574,-33.5984],[-60.4433,-33.6089],[-60.43,-33.6188],[-60.4274,-33.6164],[-60.3941,-33.6414],[-60.3882,-33.636],[-60.3495,-33.6668],[-60.3267,-33.6835],[-60.3265,-33.6727],[-60.3133,-33.6507],[-60.2974,-33.6341],[-60.2809,-33.6204],[-60.2745,-33.6211],[-60.2633,-33.6155],[-60.2453,-33.616],[-60.2357,-33.6008],[-60.2308,-33.5867],[-60.2156,-33.5791],[-60.1992,-33.5347],[-60.1871,-33.5269],[-60.1661,-33.5004],[-60.1671,-33.4946],[-60.1601,-33.4734],[-60.1734,-33.4692],[-60.1795,-33.4586],[-60.1858,-33.4593],[-60.1939,-33.45],[-60.192,-33.4354],[-60.1853,-33.4271],[-60.1896,-33.4165],[-60.1899,-33.4079],[-60.1733,-33.3902],[-60.1701,-33.3806],[-60.1725,-33.3733],[-60.1664,-33.3616],[-60.1679,-33.3575],[-60.1679,-33.3571],[-60.1656,-33.3508]]]},"properties":{"id":173,"departamento":"SAN NICOLAS","cabecera":"SAN NICOLAS DE LOS ARROYOS","provincia":"BUENOS AIRES"}},
{"type":"Feature","geometry":{"type":"Polygon","coordinates":[[[-60.4967,-34.1767],[-60.4088,-34.0973],[-60.414,-34.0932],[-60.3113,-34.0001],[-60.2999,-33.9982],[-60.2823,-34.0063],[-60.2696,-34.0094],[-60.2551,-34.0098],[-60.2444,-34.007],[-60.2368,-34.0122],[-60.2367,-33.9994],[-60.2315,-33.8692],[-60.1962,-33.8242],[-60.1563,-33.7454],[-60.1386,-33.7111],[-60.1412,-33.6935],[-60.1597,-33.6902],[-60.1757,-33.6728],[-60.1729,-33.6616],[-60.2434,-33.6485],[-60.2402,-33.6635],[-60.3133,-33.6507],[-60.3265,-33.6727],[-60.3267,-33.6835],[-60.3495,-33.6668],[-60.3882,-33.636],[-60.3941,-33.6414],[-60.4274,-33.6164],[-60.43,-33.6188],[-60.4433,-33.6089],[-60.4574,-33.5984],[-60.4604,-33.6105],[-60.4572,-33.6283],[-60.4686,-33.6382],[-60.5031,-33.6464],[-60.5186,-33.6448],[-60.5226,-33.6488],[-60.5603,-33.6459],[-60.5701,-33.6396],[-60.5869,-33.6344],[-60.6012,-33.628],[-60.624,-33.6266],[-60.6391,-33.6161],[-60.6464,-33.6082],[-60.6543,-33.6048],[-60.6647,-33.592],[-60.6846,-33.5852],[-60.7002,-33.5846],[-60.7097,-33.5881],[-60.7327,-33.5863],[-60.7463,-33.588],[-60.7614,-33.5849],[-60.7708,-33.5802],[-60.7804,-33.5786],[-60.8089,-33.5551],[-60.8099,-33.5472],[-60.8181,-33.5396],[-60.8243,-33.5436],[-60.8626,-33.5467],[-60.8799,-33.5555],[-60.8934,-33.5652],[-60.9108,-33.5807],[-60.8932,-33.5954],[-60.8719,-33.6135],[-60.8513,-33.6416],[-60.8415,-33.6519],[-60.8113,-33.6743],[-60.9018,-33.7487],[-60.862,-33.7806],[-60.9441,-33.8568],[-60.9069,-33.8875],[-60.9011,-33.8824],[-60.8032,-33.9571],[-60.7978,-33.9521],[-60.7367,-33.9995],[-60.6975,-34.0333],[-60.7076,-34.0417],[-60.696,-34.0509],[-60.6887,-34.0528],[-60.6741,-34.0651],[-60.6726,-34.073],[-60.6569,-34.0922],[-60.6369,-34.097],[-60.6323,-34.1083],[-60.6243,-34.1119],[-60.6038,-34.1128],[-60.592,-34.1157],[-60.5777,-34.1158],[-60.5573,-34.1295],[-60.5411,-34.1374],[-60.5229,-34.1397],[-60.5038,-34.1551],[-60.4992,-34.1662],[-60.4945,-34.1712],[-60.4967,-34.1767]]]},"properties":{"id":174,"departamento":"PERGAMINO","cabecera":"PERGAMINO","provincia":"BUENOS AIRES"}},
{"type":"Feature","geometry":{"type":"Polygon","coordinates":[[[-60.9069,-33.8875],[-60.9441,-33.8568],[-60.862,-33.7806],[-60.9018,-33.7487],[-60.8113,-33.6743],[-60.8415,-33.6519],[-60.8513,-33.6416],[-60.8719,-33.6135],[-60.8932,-33.5954],[-60.9108,-33.5807],[-60.9181,-33.5902],[-60.9228,-33.6181],[-60.9207,-33.6362],[-60.9289,-33.6438],[-60.9321,-33.6529],[-61.1273,-33.8344],[-61.3323,-34.0251],[-61.3046,-34.0479],[-61.2101,-34.1256],[-61.2049,-34.1194],[-61.1807,-34.0983],[-61.1528,-34.0856],[-61.1496,-34.0818],[-61.1278,-34.0759],[-61.1226,-34.0717],[-61.1037,-34.0592],[-61.0923,-34.0565],[-61.0801,-34.051],[-61.0784,-34.0458],[-61.0608,-34.0377],[-61.0509,-34.0298],[-61.0121,-33.9821],[-60.9461,-33.9264],[-60.949,-33.923],[-60.9069,-33.8875]]]},"properties":{"id":175,"departamento":"COLON","cabecera":"COLON","provincia":"BUENOS AIRES"}},
{"type":"Feature","geometry":{"type":"Polygon","coordinates":[[[-61.3295,-34.4527],[-61.3685,-34.4197],[-61.3764,-34.4254],[-61.4163,-34.3927],[-61.3948,-34.3738],[-61.4732,-34.3066],[-61.5094,-34.3359],[-61.5489,-34.3032],[-61.6105,-34.3526],[-61.6231,-34.3418],[-61.6487,-34.3196],[-61.6488,-34.3195],[-61.7176,-34.3836],[-61.8157,-34.3836],[-61.9844,-34.5177],[-61.8453,-34.6372],[-61.7696,-34.5761],[-61.7105,-34.6268],[-61.6451,-34.6834],[-61.6122,-34.6564],[-61.5979,-34.6681],[-61.5168,-34.6026],[-61.4373,-34.6706],[-61.339,-34.5911],[-61.2744,-34.5407],[-61.3558,-34.4738],[-61.3295,-34.4527]]]},"properties":{"id":398,"departamento":"LEANDRO N ALEM","cabecera":"VEDIA","provincia":"BUENOS AIRES"}},
{"type":"Feature","geometry":{"type":"Polygon","coordinates":[[[-61.1226,-34.0717],[-61.1278,-34.0759],[-61.1496,-34.0818],[-61.1528,-34.0856],[-61.1807,-34.0983],[-61.2049,-34.1194],[-61.2101,-34.1256],[-61.3046,-34.0479],[-61.3323,-34.0251],[-61.5049,-34.1855],[-61.6488,-34.3195],[-61.6487,-34.3196],[-61.6231,-34.3418],[-61.6105,-34.3526],[-61.5489,-34.3032],[-61.5094,-34.3359],[-61.4732,-34.3066],[-61.3948,-34.3738],[-61.4163,-34.3927],[-61.3764,-34.4254],[-61.3685,-34.4197],[-61.3295,-34.4527],[-61.2614,-34.3997],[-61.2561,-34.403],[-61.2361,-34.4032],[-61.2313,-34.4129],[-61.2309,-34.425],[-61.2316,-34.4276],[-61.2281,-34.436],[-61.214,-34.4312],[-61.2092,-34.4249],[-61.1966,-34.4235],[-61.1939,-34.413],[-61.197,-34.4037],[-61.1937,-34.3888],[-61.1989,-34.3768],[-61.1925,-34.3648],[-61.1845,-34.3626],[-61.1769,-34.3659],[-61.1211,-34.3193],[-61.1305,-34.3113],[-61.0981,-34.2841],[-61.0703,-34.3074],[-61.0415,-34.2833],[-61.0592,-34.2689],[-61.0134,-34.2306],[-60.9588,-34.2764],[-60.9171,-34.2415],[-61.1226,-34.0717]]]},"properties":{"id":399,"departamento":"GENERAL ARENALES","cabecera":"GENERAL ARENALES","provincia":"BUENOS AIRES"}},
{"type":"Feature","geometry":{"type":"Polygon","coordinates":[[[-62.9702,-36.8629],[-63.0395,-36.8077],[-63.186,-36.6875],[-63.2825,-36.6077],[-63.3841,-36.5262],[-63.384,-36.5799],[-63.384,-36.8319],[-63.3838,-37.7198],[-63.3838,-37.8098],[-63.3778,-37.8152],[-63.3368,-37.7831],[-63.219,-37.6912],[-62.8125,-37.3739],[-62.645,-37.5218],[-62.6295,-37.51],[-62.4255,-37.3484],[-62.5383,-37.2572],[-62.5095,-37.2343],[-62.5102,-37.2186],[-62.5141,-37.193],[-62.5239,-37.1794],[-62.5504,-37.1539],[-62.5576,-37.1492],[-62.5727,-37.1232],[-62.5827,-37.1155],[-62.5939,-37.1021],[-62.6031,-37.0977],[-62.6375,-37.1212],[-62.6474,-37.1231],[-62.7769,-37.0192],[-62.8526,-36.9588],[-62.915,-36.9077],[-62.9702,-36.8629]]]},"properties":{"id":379,"departamento":"ADOLFO ALSINA","cabecera":"CARHUE","provincia":"BUENOS AIRES"}},
{"type":"Feature","geometry":{"type":"Polygon","coordinates":[[[-62.6229,-35.5503],[-62.6929,-35.492],[-62.6851,-35.4856],[-62.777,-35.4085],[-62.8031,-35.4295],[-62.8729,-35.3714],[-62.8462,-35.3506],[-62.8933,-35.3114],[-62.8639,-35.2884],[-62.8994,-35.2592],[-62.9648,-35.3119],[-63.1152,-35.1889],[-63.0898,-35.1686],[-63.1385,-35.1283],[-63.2358,-35.2083],[-63.2111,-35.2288],[-63.2852,-35.2884],[-63.3097,-35.2678],[-63.3115,-35.2716],[-63.3468,-35.3],[-63.3293,-35.3231],[-63.3843,-35.369],[-63.3843,-35.4591],[-63.3842,-35.8842],[-63.3091,-35.9462],[-63.2038,-36.033],[-62.9231,-35.8054],[-62.9319,-35.7982],[-62.6229,-35.5503]]]},"properties":{"id":380,"departamento":"RIVADAVIA","cabecera":"AMERICA","provincia":"BUENOS AIRES"}},
{"type":"Feature","geometry":{"type":"Polygon","coordinates":[[[-63.2038,-36.033],[-63.3091,-35.9462],[-63.3842,-35.8842],[-63.3842,-35.9483],[-63.3841,-36.1957],[-63.3841,-36.391],[-63.3841,-36.5262],[-63.2825,-36.6077],[-63.1274,-36.4794],[-63.0485,-36.4155],[-63.0679,-36.3995],[-63.0281,-36.3688],[-63.0398,-36.3592],[-62.9997,-36.3283],[-62.9593,-36.2962],[-62.979,-36.2802],[-62.9392,-36.2485],[-63.2038,-36.033]]]},"properties":{"id":381,"departamento":"PELLEGRINI","cabecera":"PELLEGRINI","provincia":"BUENOS AIRES"}},
{"type":"Feature","geometry":{"type":"Polygon","coordinates":[[[-62.6295,-37.51],[-62.645,-37.5218],[-62.8125,-37.3739],[-63.219,-37.6912],[-63.3368,-37.7831],[-63.3778,-37.8152],[-63.3838,-37.8098],[-63.3837,-38.2571],[-63.3836,-38.7111],[-63.3836,-38.8288],[-63.3095,-38.7735],[-63.3129,-38.7707],[-62.9002,-38.4558],[-62.6558,-38.2666],[-62.7371,-38.2024],[-62.6555,-38.1389],[-62.8126,-38.0082],[-62.7354,-37.9477],[-62.8952,-37.8191],[-62.7344,-37.6927],[-62.7486,-37.6815],[-62.6619,-37.613],[-62.6627,-37.6124],[-62.5812,-37.549],[-62.6295,-37.51]]]},"properties":{"id":382,"departamento":"PUAN","cabecera":"PUAN","provincia":"BUENOS AIRES"}},
{"type":"Feature","geometry":{"type":"Polygon","coordinates":[[[-62.9002,-38.4558],[-63.3129,-38.7707],[-63.3095,-38.7735],[-63.3836,-38.8288],[-63.3836,-39.01],[-63.3831,-39.0317],[-63.3836,-39.1351],[-63.3829,-39.2129],[-63.3835,-39.263],[-63.3835,-39.3287],[-63.374,-39.3266],[-63.3531,-39.3315],[-63.3427,-39.3316],[-63.3245,-39.3347],[-63.2884,-39.3464],[-63.2773,-39.355],[-63.27,-39.3542],[-63.2582,-39.3615],[-63.242,-39.3654],[-63.2311,-39.3785],[-63.2184,-39.3872],[-63.203,-39.3864],[-63.1894,-39.3984],[-63.1817,-39.4015],[-63.175,-39.4118],[-63.1636,-39.4085],[-63.1567,-39.4003],[-63.1447,-39.3923],[-63.1378,-39.3927],[-63.127,-39.4037],[-63.1224,-39.404],[-63.1185,-39.4159],[-63.1053,-39.4211],[-63.102,-39.4256],[-63.103,-39.4411],[-63.1132,-39.4503],[-63.1041,-39.456],[-63.0937,-39.4505],[-63.0906,-39.4583],[-63.1025,-39.4638],[-63.0971,-39.4708],[-63.0894,-39.4722],[-63.0836,-39.4611],[-63.0637,-39.4613],[-63.0744,-39.4721],[-63.0738,-39.4765],[-63.0443,-39.485],[-63.0326,-39.4804],[-63.0306,-39.4934],[-63.0216,-39.4856],[-63.0121,-39.4923],[-63.0174,-39.4978],[-63.011,-39.5026],[-63.0004,-39.4992],[-62.9939,-39.5046],[-62.9726,-39.5026],[-62.9679,-39.5131],[-62.9584,-39.5169],[-62.9421,-39.5089],[-62.9281,-39.5043],[-62.9133,-39.5036],[-62.8836,-39.5114],[-62.8664,-39.5277],[-62.8551,-39.5304],[-62.8472,-39.5284],[-62.843,-39.52],[-62.8246,-39.5183],[-62.811,-39.5104],[-62.797,-39.5117],[-62.7836,-39.5077],[-62.7747,-39.5131],[-62.7685,-39.5127],[-62.7573,-39.5065],[-62.751,-39.5065],[-62.7331,-39.5133],[-62.7242,-39.5262],[-62.7043,-39.529],[-62.6894,-39.5346],[-62.6771,-39.5251],[-62.6681,-39.5266],[-62.6523,-39.5256],[-62.6449,-39.5285],[-62.6407,-39.5359],[-62.6268,-39.5294],[-62.621,-39.5327],[-62.6257,-39.5396],[-62.615,-39.5482],[-62.6011,-39.5496],[-62.5946,-39.5572],[-62.5727,-39.5695],[-62.5392,-39.5734],[-62.5242,-39.5862],[-62.5217,-39.5922],[-62.504,-39.6022],[-62.4926,-39.606],[-62.4915,-39.6204],[-62.4756,-39.6284],[-62.4811,-39.6427],[-62.4762,-39.6528],[-62.4803,-39.6609],[-62.4873,-39.6643],[-62.4812,-39.6733],[-62.4839,-39.6796],[-62.4778,-39.6845],[-62.4742,-39.6945],[-62.4571,-39.7062],[-62.451,-39.7125],[-62.4348,-39.7204],[-62.4317,-39.7245],[-62.4103,-39.7243],[-62.4036,-39.7383],[-62.3924,-39.7431],[-62.3979,-39.7531],[-62.3917,-39.7581],[-62.3833,-39.7577],[-62.3761,-39.765],[-62.3906,-39.7678],[-62.3948,-39.7747],[-62.3897,-39.7803],[-62.3767,-39.7794],[-62.366,-39.7829],[-62.3572,-39.7829],[-62.3512,-39.7878],[-62.3471,-39.7965],[-62.3453,-39.7973],[-62.3326,-39.8026],[-62.3227,-39.798],[-62.312,-39.8008],[-62.3052,-39.7973],[-62.2962,-39.7979],[-62.2803,-39.8035],[-62.2646,-39.8112],[-62.2562,-39.8175],[-62.2414,-39.8175],[-62.2344,-39.8219],[-62.2253,-39.835],[-62.2162,-39.8388],[-62.1889,-39.8363],[-62.1677,-39.8293],[-62.1603,-39.8396],[-62.1537,-39.8424],[-62.1433,-39.8584],[-62.1272,-39.8577],[-62.1202,-39.847],[-62.1134,-39.8466],[-62.1095,-39.8339],[-62.1141,-39.8287],[-62.1147,-39.7877],[-62.1116,-39.751],[-62.1057,-39.7287],[-62.0959,-39.7035],[-62.0868,-39.695],[-62.0845,-39.682],[-62.0859,-39.674],[-62.1017,-39.6532],[-62.1073,-39.6338],[-62.1069,-39.624],[-62.0969,-39.5918],[-62.0882,-39.5681],[-62.0784,-39.5448],[-62.0629,-39.5128],[-62.056,-39.496],[-62.0487,-39.4711],[-62.0378,-39.4498],[-62.0362,-39.4434],[-62.0487,-39.4427],[-62.0722,-39.4365],[-62.0808,-39.4288],[-62.1305,-39.4056],[-62.1417,-39.399],[-62.1458,-39.4035],[-62.1773,-39.3996],[-62.1814,-39.3977],[-62.1841,-39.3858],[-62.1968,-39.3866],[-62.1965,-39.3775],[-62.2051,-39.3713],[-62.2147,-39.3713],[-62.2228,-39.3583],[-62.239,-39.349],[-62.2626,-39.352],[-62.2695,-39.3444],[-62.2796,-39.3407],[-62.2832,-39.3357],[-62.2784,-39.3213],[-62.2865,-39.3241],[-62.2936,-39.3221],[-62.288,-39.309],[-62.3011,-39.2906],[-62.2926,-39.2896],[-62.2885,-39.2958],[-62.276,-39.2992],[-62.2696,-39.2961],[-62.2597,-39.2979],[-62.2525,-39.304],[-62.2419,-39.296],[-62.2326,-39.2949],[-62.2143,-39.2989],[-62.2025,-39.3077],[-62.1866,-39.2976],[-62.1727,-39.3167],[-62.1681,-39.3315],[-62.1148,-39.3726],[-62.0874,-39.3901],[-62.0647,-39.3908],[-62.0464,-39.3885],[-62.0312,-39.3933],[-62.018,-39.388],[-62.0119,-39.3821],[-62.0127,-39.3575],[-62.0163,-39.3545],[-62.0348,-39.3528],[-62.0464,-39.3437],[-62.0603,-39.323],[-62.086,-39.3125],[-62.108,-39.3012],[-62.1318,-39.2929],[-62.1535,-39.2928],[-62.1726,-39.2855],[-62.1817,-39.2846],[-62.1888,-39.2876],[-62.197,-39.2809],[-62.2015,-39.2841],[-62.225,-39.2771],[-62.2302,-39.2841],[-62.2372,-39.2745],[-62.2715,-39.2696],[-62.2788,-39.266],[-62.3064,-39.2718],[-62.3183,-39.2703],[-62.3257,-39.2597],[-62.3155,-39.2463],[-62.2956,-39.2352],[-62.2848,-39.2468],[-62.2734,-39.2488],[-62.2606,-39.2473],[-62.2429,-39.2541],[-62.2386,-39.2491],[-62.2466,-39.245],[-62.2563,-39.2334],[-62.2616,-39.232],[-62.2834,-39.234],[-62.2865,-39.2281],[-62.2942,-39.225],[-62.3143,-39.211],[-62.3136,-39.2057],[-62.3298,-39.1858],[-62.3369,-39.1711],[-62.3468,-39.161],[-62.3407,-39.14],[-62.335,-39.1305],[-62.3455,-39.1283],[-62.3476,-39.1151],[-62.3557,-39.1062],[-62.3567,-39.0979],[-62.3425,-39.0918],[-62.3374,-39.0782],[-62.3281,-39.0747],[-62.3172,-39.0624],[-62.3078,-39.0546],[-62.3058,-39.0346],[-62.3062,-39.0137],[-62.3179,-39.0076],[-62.3218,-38.9911],[-62.318,-38.9794],[-62.3242,-38.967],[-62.3382,-38.9616],[-62.3453,-38.9516],[-62.3433,-38.9398],[-62.3351,-38.9324],[-62.3355,-38.9257],[-62.3225,-38.9027],[-62.3287,-38.8859],[-62.3413,-38.8849],[-62.3398,-38.8778],[-62.3496,-38.8745],[-62.3567,-38.8785],[-62.3662,-38.8777],[-62.3753,-38.8861],[-62.3826,-38.8873],[-62.3826,-38.8777],[-62.3675,-38.8709],[-62.3725,-38.8626],[-62.3789,-38.8614],[-62.3804,-38.8542],[-62.398,-38.8504],[-62.3988,-38.8329],[-62.3897,-38.8301],[-62.4139,-38.8232],[-62.4269,-38.8235],[-62.4383,-38.8264],[-62.4532,-38.8274],[-62.4954,-38.8198],[-62.5054,-38.8167],[-62.5189,-38.8181],[-62.5255,-38.8036],[-62.5376,-38.7981],[-62.5428,-38.7904],[-62.5534,-38.7901],[-62.5703,-38.7735],[-62.5638,-38.7691],[-62.5445,-38.7742],[-62.5496,-38.7587],[-62.5662,-38.7531],[-62.5465,-38.7448],[-62.5428,-38.7411],[-62.5216,-38.7411],[-62.5159,-38.7164],[-62.505,-38.7129],[-62.4995,-38.7161],[-62.4983,-38.7293],[-62.476,-38.7459],[-62.4612,-38.7423],[-62.4425,-38.7405],[-62.452,-38.7296],[-62.4549,-38.7215],[-62.459,-38.6936],[-62.4569,-38.6911],[-62.4575,-38.6901],[-62.4682,-38.6729],[-62.4851,-38.6634],[-62.4972,-38.6523],[-62.5106,-38.6446],[-62.542,-38.6353],[-62.5604,-38.6269],[-62.5844,-38.6211],[-62.5979,-38.6214],[-62.6082,-38.6155],[-62.614,-38.6034],[-62.6151,-38.5922],[-62.6229,-38.5777],[-62.6259,-38.5641],[-62.6322,-38.5482],[-62.6449,-38.5316],[-62.6492,-38.5152],[-62.7382,-38.5855],[-62.9002,-38.4558]]]},"properties":{"id":383,"departamento":"VILLARINO","cabecera":"MEDANOS","provincia":"BUENOS AIRES"}},
{"type":"Feature","geometry":{"type":"Polygon","coordinates":[[[-63.3835,-39.3287],[-63.3827,-39.5827],[-63.3819,-39.8719],[-63.3803,-40.4086],[-63.3793,-40.7098],[-63.3654,-40.7027],[-63.3613,-40.7108],[-63.3653,-40.7168],[-63.3594,-40.7212],[-63.3337,-40.7138],[-63.3274,-40.7142],[-63.315,-40.7068],[-63.2975,-40.7127],[-63.298,-40.7208],[-63.2904,-40.728],[-63.2817,-40.729],[-63.2709,-40.7229],[-63.2407,-40.7248],[-63.2256,-40.7225],[-63.204,-40.7228],[-63.1921,-40.7167],[-63.1731,-40.7271],[-63.1553,-40.7296],[-63.1397,-40.7416],[-63.1136,-40.7474],[-63.1031,-40.7599],[-63.0892,-40.765],[-63.0813,-40.7637],[-63.0569,-40.7696],[-63.0432,-40.776],[-63.0327,-40.7931],[-63,-40.7978],[-62.991,-40.801],[-62.9788,-40.816],[-62.9603,-40.8169],[-62.9511,-40.8227],[-62.944,-40.8402],[-62.9299,-40.8474],[-62.9217,-40.8577],[-62.9156,-40.8697],[-62.8985,-40.8823],[-62.879,-40.8948],[-62.8644,-40.9141],[-62.8525,-40.9257],[-62.8454,-40.9409],[-62.8341,-40.949],[-62.8265,-40.9615],[-62.802,-40.9826],[-62.798,-41.0084],[-62.7892,-41.0259],[-62.7785,-41.0273],[-62.7588,-41.0331],[-62.7335,-41.0346],[-62.7244,-41.0333],[-62.7143,-41.0357],[-62.6927,-41.0265],[-62.6493,-41.0015],[-62.6228,-40.9901],[-62.6061,-40.9844],[-62.5792,-40.9713],[-62.5431,-40.9552],[-62.508,-40.9437],[-62.4707,-40.9333],[-62.4306,-40.9257],[-62.3908,-40.9121],[-62.3527,-40.8912],[-62.3116,-40.8709],[-62.3045,-40.8579],[-62.2965,-40.8318],[-62.2851,-40.8097],[-62.2812,-40.7976],[-62.2707,-40.7747],[-62.2616,-40.7588],[-62.2577,-40.7437],[-62.2343,-40.7073],[-62.2347,-40.6964],[-62.2318,-40.688],[-62.2234,-40.6777],[-62.2005,-40.6592],[-62.1741,-40.6362],[-62.1689,-40.6057],[-62.1711,-40.587],[-62.1775,-40.58],[-62.2007,-40.5681],[-62.2217,-40.5547],[-62.2287,-40.5534],[-62.2422,-40.5445],[-62.2592,-40.5382],[-62.2917,-40.5333],[-62.3162,-40.5254],[-62.3174,-40.5342],[-62.2735,-40.5443],[-62.2607,-40.5512],[-62.2544,-40.5607],[-62.2722,-40.5639],[-62.2818,-40.5697],[-62.287,-40.5514],[-62.2966,-40.5431],[-62.3183,-40.5373],[-62.3223,-40.5306],[-62.3251,-40.5157],[-62.3393,-40.5175],[-62.3462,-40.512],[-62.3611,-40.5191],[-62.3701,-40.5086],[-62.3604,-40.5042],[-62.3482,-40.5082],[-62.3351,-40.5154],[-62.3227,-40.513],[-62.3186,-40.5066],[-62.3459,-40.4919],[-62.3532,-40.495],[-62.3679,-40.4936],[-62.3861,-40.4843],[-62.4037,-40.4673],[-62.4229,-40.4581],[-62.4244,-40.4502],[-62.4209,-40.4455],[-62.4208,-40.4293],[-62.4316,-40.4235],[-62.4464,-40.407],[-62.4496,-40.3971],[-62.4498,-40.3824],[-62.4615,-40.3724],[-62.4611,-40.3604],[-62.4671,-40.3507],[-62.4741,-40.3459],[-62.4845,-40.3302],[-62.4854,-40.3084],[-62.4786,-40.2932],[-62.4663,-40.2849],[-62.4635,-40.2774],[-62.4447,-40.2649],[-62.4401,-40.2518],[-62.4431,-40.2496],[-62.4227,-40.2352],[-62.4143,-40.2325],[-62.3908,-40.2305],[-62.3763,-40.2225],[-62.367,-40.2224],[-62.3611,-40.2175],[-62.3644,-40.2107],[-62.3452,-40.1977],[-62.3244,-40.1654],[-62.3171,-40.1471],[-62.3233,-40.1195],[-62.3279,-40.1178],[-62.3299,-40.1002],[-62.3365,-40.089],[-62.3407,-40.0652],[-62.3358,-40.041],[-62.3359,-40.0296],[-62.3299,-40.011],[-62.3301,-40.0006],[-62.3246,-39.9825],[-62.3246,-39.9751],[-62.3293,-39.9674],[-62.3299,-39.9579],[-62.3216,-39.9421],[-62.3145,-39.9366],[-62.3231,-39.9315],[-62.322,-39.9189],[-62.313,-39.8996],[-62.3125,-39.8885],[-62.3075,-39.8729],[-62.2878,-39.8771],[-62.273,-39.8672],[-62.2652,-39.8586],[-62.2718,-39.8499],[-62.2867,-39.8476],[-62.2937,-39.8387],[-62.2934,-39.8333],[-62.3007,-39.8303],[-62.2904,-39.8203],[-62.2802,-39.8242],[-62.2776,-39.8156],[-62.2677,-39.825],[-62.2601,-39.8245],[-62.2562,-39.8175],[-62.2646,-39.8112],[-62.2803,-39.8035],[-62.2962,-39.7979],[-62.3052,-39.7973],[-62.312,-39.8008],[-62.3227,-39.798],[-62.3326,-39.8026],[-62.3453,-39.7973],[-62.3471,-39.7965],[-62.3512,-39.7878],[-62.3572,-39.7829],[-62.366,-39.7829],[-62.3767,-39.7794],[-62.3897,-39.7803],[-62.3948,-39.7747],[-62.3906,-39.7678],[-62.3761,-39.765],[-62.3833,-39.7577],[-62.3917,-39.7581],[-62.3979,-39.7531],[-62.3924,-39.7431],[-62.4036,-39.7383],[-62.4103,-39.7243],[-62.4317,-39.7245],[-62.4348,-39.7204],[-62.451,-39.7125],[-62.4571,-39.7062],[-62.4742,-39.6945],[-62.4778,-39.6845],[-62.4839,-39.6796],[-62.4812,-39.6733],[-62.4873,-39.6643],[-62.4803,-39.6609],[-62.4762,-39.6528],[-62.4811,-39.6427],[-62.4756,-39.6284],[-62.4915,-39.6204],[-62.4926,-39.606],[-62.504,-39.6022],[-62.5217,-39.5922],[-62.5242,-39.5862],[-62.5392,-39.5734],[-62.5727,-39.5695],[-62.5946,-39.5572],[-62.6011,-39.5496],[-62.615,-39.5482],[-62.6257,-39.5396],[-62.621,-39.5327],[-62.6268,-39.5294],[-62.6407,-39.5359],[-62.6449,-39.5285],[-62.6523,-39.5256],[-62.6681,-39.5266],[-62.6771,-39.5251],[-62.6894,-39.5346],[-62.7043,-39.529],[-62.7242,-39.5262],[-62.7331,-39.5133],[-62.751,-39.5065],[-62.7573,-39.5065],[-62.7685,-39.5127],[-62.7747,-39.5131],[-62.7836,-39.5077],[-62.797,-39.5117],[-62.811,-39.5104],[-62.8246,-39.5183],[-62.843,-39.52],[-62.8472,-39.5284],[-62.8551,-39.5304],[-62.8664,-39.5277],[-62.8836,-39.5114],[-62.9133,-39.5036],[-62.9281,-39.5043],[-62.9421,-39.5089],[-62.9584,-39.5169],[-62.9679,-39.5131],[-62.9726,-39.5026],[-62.9939,-39.5046],[-63.0004,-39.4992],[-63.011,-39.5026],[-63.0174,-39.4978],[-63.0121,-39.4923],[-63.0216,-39.4856],[-63.0306,-39.4934],[-63.0326,-39.4804],[-63.0443,-39.485],[-63.0738,-39.4765],[-63.0744,-39.4721],[-63.0637,-39.4613],[-63.0836,-39.4611],[-63.0894,-39.4722],[-63.0971,-39.4708],[-63.1025,-39.4638],[-63.0906,-39.4583],[-63.0937,-39.4505],[-63.1041,-39.456],[-63.1132,-39.4503],[-63.103,-39.4411],[-63.102,-39.4256],[-63.1053,-39.4211],[-63.1185,-39.4159],[-63.1224,-39.404],[-63.127,-39.4037],[-63.1378,-39.3927],[-63.1447,-39.3923],[-63.1567,-39.4003],[-63.1636,-39.4085],[-63.175,-39.4118],[-63.1817,-39.4015],[-63.1894,-39.3984],[-63.203,-39.3864],[-63.2184,-39.3872],[-63.2311,-39.3785],[-63.242,-39.3654],[-63.2582,-39.3615],[-63.27,-39.3542],[-63.2773,-39.355],[-63.2884,-39.3464],[-63.3245,-39.3347],[-63.3427,-39.3316],[-63.3531,-39.3315],[-63.374,-39.3266],[-63.3835,-39.3287]]]},"properties":{"id":391,"departamento":"PATAGONES","cabecera":"CARMEN DE PATAGONES","provincia":"BUENOS AIRES"}}
]}