{"type":"FeatureCollection", "features": [
{"type":"Feature","geometry":{"type":"Polygon","coordinates":[[[-65.1789,-23.3197],[-65.3387,-23.3911],[-65.34,-23.3875],[-65.349,-23.3819],[-65.3517,-23.3811],[-65.3537,-23.3773],[-65.3612,-23.3715],[-65.378,-23.3656],[-65.3801,-23.3658],[-65.3866,-23.3686],[-65.3908,-23.3688],[-65.3957,-23.3675],[-65.4023,-23.3624],[-65.4056,-23.3562],[-65.4096,-23.3523],[-65.4161,-23.3488],[-65.4189,-23.3461],[-65.4204,-23.3422],[-65.4265,-23.3365],[-65.4315,-23.3353],[-65.4366,-23.332],[-65.4434,-23.3329],[-65.447,-23.3314],[-65.4524,-23.3304],[-65.4563,-23.3308],[-65.4615,-23.328],[-65.4663,-23.3278],[-65.4724,-23.3295],[-65.4814,-23.3282],[-65.4865,-23.328],[-65.492,-23.3269],[-65.499,-23.323],[-65.5007,-23.3189],[-65.5041,-23.3171],[-65.5047,-23.3148],[-65.5095,-23.3147],[-65.5153,-23.3132],[-65.5211,-23.313],[-65.5267,-23.3118],[-65.5311,-23.3125],[-65.5343,-23.3116],[-65.6899,-23.3758],[-65.6806,-23.3772],[-65.6708,-23.375],[-65.6653,-23.3748],[-65.6558,-23.3765],[-65.6452,-23.3803],[-65.6349,-23.3831],[-65.625,-23.3933],[-65.6191,-23.3969],[-65.6163,-23.4005],[-65.5848,-23.4291],[-65.5795,-23.4345],[-65.5774,-23.4398],[-65.5772,-23.4435],[-65.5753,-23.4463],[-65.5738,-23.4516],[-65.5699,-23.457],[-65.569,-23.4615],[-65.5698,-23.4647],[-65.5668,-23.4766],[-65.5674,-23.4816],[-65.5662,-23.4869],[-65.5662,-23.4978],[-65.5629,-23.5065],[-65.5636,-23.5094],[-65.5599,-23.5201],[-65.5581,-23.5237],[-65.5525,-23.5273],[-65.5472,-23.5324],[-65.545,-23.5357],[-65.5436,-23.5435],[-65.5436,-23.5522],[-65.5376,-23.558],[-65.5263,-23.5668],[-65.5199,-23.5694],[-65.515,-23.5723],[-65.5114,-23.581],[-65.5086,-23.5836],[-65.504,-23.5966],[-65.5036,-23.6073],[-65.5053,-23.6118],[-65.5071,-23.6135],[-65.5063,-23.62],[-65.5091,-23.6274],[-65.5105,-23.6446],[-65.5115,-23.6476],[-65.5097,-23.655],[-65.4956,-23.6618],[-65.4921,-23.6641],[-65.4913,-23.6767],[-65.4885,-23.6806],[-65.487,-23.6845],[-65.4824,-23.6869],[-65.4734,-23.6935],[-65.4675,-23.6957],[-65.4618,-23.6967],[-65.4556,-23.6994],[-65.4511,-23.6994],[-65.45,-23.6983],[-65.44,-23.7019],[-65.4339,-23.7032],[-65.424,-23.7034],[-65.4187,-23.7062],[-65.4153,-23.7068],[-65.4119,-23.7138],[-65.4094,-23.7176],[-65.4056,-23.721],[-65.3933,-23.7227],[-65.3893,-23.7185],[-65.3858,-23.7135],[-65.3833,-23.7073],[-65.3808,-23.7052],[-65.372,-23.7046],[-65.3519,-23.712],[-65.3577,-23.7212],[-65.3652,-23.7315],[-65.3664,-23.7463],[-65.3651,-23.7513],[-65.3672,-23.7609],[-65.3719,-23.7699],[-65.3775,-23.7789],[-65.3752,-23.7843],[-65.3702,-23.7864],[-65.3626,-23.7887],[-65.3551,-23.7923],[-65.3473,-23.7931],[-65.3388,-23.7951],[-65.3336,-23.8013],[-65.3297,-23.8003],[-65.3273,-23.8018],[-65.32,-23.803],[-65.3183,-23.8047],[-65.3157,-23.8098],[-65.3124,-23.8121],[-65.3079,-23.8122],[-65.3067,-23.8139],[-65.3033,-23.8144],[-65.2972,-23.8193],[-65.2959,-23.8195],[-65.2918,-23.8225],[-65.2857,-23.8226],[-65.2795,-23.8216],[-65.2769,-23.8227],[-65.275,-23.827],[-65.2729,-23.8283],[-65.2697,-23.8274],[-65.2651,-23.8233],[-65.2627,-23.8234],[-65.2618,-23.821],[-65.2558,-23.8199],[-65.254,-23.8188],[-65.255,-23.8145],[-65.2536,-23.8135],[-65.2529,-23.8091],[-65.2499,-23.8055],[-65.2456,-23.8035],[-65.2444,-23.8013],[-65.2409,-23.8042],[-65.2356,-23.8021],[-65.2372,-23.797],[-65.2332,-23.7908],[-65.2297,-23.7889],[-65.2251,-23.7876],[-65.2193,-23.788],[-65.2159,-23.786],[-65.2097,-23.7872],[-65.2071,-23.7863],[-65.1971,-23.7906],[-65.1952,-23.7938],[-65.1923,-23.7953],[-65.1891,-23.7952],[-65.1855,-23.7985],[-65.1816,-23.799],[-65.1753,-23.8047],[-65.1732,-23.8053],[-65.1724,-23.8094],[-65.17,-23.8129],[-65.158,-23.8178],[-65.1512,-23.8234],[-65.1482,-23.8277],[-65.1377,-23.8363],[-65.132,-23.842],[-65.1243,-23.8469],[-65.1161,-23.8486],[-65.1055,-23.8563],[-65.0969,-23.8565],[-65.0982,-23.8534],[-65.0975,-23.8516],[-65.1002,-23.848],[-65.0996,-23.8435],[-65.0965,-23.8424],[-65.0951,-23.8403],[-65.0969,-23.837],[-65.0933,-23.8316],[-65.0936,-23.8274],[-65.0925,-23.8242],[-65.0932,-23.8197],[-65.0968,-23.8183],[-65.0975,-23.816],[-65.1012,-23.8096],[-65.1008,-23.8072],[-65.0969,-23.8042],[-65.0976,-23.8019],[-65.1006,-23.7998],[-65.1001,-23.7974],[-65.1022,-23.7937],[-65.1024,-23.7862],[-65.1018,-23.7828],[-65.0994,-23.7797],[-65.0992,-23.7713],[-65.0978,-23.764],[-65.0957,-23.7628],[-65.0924,-23.7569],[-65.0863,-23.7515],[-65.0881,-23.7486],[-65.0882,-23.7439],[-65.0864,-23.7399],[-65.0829,-23.7353],[-65.0796,-23.7351],[-65.0751,-23.7294],[-65.0687,-23.7275],[-65.0655,-23.7275],[-65.0622,-23.7228],[-65.0591,-23.7204],[-65.0546,-23.7188],[-65.0511,-23.7157],[-65.0516,-23.7127],[-65.0419,-23.7061],[-65.0393,-23.7054],[-65.0384,-23.7029],[-65.0356,-23.7017],[-65.0321,-23.7018],[-65.0306,-23.7039],[-65.028,-23.7036],[-65.0251,-23.7012],[-65.0226,-23.7021],[-65.0179,-23.7],[-65.0175,-23.6941],[-65.0182,-23.6914],[-65.0265,-23.6807],[-65.0293,-23.6784],[-65.0315,-23.6741],[-65.0355,-23.6699],[-65.0385,-23.6683],[-65.0479,-23.6611],[-65.053,-23.659],[-65.0573,-23.6535],[-65.0555,-23.6481],[-65.0567,-23.6445],[-65.0604,-23.6398],[-65.0638,-23.6375],[-65.0689,-23.6369],[-65.0712,-23.6347],[-65.0704,-23.6302],[-65.0726,-23.6209],[-65.0806,-23.6108],[-65.0806,-23.6088],[-65.0848,-23.6018],[-65.0983,-23.5996],[-65.1017,-23.5974],[-65.1064,-23.5983],[-65.1089,-23.5955],[-65.1097,-23.5908],[-65.1131,-23.587],[-65.114,-23.5839],[-65.1221,-23.5812],[-65.1266,-23.5772],[-65.1258,-23.5652],[-65.1272,-23.554],[-65.1313,-23.5307],[-65.1379,-23.527],[-65.1437,-23.5214],[-65.149,-23.5121],[-65.1492,-23.5079],[-65.1507,-23.5061],[-65.1513,-23.5013],[-65.1619,-23.4888],[-65.1622,-23.4846],[-65.1586,-23.4763],[-65.1586,-23.472],[-65.1605,-23.4682],[-65.1626,-23.4603],[-65.1623,-23.4553],[-65.1602,-23.449],[-65.1471,-23.4382],[-65.1413,-23.4312],[-65.1398,-23.423],[-65.1374,-23.4173],[-65.1428,-23.39],[-65.1445,-23.3869],[-65.1449,-23.3812],[-65.147,-23.3803],[-65.1546,-23.3804],[-65.1569,-23.3787],[-65.158,-23.3743],[-65.1656,-23.3723],[-65.1664,-23.3675],[-65.1694,-23.3618],[-65.1789,-23.3197]]]},"properties":{"id":258,"departamento":"TILCARA","cabecera":"TILCARA","provincia":"JUJUY"}},
{"type":"Feature","geometry":{"type":"Polygon","coordinates":[[[-65.0207,-24.365],[-65.024,-24.3486],[-65.0272,-24.3447],[-65.0266,-24.3412],[-65.0302,-24.3334],[-65.0344,-24.3306],[-65.034,-24.3202],[-65.037,-24.3179],[-65.0464,-24.3167],[-65.0523,-24.3117],[-65.0574,-24.3035],[-65.0594,-24.3028],[-65.0636,-24.2926],[-65.0649,-24.2867],[-65.063,-24.2797],[-65.0596,-24.2777],[-65.0561,-24.2742],[-65.0531,-24.2636],[-65.0539,-24.2591],[-65.0539,-24.2526],[-65.0572,-24.2461],[-65.0572,-24.243],[-65.0614,-24.2343],[-65.069,-24.2213],[-65.0752,-24.1993],[-65.0722,-24.1952],[-65.0693,-24.1868],[-65.0717,-24.1791],[-65.0719,-24.1761],[-65.0743,-24.1708],[-65.0671,-24.1724],[-65.064,-24.1741],[-65.0602,-24.1748],[-65.0557,-24.1791],[-65.049,-24.1804],[-65.0488,-24.1706],[-65.0539,-24.0144],[-65.0558,-24.0161],[-65.0625,-24.0173],[-65.066,-24.0159],[-65.0739,-24.0156],[-65.0752,-24.0178],[-65.0731,-24.0212],[-65.0768,-24.0222],[-65.0787,-24.0257],[-65.0826,-24.023],[-65.0865,-24.024],[-65.0897,-24.0216],[-65.0982,-24.0225],[-65.1029,-24.0248],[-65.1006,-24.0277],[-65.1033,-24.0292],[-65.1052,-24.0323],[-65.1099,-24.0325],[-65.1143,-24.0357],[-65.1157,-24.0383],[-65.1144,-24.0417],[-65.1206,-24.0425],[-65.1184,-24.0455],[-65.1187,-24.0477],[-65.1162,-24.0513],[-65.1201,-24.0522],[-65.1235,-24.0552],[-65.1223,-24.0593],[-65.1264,-24.0607],[-65.1273,-24.0634],[-65.1259,-24.0676],[-65.1239,-24.0678],[-65.1248,-24.0718],[-65.1294,-24.0713],[-65.1306,-24.0723],[-65.1309,-24.0804],[-65.1304,-24.086],[-65.1382,-24.0888],[-65.1442,-24.0883],[-65.1484,-24.0898],[-65.1519,-24.0933],[-65.1584,-24.0954],[-65.1634,-24.0938],[-65.1713,-24.0929],[-65.1754,-24.0931],[-65.1777,-24.0907],[-65.1807,-24.0924],[-65.1878,-24.0923],[-65.1904,-24.086],[-65.1933,-24.0831],[-65.1967,-24.0877],[-65.2001,-24.0853],[-65.2023,-24.0876],[-65.2046,-24.1011],[-65.2088,-24.1077],[-65.2142,-24.112],[-65.2196,-24.1132],[-65.2238,-24.1167],[-65.2247,-24.1214],[-65.2285,-24.1234],[-65.2333,-24.1242],[-65.2374,-24.1233],[-65.2408,-24.1294],[-65.2333,-24.1285],[-65.2249,-24.1312],[-65.2202,-24.1354],[-65.2153,-24.1358],[-65.2134,-24.1389],[-65.214,-24.1451],[-65.2102,-24.1555],[-65.2094,-24.1625],[-65.2097,-24.1683],[-65.2134,-24.1784],[-65.213,-24.1855],[-65.2163,-24.1908],[-65.2169,-24.1952],[-65.2154,-24.2006],[-65.2184,-24.2052],[-65.2184,-24.2081],[-65.2167,-24.2106],[-65.214,-24.2106],[-65.2143,-24.2163],[-65.2114,-24.2185],[-65.2078,-24.2237],[-65.2076,-24.2262],[-65.2057,-24.2291],[-65.2145,-24.2268],[-65.2213,-24.2223],[-65.2278,-24.2208],[-65.2362,-24.2173],[-65.2442,-24.2259],[-65.2481,-24.2259],[-65.2512,-24.2285],[-65.2537,-24.228],[-65.2571,-24.2298],[-65.2493,-24.238],[-65.2448,-24.2419],[-65.2343,-24.2489],[-65.2281,-24.2546],[-65.235,-24.2767],[-65.23,-24.2767],[-65.2278,-24.2785],[-65.2244,-24.2788],[-65.2179,-24.2813],[-65.2158,-24.2812],[-65.2103,-24.2837],[-65.2065,-24.2842],[-65.2042,-24.2864],[-65.1954,-24.2835],[-65.1932,-24.2805],[-65.1898,-24.2801],[-65.185,-24.2815],[-65.1787,-24.2783],[-65.1765,-24.2816],[-65.1662,-24.2887],[-65.1637,-24.2917],[-65.1574,-24.3055],[-65.156,-24.3075],[-65.1389,-24.3234],[-65.1376,-24.3264],[-65.1406,-24.3322],[-65.1384,-24.3325],[-65.1349,-24.3363],[-65.1324,-24.3357],[-65.1302,-24.3373],[-65.1275,-24.3367],[-65.1245,-24.3392],[-65.1213,-24.3391],[-65.1191,-24.3416],[-65.1162,-24.3406],[-65.1116,-24.344],[-65.1067,-24.3442],[-65.1036,-24.347],[-65.0996,-24.3477],[-65.0976,-24.3454],[-65.0952,-24.3453],[-65.0925,-24.348],[-65.087,-24.349],[-65.0825,-24.3513],[-65.0764,-24.35],[-65.0748,-24.3489],[-65.0729,-24.3545],[-65.0696,-24.3562],[-65.0558,-24.3564],[-65.0514,-24.3555],[-65.0481,-24.3563],[-65.0404,-24.3637],[-65.0305,-24.3589],[-65.027,-24.362],[-65.0207,-24.365]]]},"properties":{"id":259,"departamento":"PALPALA","cabecera":"PALPALA","provincia":"JUJUY"}},
{"type":"Feature","geometry":{"type":"Polygon","coordinates":[[[-65.3486,-22.5512],[-65.3625,-22.5501],[-65.3665,-22.5504],[-65.3695,-22.5495],[-65.374,-22.5498],[-65.3842,-22.5486],[-65.3881,-22.5475],[-65.3987,-22.5485],[-65.4027,-22.5495],[-65.4141,-22.5484],[-65.4235,-22.5489],[-65.4282,-22.5496],[-65.4392,-22.5555],[-65.4464,-22.555],[-65.4524,-22.5525],[-65.4607,-22.5453],[-65.4644,-22.5431],[-65.4723,-22.5398],[-65.4824,-22.5333],[-65.5006,-22.5282],[-65.5077,-22.5259],[-65.5153,-22.5189],[-65.5174,-22.516],[-65.5222,-22.5134],[-65.5239,-22.5115],[-65.5268,-22.5053],[-65.5276,-22.5008],[-65.5303,-22.4935],[-65.5337,-22.4888],[-65.538,-22.4855],[-65.5436,-22.4834],[-65.546,-22.4801],[-65.5495,-22.479],[-65.5535,-22.4802],[-65.5574,-22.4798],[-65.5596,-22.4811],[-65.5639,-22.4784],[-65.5666,-22.4783],[-65.572,-22.4744],[-65.5763,-22.4741],[-65.5849,-22.472],[-65.5915,-22.4699],[-65.593,-22.4705],[-65.6082,-22.4695],[-65.6164,-22.4694],[-65.6257,-22.4676],[-65.6395,-22.4684],[-65.6526,-22.4666],[-65.661,-22.466],[-65.6953,-22.4628],[-65.747,-22.4535],[-65.8091,-22.4421],[-65.8285,-22.4387],[-65.8293,-22.4468],[-65.8284,-22.4488],[-65.8268,-22.4572],[-65.8306,-22.4673],[-65.8315,-22.4788],[-65.8301,-22.4834],[-65.8295,-22.4887],[-65.8329,-22.5024],[-65.8353,-22.5099],[-65.8365,-22.5188],[-65.8372,-22.5286],[-65.8366,-22.5308],[-65.8386,-22.5376],[-65.8689,-22.5667],[-65.8858,-22.5567],[-65.8876,-22.564],[-65.8876,-22.5669],[-65.891,-22.5771],[-65.894,-22.581],[-65.8963,-22.5861],[-65.9002,-22.5918],[-65.911,-22.6049],[-65.9139,-22.6114],[-65.9213,-22.6207],[-65.9271,-22.6182],[-65.9282,-22.6161],[-65.9352,-22.6153],[-65.9377,-22.6117],[-65.9418,-22.6103],[-65.9508,-22.6057],[-65.9995,-22.5896],[-65.9983,-22.5935],[-65.9999,-22.599],[-66.004,-22.605],[-66.0097,-22.6073],[-66.0129,-22.6134],[-66.0211,-22.6198],[-66.0229,-22.6255],[-66.0249,-22.6263],[-66.0305,-22.6324],[-66.0332,-22.6404],[-66.038,-22.6446],[-66.0394,-22.6478],[-66.0427,-22.6498],[-66.0452,-22.653],[-66.049,-22.6542],[-66.0529,-22.6583],[-66.0567,-22.6569],[-66.0591,-22.6587],[-66.0604,-22.6618],[-66.0627,-22.6609],[-66.065,-22.6627],[-66.0681,-22.662],[-66.0721,-22.6645],[-66.0743,-22.6648],[-66.0776,-22.6677],[-66.0822,-22.6669],[-66.0847,-22.6696],[-66.0895,-22.6714],[-66.098,-22.6714],[-66.1012,-22.6725],[-66.1037,-22.6717],[-66.1073,-22.6732],[-66.1098,-22.6728],[-66.1186,-22.6764],[-66.1217,-22.6789],[-66.1253,-22.6803],[-66.1296,-22.6799],[-66.1364,-22.6822],[-66.1412,-22.6807],[-66.1452,-22.6813],[-66.1488,-22.6797],[-66.1519,-22.6813],[-66.1562,-22.6819],[-66.1588,-22.681],[-66.1656,-22.6825],[-66.1686,-22.6808],[-66.1724,-22.6816],[-66.1764,-22.6794],[-66.1772,-22.6764],[-66.1813,-22.6716],[-66.1847,-22.675],[-66.188,-22.6762],[-66.1904,-22.6795],[-66.1915,-22.6833],[-66.1961,-22.6902],[-66.1955,-22.6925],[-66.1972,-22.6946],[-66.2012,-22.6965],[-66.2052,-22.7],[-66.2041,-22.7035],[-66.2077,-22.7043],[-66.2118,-22.7085],[-66.2166,-22.7077],[-66.218,-22.709],[-66.2232,-22.7103],[-66.2269,-22.7097],[-66.2292,-22.7075],[-66.2303,-22.7021],[-66.2323,-22.7],[-66.2358,-22.6987],[-66.2476,-22.6969],[-66.2527,-22.6932],[-66.2563,-22.6926],[-66.2584,-22.6908],[-66.3123,-22.695],[-66.3314,-22.7128],[-66.3443,-22.7494],[-66.3567,-22.7675],[-66.4316,-22.7286],[-66.4327,-22.7312],[-66.4369,-22.7355],[-66.4398,-22.7361],[-66.4433,-22.7403],[-66.4439,-22.7425],[-66.4403,-22.7465],[-66.4412,-22.7497],[-66.4397,-22.7519],[-66.4401,-22.7544],[-66.438,-22.7618],[-66.4382,-22.7637],[-66.4363,-22.7679],[-66.4403,-22.7752],[-66.4402,-22.7807],[-66.4429,-22.7872],[-66.4477,-22.7913],[-66.4515,-22.7926],[-66.4574,-22.7966],[-66.4571,-22.8002],[-66.4539,-22.8029],[-66.4561,-22.8041],[-66.4619,-22.802],[-66.4682,-22.8017],[-66.4765,-22.8005],[-66.4813,-22.7989],[-66.486,-22.8008],[-66.4896,-22.8002],[-66.493,-22.8017],[-66.4951,-22.8046],[-66.4944,-22.8089],[-66.4962,-22.8108],[-66.4986,-22.8104],[-66.5006,-22.8131],[-66.5099,-22.8134],[-66.512,-22.8186],[-66.5152,-22.829],[-66.5209,-22.8331],[-66.525,-22.8342],[-66.5311,-22.8342],[-66.5361,-22.8329],[-66.5395,-22.8297],[-66.5435,-22.8295],[-66.5502,-22.8316],[-66.5518,-22.8332],[-66.5559,-22.8342],[-66.5619,-22.8321],[-66.5676,-22.8325],[-66.5699,-22.8334],[-66.5765,-22.8381],[-66.5815,-22.8408],[-66.5915,-22.8521],[-66.5892,-22.8673],[-66.5841,-22.9131],[-66.5849,-22.9993],[-66.504,-22.9993],[-66.3747,-22.9993],[-66.2818,-22.9993],[-66.1994,-23.0701],[-66.1153,-23.1557],[-66.1113,-23.1603],[-66.1095,-23.1637],[-66.1061,-23.1732],[-66.1068,-23.1931],[-66.1062,-23.2084],[-66.108,-23.2154],[-66.1068,-23.2174],[-66.1059,-23.2233],[-66.1129,-23.2346],[-66.1141,-23.2397],[-66.1172,-23.2436],[-66.1199,-23.249],[-66.1248,-23.2611],[-66.1261,-23.2659],[-66.1304,-23.2733],[-66.1398,-23.2835],[-66.1414,-23.2875],[-66.1466,-23.296],[-66.1496,-23.3022],[-66.1524,-23.3146],[-66.1554,-23.3185],[-66.1582,-23.3276],[-66.1622,-23.3343],[-66.1686,-23.3421],[-66.1766,-23.3562],[-66.1791,-23.3631],[-66.1881,-23.3785],[-66.1946,-23.3859],[-66.1983,-23.3917],[-66.1898,-23.4106],[-66.1844,-23.4169],[-66.1791,-23.4172],[-66.1754,-23.4146],[-66.1717,-23.4139],[-66.1637,-23.4154],[-66.1423,-23.4219],[-66.1385,-23.4244],[-66.1312,-23.4259],[-66.1272,-23.4282],[-66.1198,-23.4303],[-66.1126,-23.4344],[-66.1092,-23.4373],[-66.1018,-23.4462],[-66.0993,-23.4479],[-66.094,-23.4549],[-66.0892,-23.4593],[-66.0867,-23.4601],[-66.0796,-23.4646],[-66.0745,-23.467],[-66.073,-23.4686],[-66.0678,-23.4706],[-66.0639,-23.4735],[-66.0528,-23.4779],[-66.0506,-23.4798],[-66.0435,-23.4837],[-66.0355,-23.4903],[-66.0306,-23.4929],[-66.0208,-23.5003],[-66.0173,-23.5044],[-66.0125,-23.5072],[-66.0089,-23.5081],[-66.0059,-23.5106],[-65.9991,-23.5148],[-65.9872,-23.5097],[-65.9988,-23.6448],[-66.0019,-23.6819],[-65.997,-23.6799],[-65.9893,-23.6782],[-65.9827,-23.6735],[-65.9769,-23.6716],[-65.9696,-23.6708],[-65.9686,-23.6723],[-65.9636,-23.6722],[-65.9614,-23.6748],[-65.9625,-23.6795],[-65.9602,-23.6792],[-65.9588,-23.6766],[-65.96,-23.6728],[-65.9593,-23.6705],[-65.9613,-23.6682],[-65.9578,-23.6611],[-65.9552,-23.6617],[-65.9497,-23.6583],[-65.9465,-23.6549],[-65.9443,-23.6492],[-65.9334,-23.6429],[-65.9298,-23.6399],[-65.9294,-23.6371],[-65.9226,-23.634],[-65.9218,-23.6318],[-65.9181,-23.6318],[-65.9152,-23.625],[-65.9101,-23.6222],[-65.9032,-23.6151],[-65.9026,-23.6119],[-65.9005,-23.6082],[-65.8974,-23.5985],[-65.8946,-23.5909],[-65.8841,-23.5849],[-65.8837,-23.5812],[-65.8812,-23.5806],[-65.8822,-23.5743],[-65.8787,-23.5684],[-65.8795,-23.5658],[-65.8739,-23.5558],[-65.872,-23.5555],[-65.8696,-23.5516],[-65.8639,-23.5481],[-65.8581,-23.5482],[-65.844,-23.485],[-65.8436,-23.4816],[-65.8514,-23.4769],[-65.854,-23.4765],[-65.8532,-23.4719],[-65.8625,-23.4653],[-65.8668,-23.4566],[-65.8666,-23.452],[-65.8654,-23.449],[-65.864,-23.4398],[-65.8598,-23.4361],[-65.8514,-23.4332],[-65.8472,-23.4288],[-65.8447,-23.4241],[-65.8393,-23.4191],[-65.8412,-23.4138],[-65.8391,-23.4109],[-65.8382,-23.4001],[-65.8335,-23.3978],[-65.8347,-23.3958],[-65.835,-23.3917],[-65.8336,-23.3895],[-65.8306,-23.3886],[-65.8335,-23.385],[-65.8334,-23.3835],[-65.8283,-23.3829],[-65.8232,-23.3799],[-65.8229,-23.3751],[-65.8217,-23.3725],[-65.8148,-23.3763],[-65.8104,-23.3765],[-65.8073,-23.3807],[-65.8015,-23.385],[-65.7949,-23.392],[-65.7902,-23.3941],[-65.7838,-23.395],[-65.7778,-23.3984],[-65.7729,-23.4067],[-65.7654,-23.4129],[-65.7602,-23.4157],[-65.7553,-23.4163],[-65.7518,-23.4157],[-65.7464,-23.4133],[-65.7427,-23.4126],[-65.7444,-23.4019],[-65.7443,-23.3968],[-65.7404,-23.3906],[-65.74,-23.382],[-65.7382,-23.3742],[-65.7347,-23.3707],[-65.7326,-23.3595],[-65.7309,-23.3546],[-65.7315,-23.3466],[-65.7363,-23.3405],[-65.7349,-23.3345],[-65.7351,-23.3315],[-65.7375,-23.3263],[-65.7421,-23.3236],[-65.7446,-23.3183],[-65.744,-23.3143],[-65.7406,-23.3085],[-65.7357,-23.3077],[-65.7348,-23.3064],[-65.7348,-23.3011],[-65.7315,-23.2938],[-65.73,-23.2867],[-65.7236,-23.2789],[-65.7211,-23.2736],[-65.7213,-23.2667],[-65.7239,-23.2598],[-65.7305,-23.2529],[-65.7319,-23.2501],[-65.7319,-23.2467],[-65.7339,-23.2407],[-65.7363,-23.229],[-65.7301,-23.2215],[-65.7271,-23.2135],[-65.7204,-23.2009],[-65.721,-23.1984],[-65.719,-23.1924],[-65.7212,-23.1844],[-65.7189,-23.1749],[-65.7226,-23.1727],[-65.7232,-23.1693],[-65.7174,-23.1644],[-65.716,-23.16],[-65.7172,-23.1562],[-65.7159,-23.1498],[-65.7179,-23.1484],[-65.7188,-23.1407],[-65.7144,-23.1366],[-65.712,-23.132],[-65.713,-23.1227],[-65.7105,-23.1143],[-65.7047,-23.1032],[-65.6983,-23.0941],[-65.6925,-23.0868],[-65.6924,-23.081],[-65.6965,-23.0725],[-65.6993,-23.0685],[-65.7031,-23.065],[-65.7024,-23.0619],[-65.7025,-23.0548],[-65.7018,-23.047],[-65.6984,-23.0412],[-65.6989,-23.0285],[-65.6973,-23.017],[-65.6977,-23.0121],[-65.6962,-23.0059],[-65.695,-23.0039],[-65.6934,-22.9936],[-65.6882,-22.9882],[-65.6812,-22.9775],[-65.678,-22.9679],[-65.6756,-22.9629],[-65.6727,-22.9552],[-65.6691,-22.9523],[-65.6612,-22.9487],[-65.645,-22.9391],[-65.633,-22.9351],[-65.6145,-22.9275],[-65.6061,-22.9188],[-65.6044,-22.9114],[-65.6016,-22.9032],[-65.6014,-22.8998],[-65.5987,-22.8976],[-65.597,-22.8925],[-65.5951,-22.8898],[-65.5919,-22.8804],[-65.5775,-22.8612],[-65.5465,-22.8427],[-65.5403,-22.8382],[-65.5275,-22.8299],[-65.5224,-22.825],[-65.5195,-22.8131],[-65.5188,-22.8064],[-65.515,-22.7894],[-65.5146,-22.7817],[-65.5125,-22.773],[-65.5076,-22.7653],[-65.5052,-22.7645],[-65.4988,-22.7659],[-65.4918,-22.7639],[-65.4833,-22.7653],[-65.4707,-22.7649],[-65.4673,-22.7641],[-65.4626,-22.7645],[-65.443,-22.7631],[-65.4324,-22.7578],[-65.4245,-22.7521],[-65.4183,-22.7502],[-65.4105,-22.7447],[-65.4067,-22.7383],[-65.404,-22.7352],[-65.4013,-22.7296],[-65.3928,-22.7188],[-65.3938,-22.7151],[-65.3929,-22.7125],[-65.39,-22.71],[-65.3885,-22.704],[-65.3864,-22.7016],[-65.3837,-22.695],[-65.3846,-22.6868],[-65.3784,-22.6778],[-65.376,-22.6668],[-65.3735,-22.6631],[-65.3681,-22.6501],[-65.3644,-22.6467],[-65.3611,-22.6414],[-65.3601,-22.6371],[-65.3504,-22.6266],[-65.3486,-22.6226],[-65.3468,-22.6106],[-65.3447,-22.6064],[-65.3491,-22.6046],[-65.3507,-22.6023],[-65.3506,-22.5992],[-65.3479,-22.5922],[-65.3446,-22.5867],[-65.3454,-22.5808],[-65.3495,-22.5746],[-65.3473,-22.5637],[-65.3451,-22.5585],[-65.345,-22.556],[-65.3486,-22.5512]]]},"properties":{"id":260,"departamento":"COCHINOCA","cabecera":"ABRA PAMPA","provincia":"JUJUY"}},
{"type":"Feature","geometry":{"type":"Polygon","coordinates":[[[-65.6899,-23.3758],[-65.6947,-23.3778],[-65.6976,-23.3819],[-65.7104,-23.3853],[-65.7176,-23.3908],[-65.7189,-23.3941],[-65.7224,-23.3966],[-65.7241,-23.3992],[-65.7287,-23.4026],[-65.7321,-23.4035],[-65.7357,-23.4063],[-65.7365,-23.4092],[-65.7427,-23.4126],[-65.7464,-23.4133],[-65.7518,-23.4157],[-65.7553,-23.4163],[-65.7602,-23.4157],[-65.7654,-23.4129],[-65.7729,-23.4067],[-65.7778,-23.3984],[-65.7838,-23.395],[-65.7902,-23.3941],[-65.7949,-23.392],[-65.8015,-23.385],[-65.8073,-23.3807],[-65.8104,-23.3765],[-65.8148,-23.3763],[-65.8217,-23.3725],[-65.8229,-23.3751],[-65.8232,-23.3799],[-65.8283,-23.3829],[-65.8334,-23.3835],[-65.8335,-23.385],[-65.8306,-23.3886],[-65.8336,-23.3895],[-65.835,-23.3917],[-65.8347,-23.3958],[-65.8335,-23.3978],[-65.8382,-23.4001],[-65.8391,-23.4109],[-65.8412,-23.4138],[-65.8393,-23.4191],[-65.8447,-23.4241],[-65.8472,-23.4288],[-65.8514,-23.4332],[-65.8598,-23.4361],[-65.864,-23.4398],[-65.8654,-23.449],[-65.8666,-23.452],[-65.8668,-23.4566],[-65.8625,-23.4653],[-65.8532,-23.4719],[-65.854,-23.4765],[-65.8514,-23.4769],[-65.8436,-23.4816],[-65.844,-23.485],[-65.8581,-23.5482],[-65.8639,-23.5481],[-65.8696,-23.5516],[-65.872,-23.5555],[-65.8739,-23.5558],[-65.8795,-23.5658],[-65.8787,-23.5684],[-65.8822,-23.5743],[-65.8812,-23.5806],[-65.8837,-23.5812],[-65.8841,-23.5849],[-65.8946,-23.5909],[-65.8974,-23.5985],[-65.9005,-23.6082],[-65.9026,-23.6119],[-65.9032,-23.6151],[-65.9101,-23.6222],[-65.9152,-23.625],[-65.9181,-23.6318],[-65.9218,-23.6318],[-65.9226,-23.634],[-65.9294,-23.6371],[-65.9298,-23.6399],[-65.9334,-23.6429],[-65.9443,-23.6492],[-65.9465,-23.6549],[-65.9497,-23.6583],[-65.9552,-23.6617],[-65.9578,-23.6611],[-65.9613,-23.6682],[-65.9593,-23.6705],[-65.96,-23.6728],[-65.9588,-23.6766],[-65.9602,-23.6792],[-65.9625,-23.6795],[-65.9614,-23.6748],[-65.9636,-23.6722],[-65.9686,-23.6723],[-65.9696,-23.6708],[-65.9769,-23.6716],[-65.9827,-23.6735],[-65.9893,-23.6782],[-65.997,-23.6799],[-66.0019,-23.6819],[-66.0099,-23.7747],[-66.0104,-23.7774],[-66.0105,-23.7908],[-66.0097,-23.798],[-66.0081,-23.8027],[-66.0085,-23.8073],[-66.0098,-23.8105],[-66.0102,-23.8216],[-66.0123,-23.827],[-66.014,-23.8353],[-66.0166,-23.8393],[-66.0198,-23.8467],[-66.021,-23.8527],[-66.0219,-23.8617],[-66.0211,-23.8639],[-66.0198,-23.8751],[-66.0181,-23.8824],[-66.0143,-23.8928],[-66.011,-23.8984],[-66.0112,-23.9013],[-66.0148,-23.9067],[-66.0159,-23.9099],[-66.0165,-23.9181],[-66.0138,-23.925],[-66.0112,-23.9265],[-66.0043,-23.9274],[-66.0019,-23.9289],[-65.9992,-23.9395],[-65.9978,-23.9419],[-65.9973,-23.9499],[-65.9979,-23.9514],[-65.9978,-23.9606],[-65.994,-23.9644],[-65.9921,-23.972],[-65.9926,-23.98],[-65.9909,-23.9817],[-65.9804,-23.9802],[-65.9713,-23.9764],[-65.9657,-23.9708],[-65.9602,-23.9667],[-65.9563,-23.9661],[-65.9463,-23.9667],[-65.942,-23.9675],[-65.9384,-23.9702],[-65.9363,-23.9751],[-65.937,-23.977],[-65.9427,-23.9825],[-65.9439,-23.9884],[-65.9482,-23.9941],[-65.9511,-23.9998],[-65.9509,-24.004],[-65.9461,-24.0077],[-65.9431,-24.0082],[-65.9291,-24.005],[-65.9171,-24.0034],[-65.9051,-24.0046],[-65.8967,-24.0046],[-65.8887,-24.0039],[-65.8847,-24.0025],[-65.8781,-24.0021],[-65.8674,-24.0033],[-65.8617,-24.0075],[-65.8573,-24.0096],[-65.8505,-24.0156],[-65.8431,-24.019],[-65.8368,-24.0177],[-65.8273,-24.019],[-65.8123,-24.0289],[-65.8108,-24.0306],[-65.8074,-24.0313],[-65.8028,-24.0345],[-65.7929,-24.0459],[-65.7895,-24.0513],[-65.7851,-24.056],[-65.7738,-24.0547],[-65.7618,-24.0556],[-65.7583,-24.0551],[-65.7526,-24.0573],[-65.7523,-24.0524],[-65.7486,-24.0446],[-65.7474,-24.0408],[-65.7439,-24.0352],[-65.7404,-24.032],[-65.7381,-24.0315],[-65.7349,-24.0283],[-65.7343,-24.0243],[-65.7309,-24.0162],[-65.7277,-24.0133],[-65.7239,-24.005],[-65.7164,-23.9911],[-65.7097,-23.9884],[-65.705,-23.9839],[-65.7033,-23.9772],[-65.7048,-23.961],[-65.7016,-23.9487],[-65.7005,-23.9399],[-65.7005,-23.9353],[-65.6993,-23.9311],[-65.697,-23.9283],[-65.6956,-23.9181],[-65.6968,-23.9152],[-65.7003,-23.9112],[-65.7003,-23.901],[-65.6986,-23.897],[-65.6983,-23.8903],[-65.6963,-23.8828],[-65.6919,-23.8737],[-65.6882,-23.8638],[-65.6847,-23.859],[-65.6795,-23.8463],[-65.6752,-23.842],[-65.6476,-23.8299],[-65.643,-23.8405],[-65.6376,-23.8423],[-65.6327,-23.846],[-65.628,-23.8512],[-65.6218,-23.8607],[-65.6212,-23.865],[-65.6198,-23.8679],[-65.6108,-23.8709],[-65.6054,-23.8744],[-65.6028,-23.8811],[-65.5998,-23.8835],[-65.5946,-23.8864],[-65.5948,-23.8921],[-65.5939,-23.8985],[-65.5968,-23.9066],[-65.6007,-23.9098],[-65.6021,-23.9227],[-65.6032,-23.9232],[-65.6037,-23.9317],[-65.5994,-23.9361],[-65.5987,-23.9417],[-65.6001,-23.9487],[-65.5985,-23.9528],[-65.6004,-23.9577],[-65.5996,-23.9597],[-65.6025,-23.9641],[-65.6028,-23.9676],[-65.6015,-23.9697],[-65.602,-23.9744],[-65.6003,-23.9777],[-65.5997,-23.9819],[-65.6005,-23.9888],[-65.5977,-23.9909],[-65.5966,-23.9959],[-65.5907,-23.9946],[-65.5879,-23.9951],[-65.5874,-24.0002],[-65.5857,-24.0015],[-65.5774,-24.0005],[-65.5766,-24.002],[-65.5724,-24.0015],[-65.5704,-24.0036],[-65.5673,-24.0038],[-65.5641,-24.0072],[-65.5593,-24.0072],[-65.5574,-24.0085],[-65.5569,-24.0115],[-65.5489,-24.0169],[-65.5471,-24.0213],[-65.5427,-24.0196],[-65.529,-24.0184],[-65.5154,-24.0161],[-65.5124,-24.0134],[-65.506,-24.013],[-65.5006,-24.0151],[-65.4924,-24.0169],[-65.4799,-24.0145],[-65.4719,-24.0156],[-65.4681,-24.0182],[-65.4613,-24.0216],[-65.4545,-24.024],[-65.4536,-24.0258],[-65.4477,-24.0275],[-65.4408,-24.0284],[-65.436,-24.0283],[-65.4331,-24.0268],[-65.4362,-24.0239],[-65.4406,-24.0136],[-65.4417,-24.0102],[-65.4423,-24.0018],[-65.4438,-23.9972],[-65.4434,-23.9903],[-65.4362,-23.9901],[-65.4232,-23.9844],[-65.4215,-23.979],[-65.4186,-23.9754],[-65.4192,-23.9665],[-65.4179,-23.96],[-65.4185,-23.9562],[-65.4177,-23.9523],[-65.4195,-23.9457],[-65.4193,-23.9432],[-65.4157,-23.9418],[-65.41,-23.9381],[-65.4062,-23.9393],[-65.4002,-23.938],[-65.3993,-23.9391],[-65.3931,-23.9372],[-65.39,-23.9379],[-65.3852,-23.937],[-65.3826,-23.938],[-65.3756,-23.932],[-65.369,-23.9287],[-65.3671,-23.9236],[-65.3613,-23.9196],[-65.361,-23.925],[-65.3585,-23.9255],[-65.3507,-23.9238],[-65.3451,-23.9272],[-65.3439,-23.9231],[-65.344,-23.9167],[-65.3395,-23.9103],[-65.3398,-23.9042],[-65.341,-23.9011],[-65.34,-23.8964],[-65.3377,-23.8927],[-65.3413,-23.884],[-65.3392,-23.8686],[-65.3401,-23.866],[-65.3489,-23.8605],[-65.3532,-23.8567],[-65.3509,-23.8542],[-65.3436,-23.8522],[-65.3382,-23.8485],[-65.327,-23.8469],[-65.3224,-23.847],[-65.3182,-23.8459],[-65.3155,-23.8467],[-65.314,-23.8512],[-65.312,-23.8534],[-65.3109,-23.8589],[-65.3093,-23.8614],[-65.3034,-23.8653],[-65.2968,-23.8661],[-65.2895,-23.8624],[-65.2926,-23.8602],[-65.2955,-23.8521],[-65.2972,-23.8455],[-65.2975,-23.8411],[-65.2953,-23.8379],[-65.2955,-23.8333],[-65.2947,-23.8269],[-65.2929,-23.8241],[-65.2959,-23.8195],[-65.2972,-23.8193],[-65.3033,-23.8144],[-65.3067,-23.8139],[-65.3079,-23.8122],[-65.3124,-23.8121],[-65.3157,-23.8098],[-65.3183,-23.8047],[-65.32,-23.803],[-65.3273,-23.8018],[-65.3297,-23.8003],[-65.3336,-23.8013],[-65.3388,-23.7951],[-65.3473,-23.7931],[-65.3551,-23.7923],[-65.3626,-23.7887],[-65.3702,-23.7864],[-65.3752,-23.7843],[-65.3775,-23.7789],[-65.3719,-23.7699],[-65.3672,-23.7609],[-65.3651,-23.7513],[-65.3664,-23.7463],[-65.3652,-23.7315],[-65.3577,-23.7212],[-65.3519,-23.712],[-65.372,-23.7046],[-65.3808,-23.7052],[-65.3833,-23.7073],[-65.3858,-23.7135],[-65.3893,-23.7185],[-65.3933,-23.7227],[-65.4056,-23.721],[-65.4094,-23.7176],[-65.4119,-23.7138],[-65.4153,-23.7068],[-65.4187,-23.7062],[-65.424,-23.7034],[-65.4339,-23.7032],[-65.44,-23.7019],[-65.45,-23.6983],[-65.4511,-23.6994],[-65.4556,-23.6994],[-65.4618,-23.6967],[-65.4675,-23.6957],[-65.4734,-23.6935],[-65.4824,-23.6869],[-65.487,-23.6845],[-65.4885,-23.6806],[-65.4913,-23.6767],[-65.4921,-23.6641],[-65.4956,-23.6618],[-65.5097,-23.655],[-65.5115,-23.6476],[-65.5105,-23.6446],[-65.5091,-23.6274],[-65.5063,-23.62],[-65.5071,-23.6135],[-65.5053,-23.6118],[-65.5036,-23.6073],[-65.504,-23.5966],[-65.5086,-23.5836],[-65.5114,-23.581],[-65.515,-23.5723],[-65.5199,-23.5694],[-65.5263,-23.5668],[-65.5376,-23.558],[-65.5436,-23.5522],[-65.5436,-23.5435],[-65.545,-23.5357],[-65.5472,-23.5324],[-65.5525,-23.5273],[-65.5581,-23.5237],[-65.5599,-23.5201],[-65.5636,-23.5094],[-65.5629,-23.5065],[-65.5662,-23.4978],[-65.5662,-23.4869],[-65.5674,-23.4816],[-65.5668,-23.4766],[-65.5698,-23.4647],[-65.569,-23.4615],[-65.5699,-23.457],[-65.5738,-23.4516],[-65.5753,-23.4463],[-65.5772,-23.4435],[-65.5774,-23.4398],[-65.5795,-23.4345],[-65.5848,-23.4291],[-65.6163,-23.4005],[-65.6191,-23.3969],[-65.625,-23.3933],[-65.6349,-23.3831],[-65.6452,-23.3803],[-65.6558,-23.3765],[-65.6653,-23.3748],[-65.6708,-23.375],[-65.6806,-23.3772],[-65.6899,-23.3758]]]},"properties":{"id":261,"departamento":"TUMBAYA","cabecera":"TUMBAYA","provincia":"JUJUY"}},
{"type":"Feature","geometry":{"type":"Polygon","coordinates":[[[-65.1099,-24.0325],[-65.1119,-24.0264],[-65.1115,-24.0236],[-65.1136,-24.0137],[-65.1153,-24.0107],[-65.1231,-24.0069],[-65.1283,-24.0013],[-65.132,-23.9993],[-65.1335,-23.9964],[-65.1322,-23.9929],[-65.1349,-23.9871],[-65.1336,-23.984],[-65.1349,-23.9774],[-65.1368,-23.9742],[-65.1417,-23.9756],[-65.1441,-23.9742],[-65.1458,-23.9762],[-65.1489,-23.9761],[-65.1531,-23.9743],[-65.1556,-23.9757],[-65.1603,-23.9758],[-65.163,-23.9736],[-65.1702,-23.9749],[-65.1733,-23.9763],[-65.1799,-23.9775],[-65.1837,-23.9811],[-65.1918,-23.9848],[-65.1909,-23.9878],[-65.1956,-23.9885],[-65.1975,-23.9923],[-65.2002,-23.9954],[-65.2028,-23.9956],[-65.207,-23.999],[-65.2204,-23.9992],[-65.223,-23.9983],[-65.2221,-23.9936],[-65.2228,-23.9861],[-65.2254,-23.9839],[-65.2252,-23.9813],[-65.223,-23.98],[-65.2227,-23.9774],[-65.2169,-23.97],[-65.2144,-23.9691],[-65.2114,-23.9701],[-65.2088,-23.969],[-65.2063,-23.9659],[-65.2043,-23.9588],[-65.2007,-23.9592],[-65.1971,-23.9616],[-65.1854,-23.9559],[-65.1821,-23.9511],[-65.181,-23.9464],[-65.1789,-23.944],[-65.1808,-23.9331],[-65.1829,-23.9284],[-65.1818,-23.9251],[-65.1848,-23.9202],[-65.1897,-23.9189],[-65.1922,-23.9157],[-65.204,-23.9101],[-65.2059,-23.908],[-65.2122,-23.9062],[-65.2144,-23.9031],[-65.2169,-23.903],[-65.2222,-23.8977],[-65.2253,-23.8961],[-65.2318,-23.8947],[-65.236,-23.8928],[-65.2402,-23.8924],[-65.2409,-23.8906],[-65.245,-23.8875],[-65.2478,-23.8868],[-65.2517,-23.8795],[-65.2567,-23.879],[-65.2668,-23.8744],[-65.268,-23.8713],[-65.2709,-23.8706],[-65.2754,-23.8665],[-65.2781,-23.8671],[-65.283,-23.8642],[-65.2895,-23.8624],[-65.2968,-23.8661],[-65.3034,-23.8653],[-65.3093,-23.8614],[-65.3109,-23.8589],[-65.312,-23.8534],[-65.314,-23.8512],[-65.3155,-23.8467],[-65.3182,-23.8459],[-65.3224,-23.847],[-65.327,-23.8469],[-65.3382,-23.8485],[-65.3436,-23.8522],[-65.3509,-23.8542],[-65.3532,-23.8567],[-65.3489,-23.8605],[-65.3401,-23.866],[-65.3392,-23.8686],[-65.3413,-23.884],[-65.3377,-23.8927],[-65.34,-23.8964],[-65.341,-23.9011],[-65.3398,-23.9042],[-65.3395,-23.9103],[-65.344,-23.9167],[-65.3439,-23.9231],[-65.3451,-23.9272],[-65.3507,-23.9238],[-65.3585,-23.9255],[-65.361,-23.925],[-65.3613,-23.9196],[-65.3671,-23.9236],[-65.369,-23.9287],[-65.3756,-23.932],[-65.3826,-23.938],[-65.3852,-23.937],[-65.39,-23.9379],[-65.3931,-23.9372],[-65.3993,-23.9391],[-65.4002,-23.938],[-65.4062,-23.9393],[-65.41,-23.9381],[-65.4157,-23.9418],[-65.4193,-23.9432],[-65.4195,-23.9457],[-65.4177,-23.9523],[-65.4185,-23.9562],[-65.4179,-23.96],[-65.4192,-23.9665],[-65.4186,-23.9754],[-65.4215,-23.979],[-65.4232,-23.9844],[-65.4362,-23.9901],[-65.4434,-23.9903],[-65.4438,-23.9972],[-65.4423,-24.0018],[-65.4417,-24.0102],[-65.4406,-24.0136],[-65.4362,-24.0239],[-65.4331,-24.0268],[-65.436,-24.0283],[-65.4408,-24.0284],[-65.4477,-24.0275],[-65.4536,-24.0258],[-65.4545,-24.024],[-65.4613,-24.0216],[-65.4681,-24.0182],[-65.4719,-24.0156],[-65.4799,-24.0145],[-65.4924,-24.0169],[-65.5006,-24.0151],[-65.506,-24.013],[-65.5124,-24.0134],[-65.5154,-24.0161],[-65.529,-24.0184],[-65.5427,-24.0196],[-65.5471,-24.0213],[-65.5489,-24.0169],[-65.5569,-24.0115],[-65.5574,-24.0085],[-65.5593,-24.0072],[-65.5641,-24.0072],[-65.5673,-24.0038],[-65.5704,-24.0036],[-65.5724,-24.0015],[-65.5766,-24.002],[-65.5774,-24.0005],[-65.5857,-24.0015],[-65.5874,-24.0002],[-65.5879,-23.9951],[-65.5907,-23.9946],[-65.5966,-23.9959],[-65.5977,-23.9909],[-65.6005,-23.9888],[-65.5997,-23.9819],[-65.6003,-23.9777],[-65.602,-23.9744],[-65.6015,-23.9697],[-65.6028,-23.9676],[-65.6025,-23.9641],[-65.5996,-23.9597],[-65.6004,-23.9577],[-65.5985,-23.9528],[-65.6001,-23.9487],[-65.5987,-23.9417],[-65.5994,-23.9361],[-65.6037,-23.9317],[-65.6032,-23.9232],[-65.6021,-23.9227],[-65.6007,-23.9098],[-65.5968,-23.9066],[-65.5939,-23.8985],[-65.5948,-23.8921],[-65.5946,-23.8864],[-65.5998,-23.8835],[-65.6028,-23.8811],[-65.6054,-23.8744],[-65.6108,-23.8709],[-65.6198,-23.8679],[-65.6212,-23.865],[-65.6218,-23.8607],[-65.628,-23.8512],[-65.6327,-23.846],[-65.6376,-23.8423],[-65.643,-23.8405],[-65.6476,-23.8299],[-65.6752,-23.842],[-65.6795,-23.8463],[-65.6847,-23.859],[-65.6882,-23.8638],[-65.6919,-23.8737],[-65.6963,-23.8828],[-65.6983,-23.8903],[-65.6986,-23.897],[-65.7003,-23.901],[-65.7003,-23.9112],[-65.6968,-23.9152],[-65.6956,-23.9181],[-65.697,-23.9283],[-65.6993,-23.9311],[-65.7005,-23.9353],[-65.7005,-23.9399],[-65.7016,-23.9487],[-65.7048,-23.961],[-65.7033,-23.9772],[-65.705,-23.9839],[-65.7097,-23.9884],[-65.7164,-23.9911],[-65.7239,-24.005],[-65.7277,-24.0133],[-65.7309,-24.0162],[-65.7343,-24.0243],[-65.7349,-24.0283],[-65.7381,-24.0315],[-65.7404,-24.032],[-65.7439,-24.0352],[-65.7474,-24.0408],[-65.7486,-24.0446],[-65.7523,-24.0524],[-65.7526,-24.0573],[-65.7501,-24.0598],[-65.747,-24.0606],[-65.748,-24.0634],[-65.7511,-24.0652],[-65.7534,-24.0704],[-65.7506,-24.0748],[-65.7446,-24.0762],[-65.7367,-24.0802],[-65.734,-24.0848],[-65.7349,-24.0916],[-65.7331,-24.0946],[-65.7278,-24.0981],[-65.7236,-24.1047],[-65.7221,-24.1126],[-65.7225,-24.1197],[-65.7252,-24.1237],[-65.7269,-24.1305],[-65.7286,-24.1345],[-65.7299,-24.142],[-65.7331,-24.1477],[-65.7334,-24.1498],[-65.7306,-24.1527],[-65.7293,-24.1585],[-65.7257,-24.1644],[-65.7264,-24.1673],[-65.73,-24.1729],[-65.7255,-24.1824],[-65.7255,-24.1868],[-65.7226,-24.189],[-65.7194,-24.1943],[-65.7155,-24.1967],[-65.7104,-24.1965],[-65.7081,-24.2015],[-65.7057,-24.2036],[-65.7018,-24.2098],[-65.698,-24.2118],[-65.6961,-24.2142],[-65.6956,-24.2203],[-65.6973,-24.2247],[-65.6973,-24.2288],[-65.6917,-24.2323],[-65.6823,-24.2413],[-65.6805,-24.2453],[-65.6731,-24.247],[-65.6723,-24.249],[-65.6284,-24.2778],[-65.6086,-24.2843],[-65.5755,-24.2944],[-65.5667,-24.2938],[-65.555,-24.2944],[-65.5492,-24.2935],[-65.5317,-24.2919],[-65.5175,-24.2919],[-65.496,-24.2938],[-65.4881,-24.2957],[-65.4727,-24.2914],[-65.4648,-24.2837],[-65.4637,-24.2816],[-65.4588,-24.2782],[-65.4564,-24.2753],[-65.4501,-24.2698],[-65.4459,-24.2692],[-65.4417,-24.2707],[-65.4386,-24.2741],[-65.4344,-24.2742],[-65.4327,-24.2709],[-65.427,-24.2697],[-65.4256,-24.2719],[-65.4206,-24.2731],[-65.4168,-24.2727],[-65.4124,-24.2758],[-65.407,-24.2765],[-65.3954,-24.2755],[-65.3934,-24.2768],[-65.389,-24.2748],[-65.3796,-24.2777],[-65.373,-24.275],[-65.3698,-24.2724],[-65.3651,-24.2668],[-65.3618,-24.2651],[-65.3574,-24.2608],[-65.3483,-24.257],[-65.3481,-24.2554],[-65.3431,-24.2564],[-65.3332,-24.2599],[-65.3287,-24.2597],[-65.3197,-24.2621],[-65.317,-24.2605],[-65.3122,-24.2599],[-65.3084,-24.2614],[-65.3061,-24.2642],[-65.3015,-24.2675],[-65.2947,-24.2691],[-65.2846,-24.2691],[-65.2812,-24.2683],[-65.2765,-24.2684],[-65.274,-24.2672],[-65.2688,-24.2669],[-65.2575,-24.2678],[-65.2518,-24.2706],[-65.2455,-24.2702],[-65.2419,-24.2735],[-65.235,-24.2767],[-65.2281,-24.2546],[-65.2343,-24.2489],[-65.2448,-24.2419],[-65.2493,-24.238],[-65.2571,-24.2298],[-65.2537,-24.228],[-65.2512,-24.2285],[-65.2481,-24.2259],[-65.2442,-24.2259],[-65.2362,-24.2173],[-65.2278,-24.2208],[-65.2213,-24.2223],[-65.2145,-24.2268],[-65.2057,-24.2291],[-65.2076,-24.2262],[-65.2078,-24.2237],[-65.2114,-24.2185],[-65.2143,-24.2163],[-65.214,-24.2106],[-65.2167,-24.2106],[-65.2184,-24.2081],[-65.2184,-24.2052],[-65.2154,-24.2006],[-65.2169,-24.1952],[-65.2163,-24.1908],[-65.213,-24.1855],[-65.2134,-24.1784],[-65.2097,-24.1683],[-65.2094,-24.1625],[-65.2102,-24.1555],[-65.214,-24.1451],[-65.2134,-24.1389],[-65.2153,-24.1358],[-65.2202,-24.1354],[-65.2249,-24.1312],[-65.2333,-24.1285],[-65.2408,-24.1294],[-65.2374,-24.1233],[-65.2333,-24.1242],[-65.2285,-24.1234],[-65.2247,-24.1214],[-65.2238,-24.1167],[-65.2196,-24.1132],[-65.2142,-24.112],[-65.2088,-24.1077],[-65.2046,-24.1011],[-65.2023,-24.0876],[-65.2001,-24.0853],[-65.1967,-24.0877],[-65.1933,-24.0831],[-65.1904,-24.086],[-65.1878,-24.0923],[-65.1807,-24.0924],[-65.1777,-24.0907],[-65.1754,-24.0931],[-65.1713,-24.0929],[-65.1634,-24.0938],[-65.1584,-24.0954],[-65.1519,-24.0933],[-65.1484,-24.0898],[-65.1442,-24.0883],[-65.1382,-24.0888],[-65.1304,-24.086],[-65.1309,-24.0804],[-65.1306,-24.0723],[-65.1294,-24.0713],[-65.1248,-24.0718],[-65.1239,-24.0678],[-65.1259,-24.0676],[-65.1273,-24.0634],[-65.1264,-24.0607],[-65.1223,-24.0593],[-65.1235,-24.0552],[-65.1201,-24.0522],[-65.1162,-24.0513],[-65.1187,-24.0477],[-65.1184,-24.0455],[-65.1206,-24.0425],[-65.1144,-24.0417],[-65.1157,-24.0383],[-65.1143,-24.0357],[-65.1099,-24.0325]]]},"properties":{"id":262,"departamento":"DOCTOR MANUEL BELGRANO","cabecera":"SAN SALVADOR DE JUJUY","provincia":"JUJUY"}},
{"type":"Feature","geometry":{"type":"Polygon","coordinates":[[[-65.235,-24.2767],[-65.2419,-24.2735],[-65.2455,-24.2702],[-65.2518,-24.2706],[-65.2575,-24.2678],[-65.2688,-24.2669],[-65.274,-24.2672],[-65.2765,-24.2684],[-65.2812,-24.2683],[-65.2846,-24.2691],[-65.2947,-24.2691],[-65.3015,-24.2675],[-65.3061,-24.2642],[-65.3084,-24.2614],[-65.3122,-24.2599],[-65.317,-24.2605],[-65.3197,-24.2621],[-65.3287,-24.2597],[-65.3332,-24.2599],[-65.3431,-24.2564],[-65.3481,-24.2554],[-65.3483,-24.257],[-65.3574,-24.2608],[-65.3618,-24.2651],[-65.3651,-24.2668],[-65.3698,-24.2724],[-65.373,-24.275],[-65.3796,-24.2777],[-65.389,-24.2748],[-65.3934,-24.2768],[-65.3954,-24.2755],[-65.407,-24.2765],[-65.4124,-24.2758],[-65.4168,-24.2727],[-65.4206,-24.2731],[-65.4256,-24.2719],[-65.427,-24.2697],[-65.4327,-24.2709],[-65.4344,-24.2742],[-65.4386,-24.2741],[-65.4417,-24.2707],[-65.4459,-24.2692],[-65.4501,-24.2698],[-65.4564,-24.2753],[-65.4588,-24.2782],[-65.4637,-24.2816],[-65.4648,-24.2837],[-65.4727,-24.2914],[-65.4881,-24.2957],[-65.496,-24.2938],[-65.5175,-24.2919],[-65.5317,-24.2919],[-65.5492,-24.2935],[-65.555,-24.2944],[-65.5667,-24.2938],[-65.5755,-24.2944],[-65.6086,-24.2843],[-65.6284,-24.2778],[-65.6723,-24.249],[-65.6704,-24.2548],[-65.6719,-24.2651],[-65.674,-24.2743],[-65.6734,-24.2795],[-65.6786,-24.2848],[-65.6788,-24.2927],[-65.6815,-24.2966],[-65.6825,-24.3066],[-65.6792,-24.3185],[-65.6755,-24.3224],[-65.6737,-24.3301],[-65.6686,-24.3397],[-65.6653,-24.344],[-65.6619,-24.3466],[-65.6574,-24.3531],[-65.6561,-24.3565],[-65.6562,-24.3612],[-65.6585,-24.3654],[-65.6587,-24.3699],[-65.6563,-24.3774],[-65.6532,-24.3805],[-65.6397,-24.3834],[-65.6349,-24.3832],[-65.6272,-24.3853],[-65.6205,-24.3844],[-65.6172,-24.3882],[-65.6143,-24.4019],[-65.6116,-24.4072],[-65.6079,-24.4072],[-65.6026,-24.4093],[-65.6021,-24.4144],[-65.6002,-24.417],[-65.5922,-24.4176],[-65.586,-24.4194],[-65.58,-24.4199],[-65.5744,-24.4222],[-65.5713,-24.4222],[-65.5652,-24.4268],[-65.5608,-24.4333],[-65.5557,-24.4379],[-65.5524,-24.438],[-65.5459,-24.4431],[-65.5446,-24.4479],[-65.5408,-24.4515],[-65.5375,-24.4495],[-65.5293,-24.4485],[-65.5261,-24.4498],[-65.5222,-24.4475],[-65.5196,-24.4472],[-65.5148,-24.4517],[-65.5112,-24.4567],[-65.5064,-24.4566],[-65.5063,-24.4501],[-65.5045,-24.4391],[-65.5014,-24.4356],[-65.4906,-24.4282],[-65.485,-24.4277],[-65.4772,-24.4298],[-65.4643,-24.4306],[-65.4636,-24.4333],[-65.4612,-24.4358],[-65.4543,-24.4391],[-65.4524,-24.4418],[-65.4512,-24.4469],[-65.447,-24.4571],[-65.4428,-24.4583],[-65.4408,-24.4601],[-65.4347,-24.4628],[-65.4304,-24.4547],[-65.4274,-24.4521],[-65.4238,-24.4515],[-65.4201,-24.4527],[-65.4161,-24.4554],[-65.411,-24.4573],[-65.3987,-24.4583],[-65.3931,-24.4602],[-65.3849,-24.4608],[-65.3792,-24.4603],[-65.3727,-24.4634],[-65.367,-24.4635],[-65.3618,-24.4615],[-65.3573,-24.4624],[-65.3593,-24.4589],[-65.3595,-24.4504],[-65.3558,-24.4387],[-65.3515,-24.4374],[-65.3506,-24.429],[-65.3543,-24.4261],[-65.3599,-24.4201],[-65.3653,-24.4191],[-65.3646,-24.4161],[-65.3673,-24.413],[-65.3676,-24.41],[-65.3627,-24.4065],[-65.3617,-24.3955],[-65.3594,-24.3923],[-65.3572,-24.383],[-65.3544,-24.3811],[-65.3489,-24.3811],[-65.3421,-24.3786],[-65.341,-24.3792],[-65.334,-24.3779],[-65.3307,-24.3786],[-65.3228,-24.3761],[-65.3191,-24.373],[-65.312,-24.3705],[-65.3028,-24.3663],[-65.2995,-24.3663],[-65.293,-24.3643],[-65.2765,-24.3638],[-65.2694,-24.362],[-65.2696,-24.3325],[-65.2695,-24.3138],[-65.2585,-24.3143],[-65.2549,-24.3165],[-65.2511,-24.3162],[-65.2431,-24.3202],[-65.2386,-24.321],[-65.2337,-24.3201],[-65.2238,-24.3214],[-65.2171,-24.3238],[-65.2142,-24.3231],[-65.2048,-24.326],[-65.2001,-24.3255],[-65.1957,-24.3271],[-65.1941,-24.3293],[-65.1831,-24.3297],[-65.1794,-24.3308],[-65.1776,-24.3285],[-65.1751,-24.3287],[-65.1689,-24.3268],[-65.1614,-24.3289],[-65.1587,-24.3287],[-65.1485,-24.3298],[-65.1439,-24.3295],[-65.1406,-24.3322],[-65.1376,-24.3264],[-65.1389,-24.3234],[-65.156,-24.3075],[-65.1574,-24.3055],[-65.1637,-24.2917],[-65.1662,-24.2887],[-65.1765,-24.2816],[-65.1787,-24.2783],[-65.185,-24.2815],[-65.1898,-24.2801],[-65.1932,-24.2805],[-65.1954,-24.2835],[-65.2042,-24.2864],[-65.2065,-24.2842],[-65.2103,-24.2837],[-65.2158,-24.2812],[-65.2179,-24.2813],[-65.2244,-24.2788],[-65.2278,-24.2785],[-65.23,-24.2767],[-65.235,-24.2767]]]},"properties":{"id":263,"departamento":"SAN ANTONIO","cabecera":"SAN ANTONIO","provincia":"JUJUY"}},
{"type":"Feature","geometry":{"type":"Polygon","coordinates":[[[-65.1406,-24.3322],[-65.1439,-24.3295],[-65.1485,-24.3298],[-65.1587,-24.3287],[-65.1614,-24.3289],[-65.1689,-24.3268],[-65.1751,-24.3287],[-65.1776,-24.3285],[-65.1794,-24.3308],[-65.1831,-24.3297],[-65.1941,-24.3293],[-65.1957,-24.3271],[-65.2001,-24.3255],[-65.2048,-24.326],[-65.2142,-24.3231],[-65.2171,-24.3238],[-65.2238,-24.3214],[-65.2337,-24.3201],[-65.2386,-24.321],[-65.2431,-24.3202],[-65.2511,-24.3162],[-65.2549,-24.3165],[-65.2585,-24.3143],[-65.2695,-24.3138],[-65.2696,-24.3325],[-65.2694,-24.362],[-65.2765,-24.3638],[-65.293,-24.3643],[-65.2995,-24.3663],[-65.3028,-24.3663],[-65.312,-24.3705],[-65.3191,-24.373],[-65.3228,-24.3761],[-65.3307,-24.3786],[-65.334,-24.3779],[-65.341,-24.3792],[-65.3421,-24.3786],[-65.3489,-24.3811],[-65.3544,-24.3811],[-65.3572,-24.383],[-65.3594,-24.3923],[-65.3617,-24.3955],[-65.3627,-24.4065],[-65.3676,-24.41],[-65.3673,-24.413],[-65.3646,-24.4161],[-65.3653,-24.4191],[-65.3599,-24.4201],[-65.3543,-24.4261],[-65.3506,-24.429],[-65.3515,-24.4374],[-65.3558,-24.4387],[-65.3595,-24.4504],[-65.3593,-24.4589],[-65.3573,-24.4624],[-65.3546,-24.4645],[-65.3504,-24.4726],[-65.3586,-24.4815],[-65.3559,-24.4886],[-65.3539,-24.4917],[-65.3461,-24.4961],[-65.3389,-24.4962],[-65.3338,-24.4975],[-65.3288,-24.4999],[-65.3244,-24.5004],[-65.3214,-24.4994],[-65.316,-24.5011],[-65.3084,-24.4993],[-65.3033,-24.5005],[-65.2971,-24.4937],[-65.2899,-24.4927],[-65.2847,-24.4909],[-65.2794,-24.4925],[-65.2724,-24.4919],[-65.2667,-24.4906],[-65.2583,-24.4897],[-65.253,-24.4881],[-65.2489,-24.486],[-65.2441,-24.4859],[-65.2388,-24.4848],[-65.2338,-24.4866],[-65.2277,-24.4859],[-65.2306,-24.4731],[-65.2291,-24.469],[-65.2233,-24.4661],[-65.2185,-24.4649],[-65.2062,-24.4582],[-65.2028,-24.4584],[-65.1984,-24.4601],[-65.1937,-24.4586],[-65.1877,-24.4623],[-65.1851,-24.4648],[-65.1815,-24.4653],[-65.1718,-24.4748],[-65.1614,-24.4815],[-65.1576,-24.4868],[-65.1528,-24.4898],[-65.1499,-24.49],[-65.1447,-24.4951],[-65.1418,-24.5003],[-65.1409,-24.5039],[-65.1361,-24.5078],[-65.1294,-24.511],[-65.1219,-24.5133],[-65.1165,-24.5189],[-65.1112,-24.5201],[-65.106,-24.5233],[-65.0987,-24.531],[-65.0971,-24.5377],[-65.0929,-24.5424],[-65.0924,-24.546],[-65.09,-24.5501],[-65.0888,-24.5557],[-65.0862,-24.5574],[-65.0849,-24.5602],[-65.0691,-24.5643],[-65.0633,-24.5621],[-65.0565,-24.5658],[-65.0543,-24.569],[-65.0501,-24.5681],[-65.0463,-24.5713],[-65.0388,-24.5742],[-65.0372,-24.5728],[-65.031,-24.5757],[-65.0246,-24.5758],[-65.0178,-24.5784],[-65.0129,-24.5771],[-65.0073,-24.5796],[-65.0014,-24.58],[-64.9963,-24.5824],[-64.9878,-24.5852],[-64.9866,-24.5864],[-64.9812,-24.5869],[-64.9725,-24.5905],[-64.9694,-24.5905],[-64.9642,-24.5924],[-64.9604,-24.5948],[-64.956,-24.5939],[-64.9489,-24.5938],[-64.9414,-24.596],[-64.9374,-24.5941],[-64.9346,-24.5965],[-64.9314,-24.5936],[-64.9254,-24.5958],[-64.9212,-24.5935],[-64.9181,-24.5934],[-64.913,-24.5948],[-64.9114,-24.5929],[-64.9054,-24.5938],[-64.9044,-24.5907],[-64.9021,-24.5916],[-64.9008,-24.5889],[-64.8962,-24.5858],[-64.896,-24.5809],[-64.8917,-24.5817],[-64.8895,-24.5798],[-64.8901,-24.5718],[-64.8846,-24.5711],[-64.8847,-24.5688],[-64.8888,-24.5625],[-64.893,-24.5627],[-64.8919,-24.5589],[-64.8934,-24.5557],[-64.8904,-24.5515],[-64.889,-24.5454],[-64.8864,-24.5437],[-64.8861,-24.5403],[-64.8842,-24.5381],[-64.8859,-24.5335],[-64.8854,-24.5315],[-64.8826,-24.53],[-64.8821,-24.5268],[-64.8858,-24.5226],[-64.886,-24.519],[-64.8811,-24.5142],[-64.8772,-24.509],[-64.8753,-24.509],[-64.8739,-24.5055],[-64.8772,-24.5044],[-64.8755,-24.4987],[-64.8682,-24.494],[-64.8658,-24.4938],[-64.8621,-24.4908],[-64.8636,-24.4871],[-64.8629,-24.4837],[-64.8563,-24.4745],[-64.8563,-24.4721],[-64.954,-24.4497],[-64.9301,-24.4204],[-64.8998,-24.3833],[-64.9717,-24.3667],[-64.997,-24.3601],[-64.9983,-24.3613],[-65.0041,-24.3628],[-65.0107,-24.3659],[-65.0158,-24.3661],[-65.0207,-24.365],[-65.027,-24.362],[-65.0305,-24.3589],[-65.0404,-24.3637],[-65.0481,-24.3563],[-65.0514,-24.3555],[-65.0558,-24.3564],[-65.0696,-24.3562],[-65.0729,-24.3545],[-65.0748,-24.3489],[-65.0764,-24.35],[-65.0825,-24.3513],[-65.087,-24.349],[-65.0925,-24.348],[-65.0952,-24.3453],[-65.0976,-24.3454],[-65.0996,-24.3477],[-65.1036,-24.347],[-65.1067,-24.3442],[-65.1116,-24.344],[-65.1162,-24.3406],[-65.1191,-24.3416],[-65.1213,-24.3391],[-65.1245,-24.3392],[-65.1275,-24.3367],[-65.1302,-24.3373],[-65.1324,-24.3357],[-65.1349,-24.3363],[-65.1384,-24.3325],[-65.1406,-24.3322]]]},"properties":{"id":264,"departamento":"EL CARMEN","cabecera":"EL CARMEN","provincia":"JUJUY"}},
{"type":"Feature","geometry":{"type":"Polygon","coordinates":[[[-64.5334,-24.5053],[-64.531,-24.5044],[-64.5247,-24.5076],[-64.5187,-24.5052],[-64.5091,-24.5062],[-64.5,-24.5064],[-64.4935,-24.4939],[-64.4916,-24.4817],[-64.4866,-24.4726],[-64.4821,-24.4663],[-64.4767,-24.4624],[-64.4648,-24.4649],[-64.4546,-24.4641],[-64.4521,-24.4564],[-64.4407,-24.4452],[-64.4366,-24.444],[-64.4358,-24.4409],[-64.4375,-24.4329],[-64.437,-24.4267],[-64.4312,-24.4195],[-64.4297,-24.4143],[-64.4276,-24.4109],[-64.4251,-24.41],[-64.4239,-24.4059],[-64.4207,-24.4026],[-64.4151,-24.4028],[-64.4108,-24.405],[-64.4039,-24.4038],[-64.4018,-24.4044],[-64.3901,-24.4051],[-64.3838,-24.4082],[-64.3803,-24.4126],[-64.3762,-24.415],[-64.3706,-24.4135],[-64.3655,-24.4202],[-64.3587,-24.422],[-64.3541,-24.4226],[-64.349,-24.4244],[-64.346,-24.4242],[-64.3421,-24.4218],[-64.3375,-24.4216],[-64.3343,-24.4243],[-64.3293,-24.424],[-64.3259,-24.4226],[-64.3237,-24.426],[-64.3193,-24.4265],[-64.3145,-24.4246],[-64.3113,-24.4201],[-64.3073,-24.4187],[-64.3049,-24.4109],[-64.2984,-24.4046],[-64.2947,-24.4071],[-64.2923,-24.4057],[-64.2885,-24.4067],[-64.2828,-24.4007],[-64.279,-24.3951],[-64.2738,-24.3933],[-64.2722,-24.3913],[-64.2704,-24.3862],[-64.268,-24.3838],[-64.2614,-24.3745],[-64.2579,-24.3711],[-64.2527,-24.3631],[-64.2535,-24.3574],[-64.2521,-24.3484],[-64.2483,-24.3426],[-64.245,-24.3362],[-64.2381,-24.3327],[-64.2333,-24.3312],[-64.2314,-24.3296],[-64.2233,-24.3279],[-64.2221,-24.325],[-64.219,-24.3136],[-64.2167,-24.3086],[-64.2131,-24.3067],[-64.2076,-24.305],[-64.2055,-24.3029],[-64.2007,-24.2953],[-64.1955,-24.2884],[-64.1926,-24.2858],[-64.1879,-24.2777],[-64.1855,-24.2703],[-64.18,-24.2636],[-64.18,-24.2594],[-64.1776,-24.2515],[-64.175,-24.2465],[-64.1751,-24.242],[-64.1722,-24.2368],[-64.1702,-24.2349],[-64.1705,-24.23],[-64.1684,-24.2255],[-64.1628,-24.2219],[-64.164,-24.219],[-64.17,-24.2148],[-64.175,-24.2149],[-64.1703,-24.1943],[-64.1661,-24.1855],[-64.162,-24.1803],[-64.1635,-24.1755],[-64.1624,-24.1642],[-64.1581,-24.1562],[-64.157,-24.1469],[-64.1548,-24.1421],[-64.1508,-24.1364],[-64.1511,-24.1303],[-64.1543,-24.12],[-64.1551,-24.1109],[-64.154,-24.1062],[-64.1548,-24.103],[-64.1542,-24.0989],[-64.1547,-24.0949],[-64.1536,-24.091],[-64.1541,-24.0876],[-64.1537,-24.0798],[-64.161,-24.0706],[-64.1571,-23.518],[-64.3571,-23.5179],[-64.3595,-23.5211],[-64.3596,-23.5248],[-64.3616,-23.5289],[-64.3617,-23.5312],[-64.3643,-23.5364],[-64.3688,-23.5413],[-64.376,-23.5482],[-64.3797,-23.5509],[-64.3824,-23.5572],[-64.384,-23.5591],[-64.3848,-23.5641],[-64.386,-23.5659],[-64.3971,-23.5734],[-64.3978,-23.5784],[-64.3945,-23.5798],[-64.3884,-23.5803],[-64.3884,-23.5836],[-64.3963,-23.5921],[-64.398,-23.5948],[-64.398,-23.5979],[-64.3934,-23.6031],[-64.3939,-23.6081],[-64.3968,-23.6121],[-64.4049,-23.6148],[-64.407,-23.6171],[-64.411,-23.6271],[-64.4148,-23.629],[-64.4313,-23.6328],[-64.4295,-23.638],[-64.4316,-23.6418],[-64.4409,-23.6504],[-64.4494,-23.6515],[-64.4575,-23.6509],[-64.462,-23.653],[-64.4639,-23.6557],[-64.4678,-23.6694],[-64.4711,-23.6739],[-64.4751,-23.6758],[-64.478,-23.68],[-64.485,-23.6816],[-64.4877,-23.6852],[-64.4876,-23.6902],[-64.4847,-23.693],[-64.483,-23.6975],[-64.484,-23.7],[-64.4877,-23.7009],[-64.4931,-23.6991],[-64.4994,-23.6985],[-64.5102,-23.6996],[-64.5159,-23.7033],[-64.5234,-23.7069],[-64.5274,-23.7075],[-64.5356,-23.7102],[-64.5393,-23.7127],[-64.5425,-23.7172],[-64.5414,-23.7237],[-64.5456,-23.7233],[-64.5515,-23.7247],[-64.5594,-23.7253],[-64.5665,-23.7279],[-64.5687,-23.7311],[-64.569,-23.7377],[-64.568,-23.7397],[-64.5643,-23.7428],[-64.5659,-23.7465],[-64.5709,-23.75],[-64.5742,-23.755],[-64.5748,-23.7602],[-64.5735,-23.7645],[-64.574,-23.7714],[-64.5754,-23.7739],[-64.5749,-23.7807],[-64.5722,-23.7883],[-64.5756,-23.7906],[-64.5808,-23.7908],[-64.5838,-23.7949],[-64.5866,-23.8065],[-64.5886,-23.8087],[-64.5897,-23.8124],[-64.5889,-23.8155],[-64.5906,-23.8187],[-64.5972,-23.8179],[-64.5983,-23.817],[-64.6103,-23.8151],[-64.6127,-23.8186],[-64.6093,-23.8229],[-64.6096,-23.8252],[-64.6121,-23.8276],[-64.615,-23.828],[-64.6186,-23.8305],[-64.6194,-23.8336],[-64.6177,-23.839],[-64.6117,-23.8445],[-64.6117,-23.8474],[-64.6162,-23.8545],[-64.6185,-23.8544],[-64.6209,-23.8504],[-64.6252,-23.848],[-64.6269,-23.8484],[-64.6276,-23.8603],[-64.6336,-23.8644],[-64.6335,-23.8684],[-64.6296,-23.8698],[-64.6283,-23.8737],[-64.6324,-23.8769],[-64.6422,-23.8752],[-64.645,-23.878],[-64.6461,-23.8845],[-64.6445,-23.888],[-64.6445,-23.8905],[-64.6468,-23.896],[-64.6467,-23.9003],[-64.6501,-23.9048],[-64.6598,-23.9128],[-64.659,-23.9146],[-64.6548,-23.9147],[-64.6534,-23.9172],[-64.655,-23.9192],[-64.6533,-23.9229],[-64.6492,-23.9229],[-64.6476,-23.9257],[-64.6514,-23.9283],[-64.6534,-23.9264],[-64.6562,-23.9325],[-64.6593,-23.9299],[-64.6634,-23.9296],[-64.665,-23.9315],[-64.6644,-23.9362],[-64.667,-23.9414],[-64.6626,-23.9438],[-64.6627,-23.9485],[-64.6587,-23.9509],[-64.6597,-23.9531],[-64.6632,-23.9506],[-64.664,-23.9531],[-64.6629,-23.9596],[-64.6667,-23.9628],[-64.6693,-23.9627],[-64.67,-23.9656],[-64.6685,-23.9694],[-64.6655,-23.9709],[-64.6624,-23.9709],[-64.6619,-23.9738],[-64.6668,-23.9733],[-64.6704,-23.9758],[-64.6717,-23.9792],[-64.6741,-23.9818],[-64.6733,-23.984],[-64.6679,-23.9842],[-64.6645,-23.9864],[-64.664,-23.9924],[-64.6659,-23.993],[-64.6679,-23.9961],[-64.6729,-23.9962],[-64.6764,-23.9921],[-64.6805,-23.9906],[-64.6855,-23.9908],[-64.6892,-23.9938],[-64.6876,-23.9976],[-64.6874,-24.0021],[-64.6901,-24.0044],[-64.6937,-24.0125],[-64.6925,-24.0149],[-64.6892,-24.0145],[-64.6831,-24.0103],[-64.6797,-24.0108],[-64.6795,-24.0159],[-64.6807,-24.0168],[-64.6866,-24.0162],[-64.69,-24.0184],[-64.6918,-24.0211],[-64.6911,-24.024],[-64.6922,-24.0273],[-64.6957,-24.028],[-64.696,-24.0334],[-64.6939,-24.0357],[-64.6947,-24.0396],[-64.6976,-24.0417],[-64.6999,-24.0396],[-64.7064,-24.0419],[-64.7048,-24.0468],[-64.7066,-24.051],[-64.7086,-24.0528],[-64.7117,-24.053],[-64.7128,-24.0506],[-64.7156,-24.0508],[-64.7157,-24.0558],[-64.7091,-24.0602],[-64.7059,-24.0654],[-64.7087,-24.0684],[-64.7108,-24.0677],[-64.7152,-24.0683],[-64.7138,-24.0715],[-64.7133,-24.0763],[-64.716,-24.0804],[-64.7163,-24.0842],[-64.7142,-24.0911],[-64.7142,-24.0942],[-64.7198,-24.0984],[-64.7194,-24.1014],[-64.7162,-24.1017],[-64.7156,-24.1054],[-64.7175,-24.1064],[-64.7173,-24.1108],[-64.7153,-24.1184],[-64.7117,-24.1234],[-64.7127,-24.1265],[-64.7117,-24.1298],[-64.7073,-24.1317],[-64.7052,-24.1357],[-64.705,-24.1455],[-64.7013,-24.1492],[-64.7039,-24.1539],[-64.6994,-24.1562],[-64.6984,-24.1602],[-64.6961,-24.1616],[-64.6929,-24.1655],[-64.6941,-24.1709],[-64.6912,-24.1758],[-64.6914,-24.184],[-64.6939,-24.1851],[-64.6957,-24.1896],[-64.6929,-24.1906],[-64.6924,-24.1939],[-64.694,-24.1978],[-64.693,-24.2024],[-64.6931,-24.2095],[-64.699,-24.2094],[-64.6957,-24.214],[-64.6964,-24.2169],[-64.6984,-24.2174],[-64.698,-24.2216],[-64.7014,-24.2269],[-64.7055,-24.2277],[-64.7064,-24.2305],[-64.7049,-24.2344],[-64.7091,-24.2357],[-64.7071,-24.2386],[-64.7103,-24.2416],[-64.7087,-24.2447],[-64.7088,-24.2493],[-64.7125,-24.2509],[-64.7091,-24.2542],[-64.7139,-24.2577],[-64.7119,-24.2622],[-64.716,-24.2685],[-64.7183,-24.2768],[-64.7209,-24.2793],[-64.7245,-24.2775],[-64.7262,-24.2788],[-64.7243,-24.2827],[-64.725,-24.2871],[-64.7277,-24.2905],[-64.7292,-24.2901],[-64.7302,-24.2851],[-64.7325,-24.2857],[-64.7331,-24.2888],[-64.7304,-24.2913],[-64.7309,-24.2979],[-64.7343,-24.3025],[-64.7391,-24.3008],[-64.7408,-24.304],[-64.7391,-24.3057],[-64.7415,-24.3106],[-64.7405,-24.3129],[-64.7377,-24.3139],[-64.7334,-24.3192],[-64.7302,-24.3198],[-64.7257,-24.3189],[-64.7145,-24.3255],[-64.7125,-24.3248],[-64.7104,-24.3277],[-64.705,-24.3296],[-64.6973,-24.3314],[-64.6967,-24.3332],[-64.6915,-24.3351],[-64.6848,-24.3343],[-64.6699,-24.3361],[-64.6652,-24.3358],[-64.6592,-24.3333],[-64.6548,-24.3342],[-64.6507,-24.3363],[-64.645,-24.336],[-64.6406,-24.3342],[-64.6372,-24.3346],[-64.6311,-24.3337],[-64.628,-24.3346],[-64.624,-24.3314],[-64.6165,-24.3326],[-64.614,-24.3342],[-64.6093,-24.3307],[-64.6057,-24.3312],[-64.6003,-24.3293],[-64.5991,-24.328],[-64.5937,-24.3273],[-64.5882,-24.3245],[-64.5873,-24.3227],[-64.5819,-24.3219],[-64.5777,-24.3205],[-64.5747,-24.3217],[-64.5691,-24.3202],[-64.5607,-24.3211],[-64.5588,-24.3197],[-64.554,-24.3214],[-64.5479,-24.3224],[-64.5425,-24.3243],[-64.5376,-24.3239],[-64.5329,-24.3257],[-64.5298,-24.3251],[-64.5297,-24.3217],[-64.5278,-24.3191],[-64.5234,-24.3189],[-64.5102,-24.3147],[-64.5086,-24.3118],[-64.5086,-24.3079],[-64.5046,-24.3071],[-64.4979,-24.3016],[-64.4979,-24.3063],[-64.5028,-24.3128],[-64.5149,-24.3236],[-64.5206,-24.3272],[-64.5219,-24.3315],[-64.5243,-24.335],[-64.5241,-24.3381],[-64.5258,-24.3433],[-64.5259,-24.3468],[-64.5294,-24.3544],[-64.532,-24.3626],[-64.5326,-24.3659],[-64.5305,-24.3701],[-64.5305,-24.3733],[-64.5335,-24.3815],[-64.5351,-24.3874],[-64.5367,-24.3899],[-64.5374,-24.3955],[-64.5399,-24.399],[-64.5432,-24.4055],[-64.5434,-24.4125],[-64.5473,-24.4214],[-64.5462,-24.4265],[-64.5475,-24.4294],[-64.5478,-24.4346],[-64.5336,-24.446],[-64.5292,-24.4487],[-64.5247,-24.4545],[-64.5249,-24.4574],[-64.5227,-24.4602],[-64.5226,-24.4623],[-64.5256,-24.469],[-64.5267,-24.4734],[-64.5308,-24.485],[-64.5305,-24.4905],[-64.5333,-24.499],[-64.5334,-24.5053]]]},"properties":{"id":265,"departamento":"SANTA BARBARA","cabecera":"SANTA CLARA","provincia":"JUJUY"}},
{"type":"Feature","geometry":{"type":"Polygon","coordinates":[[[-65.2959,-23.8195],[-65.2929,-23.8241],[-65.2947,-23.8269],[-65.2955,-23.8333],[-65.2953,-23.8379],[-65.2975,-23.8411],[-65.2972,-23.8455],[-65.2955,-23.8521],[-65.2926,-23.8602],[-65.2895,-23.8624],[-65.283,-23.8642],[-65.2781,-23.8671],[-65.2754,-23.8665],[-65.2709,-23.8706],[-65.268,-23.8713],[-65.2668,-23.8744],[-65.2567,-23.879],[-65.2517,-23.8795],[-65.2478,-23.8868],[-65.245,-23.8875],[-65.2409,-23.8906],[-65.2402,-23.8924],[-65.236,-23.8928],[-65.2318,-23.8947],[-65.2253,-23.8961],[-65.2222,-23.8977],[-65.2169,-23.903],[-65.2144,-23.9031],[-65.2122,-23.9062],[-65.2059,-23.908],[-65.204,-23.9101],[-65.1922,-23.9157],[-65.1897,-23.9189],[-65.1848,-23.9202],[-65.1818,-23.9251],[-65.1829,-23.9284],[-65.1808,-23.9331],[-65.1789,-23.944],[-65.181,-23.9464],[-65.1821,-23.9511],[-65.1854,-23.9559],[-65.1971,-23.9616],[-65.2007,-23.9592],[-65.2043,-23.9588],[-65.2063,-23.9659],[-65.2088,-23.969],[-65.2114,-23.9701],[-65.2144,-23.9691],[-65.2169,-23.97],[-65.2227,-23.9774],[-65.223,-23.98],[-65.2252,-23.9813],[-65.2254,-23.9839],[-65.2228,-23.9861],[-65.2221,-23.9936],[-65.223,-23.9983],[-65.2204,-23.9992],[-65.207,-23.999],[-65.2028,-23.9956],[-65.2002,-23.9954],[-65.1975,-23.9923],[-65.1956,-23.9885],[-65.1909,-23.9878],[-65.1918,-23.9848],[-65.1837,-23.9811],[-65.1799,-23.9775],[-65.1733,-23.9763],[-65.1702,-23.9749],[-65.163,-23.9736],[-65.1603,-23.9758],[-65.1556,-23.9757],[-65.1531,-23.9743],[-65.1489,-23.9761],[-65.1458,-23.9762],[-65.1441,-23.9742],[-65.1417,-23.9756],[-65.1368,-23.9742],[-65.1349,-23.9774],[-65.1336,-23.984],[-65.1349,-23.9871],[-65.1322,-23.9929],[-65.1335,-23.9964],[-65.132,-23.9993],[-65.1283,-24.0013],[-65.1231,-24.0069],[-65.1153,-24.0107],[-65.1136,-24.0137],[-65.1115,-24.0236],[-65.1119,-24.0264],[-65.1099,-24.0325],[-65.1052,-24.0323],[-65.1033,-24.0292],[-65.1006,-24.0277],[-65.1029,-24.0248],[-65.0982,-24.0225],[-65.0897,-24.0216],[-65.0865,-24.024],[-65.0826,-24.023],[-65.0787,-24.0257],[-65.0768,-24.0222],[-65.0731,-24.0212],[-65.0752,-24.0178],[-65.0739,-24.0156],[-65.066,-24.0159],[-65.0625,-24.0173],[-65.0558,-24.0161],[-65.0539,-24.0144],[-65.0481,-24.0131],[-65.0415,-24.0154],[-65.0366,-24.0146],[-65.0322,-24.0178],[-65.0307,-24.0209],[-65.0232,-24.0191],[-65.0176,-24.0192],[-65.0162,-24.0184],[-65.0057,-24.0183],[-65.0018,-24.0222],[-64.998,-24.021],[-64.9946,-24.0218],[-64.991,-24.0212],[-64.9916,-24.0183],[-64.9874,-24.0158],[-64.9808,-24.0139],[-64.9794,-24.0146],[-64.9733,-24.0139],[-64.9685,-24.0122],[-64.9622,-24.0152],[-64.9601,-24.0152],[-64.9553,-24.0106],[-64.9498,-24.0093],[-64.9451,-24.0119],[-64.9403,-24.0116],[-64.9384,-24.0141],[-64.9329,-24.0142],[-64.9247,-24.0127],[-64.9204,-24.0107],[-64.9031,-24.0189],[-64.9006,-24.0189],[-64.8953,-24.0218],[-64.8896,-24.0233],[-64.8843,-24.0259],[-64.8811,-24.0255],[-64.8789,-24.0285],[-64.8756,-24.0305],[-64.8756,-24.0339],[-64.8719,-24.0364],[-64.8689,-24.0364],[-64.8667,-24.0388],[-64.8651,-24.043],[-64.8602,-24.0469],[-64.8559,-24.048],[-64.8527,-24.0501],[-64.8502,-24.0562],[-64.8502,-24.0613],[-64.8524,-24.0673],[-64.8512,-24.0696],[-64.8512,-24.074],[-64.8463,-24.076],[-64.844,-24.079],[-64.8358,-24.0824],[-64.8316,-24.0831],[-64.8276,-24.0822],[-64.8179,-24.086],[-64.8123,-24.085],[-64.8098,-24.0893],[-64.8057,-24.0905],[-64.8021,-24.0904],[-64.7962,-24.0881],[-64.7921,-24.0879],[-64.7886,-24.0909],[-64.783,-24.0943],[-64.7772,-24.091],[-64.776,-24.0893],[-64.7699,-24.0879],[-64.7712,-24.0832],[-64.7635,-24.0862],[-64.7644,-24.0808],[-64.7636,-24.0778],[-64.7583,-24.0789],[-64.7572,-24.077],[-64.7576,-24.0727],[-64.7516,-24.0709],[-64.7477,-24.074],[-64.7443,-24.0731],[-64.7439,-24.0676],[-64.7427,-24.0659],[-64.7366,-24.0672],[-64.736,-24.0633],[-64.7345,-24.0617],[-64.7313,-24.0628],[-64.7286,-24.0611],[-64.7269,-24.0661],[-64.725,-24.0664],[-64.7228,-24.0624],[-64.7265,-24.0604],[-64.724,-24.0582],[-64.7215,-24.0586],[-64.7161,-24.0573],[-64.7157,-24.0558],[-64.7156,-24.0508],[-64.7128,-24.0506],[-64.7117,-24.053],[-64.7086,-24.0528],[-64.7066,-24.051],[-64.7048,-24.0468],[-64.7064,-24.0419],[-64.6999,-24.0396],[-64.6976,-24.0417],[-64.6947,-24.0396],[-64.6939,-24.0357],[-64.696,-24.0334],[-64.6957,-24.028],[-64.6922,-24.0273],[-64.6911,-24.024],[-64.6918,-24.0211],[-64.69,-24.0184],[-64.6866,-24.0162],[-64.6807,-24.0168],[-64.6795,-24.0159],[-64.6797,-24.0108],[-64.6831,-24.0103],[-64.6892,-24.0145],[-64.6925,-24.0149],[-64.6937,-24.0125],[-64.6901,-24.0044],[-64.6874,-24.0021],[-64.6876,-23.9976],[-64.6892,-23.9938],[-64.6855,-23.9908],[-64.6805,-23.9906],[-64.6764,-23.9921],[-64.6729,-23.9962],[-64.6679,-23.9961],[-64.6659,-23.993],[-64.664,-23.9924],[-64.6645,-23.9864],[-64.6679,-23.9842],[-64.6733,-23.984],[-64.6741,-23.9818],[-64.6717,-23.9792],[-64.6704,-23.9758],[-64.6668,-23.9733],[-64.6619,-23.9738],[-64.6624,-23.9709],[-64.6655,-23.9709],[-64.6685,-23.9694],[-64.67,-23.9656],[-64.6693,-23.9627],[-64.6667,-23.9628],[-64.6629,-23.9596],[-64.664,-23.9531],[-64.6632,-23.9506],[-64.6597,-23.9531],[-64.6587,-23.9509],[-64.6627,-23.9485],[-64.6626,-23.9438],[-64.667,-23.9414],[-64.6644,-23.9362],[-64.665,-23.9315],[-64.6634,-23.9296],[-64.6593,-23.9299],[-64.6562,-23.9325],[-64.6534,-23.9264],[-64.6514,-23.9283],[-64.6476,-23.9257],[-64.6492,-23.9229],[-64.6533,-23.9229],[-64.655,-23.9192],[-64.6534,-23.9172],[-64.6548,-23.9147],[-64.659,-23.9146],[-64.6598,-23.9128],[-64.6501,-23.9048],[-64.6467,-23.9003],[-64.6468,-23.896],[-64.6445,-23.8905],[-64.6445,-23.888],[-64.6461,-23.8845],[-64.645,-23.878],[-64.6422,-23.8752],[-64.6324,-23.8769],[-64.6283,-23.8737],[-64.6296,-23.8698],[-64.6335,-23.8684],[-64.6336,-23.8644],[-64.6276,-23.8603],[-64.6269,-23.8484],[-64.6252,-23.848],[-64.6209,-23.8504],[-64.6185,-23.8544],[-64.6162,-23.8545],[-64.6117,-23.8474],[-64.6117,-23.8445],[-64.6177,-23.839],[-64.6194,-23.8336],[-64.6186,-23.8305],[-64.615,-23.828],[-64.6121,-23.8276],[-64.6096,-23.8252],[-64.6093,-23.8229],[-64.6127,-23.8186],[-64.6103,-23.8151],[-64.5983,-23.817],[-64.5972,-23.8179],[-64.5906,-23.8187],[-64.5889,-23.8155],[-64.5897,-23.8124],[-64.5886,-23.8087],[-64.5866,-23.8065],[-64.5838,-23.7949],[-64.5808,-23.7908],[-64.5756,-23.7906],[-64.5722,-23.7883],[-64.5749,-23.7807],[-64.5754,-23.7739],[-64.574,-23.7714],[-64.5735,-23.7645],[-64.5748,-23.7602],[-64.5742,-23.755],[-64.5709,-23.75],[-64.5659,-23.7465],[-64.5643,-23.7428],[-64.568,-23.7397],[-64.569,-23.7377],[-64.5687,-23.7311],[-64.5665,-23.7279],[-64.5594,-23.7253],[-64.5515,-23.7247],[-64.5456,-23.7233],[-64.5414,-23.7237],[-64.5425,-23.7172],[-64.5393,-23.7127],[-64.5356,-23.7102],[-64.5274,-23.7075],[-64.5234,-23.7069],[-64.5159,-23.7033],[-64.5102,-23.6996],[-64.4994,-23.6985],[-64.4931,-23.6991],[-64.4877,-23.7009],[-64.484,-23.7],[-64.483,-23.6975],[-64.4847,-23.693],[-64.4876,-23.6902],[-64.4877,-23.6852],[-64.485,-23.6816],[-64.478,-23.68],[-64.4751,-23.6758],[-64.4711,-23.6739],[-64.4678,-23.6694],[-64.4639,-23.6557],[-64.462,-23.653],[-64.4575,-23.6509],[-64.4494,-23.6515],[-64.4409,-23.6504],[-64.4316,-23.6418],[-64.4295,-23.638],[-64.4313,-23.6328],[-64.4346,-23.6328],[-64.4413,-23.6359],[-64.445,-23.6401],[-64.4474,-23.6373],[-64.4483,-23.6338],[-64.447,-23.6297],[-64.4491,-23.627],[-64.4551,-23.6262],[-64.4645,-23.6228],[-64.4661,-23.6213],[-64.4669,-23.6154],[-64.4599,-23.6141],[-64.4567,-23.6125],[-64.4597,-23.6097],[-64.4641,-23.6101],[-64.4695,-23.6078],[-64.4731,-23.6097],[-64.4737,-23.607],[-64.4768,-23.6086],[-64.4793,-23.6072],[-64.4784,-23.6029],[-64.4793,-23.6003],[-64.4823,-23.5972],[-64.4875,-23.5945],[-64.4904,-23.5905],[-64.4923,-23.5862],[-64.4928,-23.581],[-64.4968,-23.5774],[-64.4953,-23.5742],[-64.4953,-23.5677],[-64.4985,-23.565],[-64.5019,-23.5641],[-64.5034,-23.5613],[-64.5093,-23.5595],[-64.5111,-23.5559],[-64.5141,-23.5554],[-64.5151,-23.5525],[-64.5193,-23.5517],[-64.5212,-23.5493],[-64.5196,-23.5462],[-64.522,-23.5443],[-64.527,-23.543],[-64.528,-23.5394],[-64.5301,-23.5379],[-64.5354,-23.5374],[-64.5357,-23.5353],[-64.5325,-23.5323],[-64.5328,-23.5296],[-64.5348,-23.5267],[-64.532,-23.5216],[-64.5347,-23.5204],[-64.5366,-23.5222],[-64.5418,-23.5235],[-64.5455,-23.5224],[-64.5465,-23.5196],[-64.5496,-23.5182],[-64.5503,-23.5152],[-64.5538,-23.5115],[-64.5601,-23.5145],[-64.5614,-23.5129],[-64.5668,-23.5122],[-64.5661,-23.5085],[-64.5688,-23.5066],[-64.5731,-23.5092],[-64.5746,-23.513],[-64.5776,-23.5132],[-64.58,-23.5092],[-64.5854,-23.5116],[-64.5899,-23.5091],[-64.5921,-23.5051],[-64.5987,-23.5048],[-64.6012,-23.5024],[-64.6014,-23.4998],[-64.6081,-23.4964],[-64.6117,-23.4978],[-64.6133,-23.4918],[-64.6182,-23.4919],[-64.62,-23.4897],[-64.6243,-23.4904],[-64.6307,-23.4863],[-64.6354,-23.4843],[-64.6379,-23.4874],[-64.641,-23.4842],[-64.646,-23.4848],[-64.648,-23.4835],[-64.6539,-23.4839],[-64.6567,-23.4828],[-64.6616,-23.4779],[-64.6649,-23.4707],[-64.668,-23.4663],[-64.6797,-23.4571],[-64.6799,-23.4541],[-64.6834,-23.4545],[-64.6848,-23.4514],[-64.6907,-23.4527],[-64.6942,-23.4515],[-64.6942,-23.4557],[-64.6976,-23.4603],[-64.7007,-23.4581],[-64.7054,-23.4611],[-64.7115,-23.4603],[-64.7151,-23.4637],[-64.72,-23.4628],[-64.7258,-23.4659],[-64.7283,-23.465],[-64.7317,-23.4668],[-64.7341,-23.4699],[-64.7384,-23.4672],[-64.7387,-23.4753],[-64.7409,-23.4785],[-64.7453,-23.4775],[-64.7494,-23.4791],[-64.7532,-23.4764],[-64.7604,-23.4743],[-64.7641,-23.4785],[-64.7682,-23.4801],[-64.7698,-23.482],[-64.7864,-23.4945],[-64.7887,-23.4948],[-64.7933,-23.4933],[-64.7977,-23.4937],[-64.8011,-23.495],[-64.805,-23.495],[-64.8153,-23.4906],[-64.8171,-23.4882],[-64.8232,-23.4876],[-64.8272,-23.4884],[-64.8334,-23.4878],[-64.8392,-23.4856],[-64.8452,-23.4868],[-64.8463,-23.4897],[-64.8422,-23.4952],[-64.8424,-23.4986],[-64.8412,-23.5035],[-64.841,-23.5081],[-64.8427,-23.5204],[-64.8431,-23.5331],[-64.8466,-23.5365],[-64.8478,-23.5394],[-64.8468,-23.5431],[-64.8518,-23.5489],[-64.8532,-23.5525],[-64.8582,-23.5563],[-64.86,-23.5607],[-64.8626,-23.573],[-64.8587,-23.578],[-64.8596,-23.5833],[-64.8634,-23.5863],[-64.873,-23.5899],[-64.8769,-23.5901],[-64.8863,-23.592],[-64.8887,-23.593],[-64.8927,-23.5965],[-64.8946,-23.6002],[-64.8946,-23.6097],[-64.8906,-23.6158],[-64.8918,-23.6182],[-64.8956,-23.6206],[-64.8972,-23.6257],[-64.8998,-23.6294],[-64.9018,-23.6371],[-64.8976,-23.6508],[-64.8961,-23.6546],[-64.898,-23.6576],[-64.9022,-23.6605],[-64.9039,-23.666],[-64.9036,-23.6686],[-64.8993,-23.6717],[-64.9024,-23.6799],[-64.9143,-23.6951],[-64.9159,-23.6964],[-64.9174,-23.7013],[-64.9201,-23.7064],[-64.9186,-23.7112],[-64.9146,-23.714],[-64.9121,-23.7191],[-64.9119,-23.7216],[-64.9203,-23.7333],[-64.9247,-23.7333],[-64.927,-23.732],[-64.9306,-23.7255],[-64.9347,-23.7258],[-64.9352,-23.7227],[-64.9373,-23.7223],[-64.9399,-23.7244],[-64.9431,-23.7229],[-64.9533,-23.7236],[-64.958,-23.7219],[-64.9606,-23.7225],[-64.9652,-23.7201],[-64.9695,-23.7193],[-64.972,-23.7153],[-64.9764,-23.7125],[-64.9805,-23.7083],[-64.9899,-23.7089],[-64.9925,-23.7097],[-64.9978,-23.7084],[-65.0035,-23.7053],[-65.0049,-23.7018],[-65.009,-23.6993],[-65.0147,-23.699],[-65.0179,-23.7],[-65.0226,-23.7021],[-65.0251,-23.7012],[-65.028,-23.7036],[-65.0306,-23.7039],[-65.0321,-23.7018],[-65.0356,-23.7017],[-65.0384,-23.7029],[-65.0393,-23.7054],[-65.0419,-23.7061],[-65.0516,-23.7127],[-65.0511,-23.7157],[-65.0546,-23.7188],[-65.0591,-23.7204],[-65.0622,-23.7228],[-65.0655,-23.7275],[-65.0687,-23.7275],[-65.0751,-23.7294],[-65.0796,-23.7351],[-65.0829,-23.7353],[-65.0864,-23.7399],[-65.0882,-23.7439],[-65.0881,-23.7486],[-65.0863,-23.7515],[-65.0924,-23.7569],[-65.0957,-23.7628],[-65.0978,-23.764],[-65.0992,-23.7713],[-65.0994,-23.7797],[-65.1018,-23.7828],[-65.1024,-23.7862],[-65.1022,-23.7937],[-65.1001,-23.7974],[-65.1006,-23.7998],[-65.0976,-23.8019],[-65.0969,-23.8042],[-65.1008,-23.8072],[-65.1012,-23.8096],[-65.0975,-23.816],[-65.0968,-23.8183],[-65.0932,-23.8197],[-65.0925,-23.8242],[-65.0936,-23.8274],[-65.0933,-23.8316],[-65.0969,-23.837],[-65.0951,-23.8403],[-65.0965,-23.8424],[-65.0996,-23.8435],[-65.1002,-23.848],[-65.0975,-23.8516],[-65.0982,-23.8534],[-65.0969,-23.8565],[-65.1055,-23.8563],[-65.1161,-23.8486],[-65.1243,-23.8469],[-65.132,-23.842],[-65.1377,-23.8363],[-65.1482,-23.8277],[-65.1512,-23.8234],[-65.158,-23.8178],[-65.17,-23.8129],[-65.1724,-23.8094],[-65.1732,-23.8053],[-65.1753,-23.8047],[-65.1816,-23.799],[-65.1855,-23.7985],[-65.1891,-23.7952],[-65.1923,-23.7953],[-65.1952,-23.7938],[-65.1971,-23.7906],[-65.2071,-23.7863],[-65.2097,-23.7872],[-65.2159,-23.786],[-65.2193,-23.788],[-65.2251,-23.7876],[-65.2297,-23.7889],[-65.2332,-23.7908],[-65.2372,-23.797],[-65.2356,-23.8021],[-65.2409,-23.8042],[-65.2444,-23.8013],[-65.2456,-23.8035],[-65.2499,-23.8055],[-65.2529,-23.8091],[-65.2536,-23.8135],[-65.255,-23.8145],[-65.254,-23.8188],[-65.2558,-23.8199],[-65.2618,-23.821],[-65.2627,-23.8234],[-65.2651,-23.8233],[-65.2697,-23.8274],[-65.2729,-23.8283],[-65.275,-23.827],[-65.2769,-23.8227],[-65.2795,-23.8216],[-65.2857,-23.8226],[-65.2918,-23.8225],[-65.2959,-23.8195]]]},"properties":{"id":266,"departamento":"LEDESMA","cabecera":"LIBERTADOR GENERAL SAN MARTIN","provincia":"JUJUY"}},
{"type":"Feature","geometry":{"type":"Polygon","coordinates":[[[-65.1789,-23.3197],[-65.1736,-23.3185],[-65.1675,-23.3152],[-65.16,-23.3075],[-65.1516,-23.2955],[-65.1478,-23.2944],[-65.1462,-23.2924],[-65.1462,-23.2896],[-65.143,-23.2854],[-65.1409,-23.2844],[-65.1385,-23.2779],[-65.135,-23.2746],[-65.1329,-23.2708],[-65.1309,-23.2696],[-65.1291,-23.2663],[-65.121,-23.2599],[-65.1193,-23.2443],[-65.1125,-23.2346],[-65.1088,-23.233],[-65.1011,-23.2267],[-65.0938,-23.2174],[-65.09,-23.2137],[-65.089,-23.2043],[-65.0845,-23.1971],[-65.0796,-23.1945],[-65.0701,-23.1993],[-65.0659,-23.198],[-65.0646,-23.197],[-65.0565,-23.1834],[-65.0456,-23.1626],[-65.0444,-23.156],[-65.0459,-23.1527],[-65.0524,-23.1482],[-65.0559,-23.1443],[-65.0602,-23.1427],[-65.0655,-23.1393],[-65.0697,-23.1384],[-65.0709,-23.1341],[-65.068,-23.1271],[-65.0624,-23.1194],[-65.0615,-23.1166],[-65.0652,-23.109],[-65.0664,-23.0893],[-65.0652,-23.0817],[-65.0609,-23.0717],[-65.0602,-23.0677],[-65.0624,-23.0642],[-65.065,-23.0632],[-65.0695,-23.0575],[-65.0695,-23.0539],[-65.0671,-23.0487],[-65.0678,-23.0451],[-65.0705,-23.0416],[-65.0743,-23.0411],[-65.0781,-23.0387],[-65.0836,-23.0306],[-65.0897,-23.0261],[-65.094,-23.0251],[-65.1064,-23.0249],[-65.1114,-23.0225],[-65.1176,-23.0182],[-65.1226,-23.0161],[-65.1292,-23.0097],[-65.1316,-23.004],[-65.1347,-23.0016],[-65.143,-23.002],[-65.147,-23],[-65.1539,-22.9949],[-65.1581,-22.9899],[-65.1613,-22.9877],[-65.1673,-22.9861],[-65.1718,-22.9829],[-65.1766,-22.981],[-65.1781,-22.9778],[-65.1788,-22.9694],[-65.1817,-22.9658],[-65.1864,-22.9632],[-65.1909,-22.9589],[-65.193,-22.9555],[-65.2008,-22.9517],[-65.2032,-22.9512],[-65.2077,-22.9478],[-65.2197,-22.9403],[-65.2214,-22.9381],[-65.2282,-22.9251],[-65.2369,-22.9135],[-65.2404,-22.9118],[-65.2453,-22.9069],[-65.25,-22.9055],[-65.2662,-22.8982],[-65.2714,-22.8949],[-65.2747,-22.8917],[-65.2765,-22.8882],[-65.2779,-22.88],[-65.2778,-22.8748],[-65.2754,-22.8685],[-65.2766,-22.855],[-65.2786,-22.8499],[-65.279,-22.8467],[-65.2788,-22.8364],[-65.2783,-22.8344],[-65.2792,-22.8275],[-65.2768,-22.8197],[-65.2758,-22.8087],[-65.2765,-22.806],[-65.2758,-22.7983],[-65.2742,-22.7901],[-65.2791,-22.7834],[-65.2838,-22.779],[-65.285,-22.7767],[-65.2973,-22.7688],[-65.3018,-22.7646],[-65.3025,-22.7602],[-65.3016,-22.751],[-65.2986,-22.7441],[-65.2966,-22.741],[-65.2998,-22.7351],[-65.3037,-22.7335],[-65.3048,-22.7298],[-65.3049,-22.7216],[-65.3013,-22.7123],[-65.2932,-22.6974],[-65.2925,-22.6916],[-65.2911,-22.688],[-65.2859,-22.679],[-65.2841,-22.675],[-65.279,-22.6712],[-65.2739,-22.6648],[-65.2713,-22.6588],[-65.2717,-22.6482],[-65.2754,-22.6476],[-65.28,-22.6446],[-65.287,-22.6415],[-65.2933,-22.6327],[-65.2979,-22.6305],[-65.3049,-22.6291],[-65.3121,-22.6238],[-65.3186,-22.6182],[-65.3265,-22.6129],[-65.3375,-22.6084],[-65.3447,-22.6064],[-65.3468,-22.6106],[-65.3486,-22.6226],[-65.3504,-22.6266],[-65.3601,-22.6371],[-65.3611,-22.6414],[-65.3644,-22.6467],[-65.3681,-22.6501],[-65.3735,-22.6631],[-65.376,-22.6668],[-65.3784,-22.6778],[-65.3846,-22.6868],[-65.3837,-22.695],[-65.3864,-22.7016],[-65.3885,-22.704],[-65.39,-22.71],[-65.3929,-22.7125],[-65.3938,-22.7151],[-65.3928,-22.7188],[-65.4013,-22.7296],[-65.404,-22.7352],[-65.4067,-22.7383],[-65.4105,-22.7447],[-65.4183,-22.7502],[-65.4245,-22.7521],[-65.4324,-22.7578],[-65.443,-22.7631],[-65.4626,-22.7645],[-65.4673,-22.7641],[-65.4707,-22.7649],[-65.4833,-22.7653],[-65.4918,-22.7639],[-65.4988,-22.7659],[-65.5052,-22.7645],[-65.5076,-22.7653],[-65.5125,-22.773],[-65.5146,-22.7817],[-65.515,-22.7894],[-65.5188,-22.8064],[-65.5195,-22.8131],[-65.5224,-22.825],[-65.5275,-22.8299],[-65.5403,-22.8382],[-65.5465,-22.8427],[-65.5775,-22.8612],[-65.5919,-22.8804],[-65.5951,-22.8898],[-65.597,-22.8925],[-65.5987,-22.8976],[-65.6014,-22.8998],[-65.6016,-22.9032],[-65.6044,-22.9114],[-65.6061,-22.9188],[-65.6145,-22.9275],[-65.633,-22.9351],[-65.645,-22.9391],[-65.6612,-22.9487],[-65.6691,-22.9523],[-65.6727,-22.9552],[-65.6756,-22.9629],[-65.678,-22.9679],[-65.6812,-22.9775],[-65.6882,-22.9882],[-65.6934,-22.9936],[-65.695,-23.0039],[-65.6962,-23.0059],[-65.6977,-23.0121],[-65.6973,-23.017],[-65.6989,-23.0285],[-65.6984,-23.0412],[-65.7018,-23.047],[-65.7025,-23.0548],[-65.7024,-23.0619],[-65.7031,-23.065],[-65.6993,-23.0685],[-65.6965,-23.0725],[-65.6924,-23.081],[-65.6925,-23.0868],[-65.6983,-23.0941],[-65.7047,-23.1032],[-65.7105,-23.1143],[-65.713,-23.1227],[-65.712,-23.132],[-65.7144,-23.1366],[-65.7188,-23.1407],[-65.7179,-23.1484],[-65.7159,-23.1498],[-65.7172,-23.1562],[-65.716,-23.16],[-65.7174,-23.1644],[-65.7232,-23.1693],[-65.7226,-23.1727],[-65.7189,-23.1749],[-65.7212,-23.1844],[-65.719,-23.1924],[-65.721,-23.1984],[-65.7204,-23.2009],[-65.7271,-23.2135],[-65.7301,-23.2215],[-65.7363,-23.229],[-65.7339,-23.2407],[-65.7319,-23.2467],[-65.7319,-23.2501],[-65.7305,-23.2529],[-65.7239,-23.2598],[-65.7213,-23.2667],[-65.7211,-23.2736],[-65.7236,-23.2789],[-65.73,-23.2867],[-65.7315,-23.2938],[-65.7348,-23.3011],[-65.7348,-23.3064],[-65.7357,-23.3077],[-65.7406,-23.3085],[-65.744,-23.3143],[-65.7446,-23.3183],[-65.7421,-23.3236],[-65.7375,-23.3263],[-65.7351,-23.3315],[-65.7349,-23.3345],[-65.7363,-23.3405],[-65.7315,-23.3466],[-65.7309,-23.3546],[-65.7326,-23.3595],[-65.7347,-23.3707],[-65.7382,-23.3742],[-65.74,-23.382],[-65.7404,-23.3906],[-65.7443,-23.3968],[-65.7444,-23.4019],[-65.7427,-23.4126],[-65.7365,-23.4092],[-65.7357,-23.4063],[-65.7321,-23.4035],[-65.7287,-23.4026],[-65.7241,-23.3992],[-65.7224,-23.3966],[-65.7189,-23.3941],[-65.7176,-23.3908],[-65.7104,-23.3853],[-65.6976,-23.3819],[-65.6947,-23.3778],[-65.6899,-23.3758],[-65.5343,-23.3116],[-65.5311,-23.3125],[-65.5267,-23.3118],[-65.5211,-23.313],[-65.5153,-23.3132],[-65.5095,-23.3147],[-65.5047,-23.3148],[-65.5041,-23.3171],[-65.5007,-23.3189],[-65.499,-23.323],[-65.492,-23.3269],[-65.4865,-23.328],[-65.4814,-23.3282],[-65.4724,-23.3295],[-65.4663,-23.3278],[-65.4615,-23.328],[-65.4563,-23.3308],[-65.4524,-23.3304],[-65.447,-23.3314],[-65.4434,-23.3329],[-65.4366,-23.332],[-65.4315,-23.3353],[-65.4265,-23.3365],[-65.4204,-23.3422],[-65.4189,-23.3461],[-65.4161,-23.3488],[-65.4096,-23.3523],[-65.4056,-23.3562],[-65.4023,-23.3624],[-65.3957,-23.3675],[-65.3908,-23.3688],[-65.3866,-23.3686],[-65.3801,-23.3658],[-65.378,-23.3656],[-65.3612,-23.3715],[-65.3537,-23.3773],[-65.3517,-23.3811],[-65.349,-23.3819],[-65.34,-23.3875],[-65.3387,-23.3911],[-65.1789,-23.3197]]]},"properties":{"id":267,"departamento":"HUMAHUACA","cabecera":"HUMAHUACA","provincia":"JUJUY"}},
{"type":"Feature","geometry":{"type":"Polygon","coordinates":[[[-65.3486,-22.5512],[-65.3478,-22.5444],[-65.3502,-22.5399],[-65.3461,-22.5316],[-65.3453,-22.5275],[-65.3469,-22.5243],[-65.3454,-22.5187],[-65.343,-22.515],[-65.3398,-22.5134],[-65.3374,-22.5087],[-65.3333,-22.5056],[-65.3311,-22.499],[-65.3292,-22.4966],[-65.3253,-22.496],[-65.323,-22.4918],[-65.3208,-22.4852],[-65.316,-22.4827],[-65.3134,-22.4798],[-65.3075,-22.4691],[-65.3044,-22.4611],[-65.3041,-22.4572],[-65.3021,-22.4518],[-65.3006,-22.4451],[-65.2975,-22.44],[-65.2961,-22.4355],[-65.296,-22.4316],[-65.2971,-22.4287],[-65.2959,-22.4228],[-65.2912,-22.4197],[-65.2892,-22.4172],[-65.283,-22.4143],[-65.2823,-22.41],[-65.2841,-22.4046],[-65.2843,-22.3942],[-65.2792,-22.3789],[-65.2737,-22.3713],[-65.273,-22.3653],[-65.2692,-22.36],[-65.2654,-22.3489],[-65.2639,-22.3392],[-65.2614,-22.3377],[-65.245,-22.3337],[-65.2414,-22.3268],[-65.23,-22.3224],[-65.2275,-22.3206],[-65.2266,-22.3173],[-65.2325,-22.3105],[-65.2334,-22.3058],[-65.2372,-22.2986],[-65.239,-22.2919],[-65.2366,-22.2879],[-65.2397,-22.2796],[-65.2363,-22.2738],[-65.2336,-22.2607],[-65.2326,-22.2578],[-65.2313,-22.2376],[-65.2301,-22.2324],[-65.2302,-22.2286],[-65.2259,-22.2182],[-65.226,-22.2095],[-65.2239,-22.2067],[-65.2246,-22.1998],[-65.2235,-22.1979],[-65.2212,-22.183],[-65.2199,-22.1788],[-65.2196,-22.1717],[-65.2144,-22.1476],[-65.2087,-22.1454],[-65.1983,-22.1436],[-65.1933,-22.1437],[-65.1915,-22.1317],[-65.1921,-22.1235],[-65.1942,-22.1166],[-65.1953,-22.1103],[-65.1952,-22.1049],[-65.1934,-22.098],[-65.1866,-22.0853],[-65.1892,-22.0851],[-65.2311,-22.0858],[-65.2713,-22.0863],[-65.2914,-22.0867],[-65.3852,-22.088],[-65.4703,-22.089],[-65.4728,-22.0897],[-65.4852,-22.0952],[-65.4999,-22.0922],[-65.5733,-22.0763],[-65.5768,-22.0735],[-65.5801,-22.0767],[-65.5808,-22.0794],[-65.5835,-22.0822],[-65.583,-22.0861],[-65.585,-22.0881],[-65.5833,-22.0912],[-65.5859,-22.094],[-65.5918,-22.095],[-65.5936,-22.0931],[-65.603,-22.0952],[-65.6071,-22.092],[-65.6126,-22.093],[-65.6145,-22.0955],[-65.6185,-22.0943],[-65.6229,-22.0958],[-65.6268,-22.1004],[-65.6292,-22.1016],[-65.6337,-22.101],[-65.64,-22.1046],[-65.6512,-22.1032],[-65.6569,-22.1084],[-65.6706,-22.1076],[-65.6766,-22.1093],[-65.6843,-22.1071],[-65.6883,-22.1069],[-65.6913,-22.1019],[-65.6951,-22.0998],[-65.6995,-22.0985],[-65.7032,-22.0964],[-65.7085,-22.0972],[-65.7138,-22.095],[-65.7171,-22.0959],[-65.7202,-22.0996],[-65.7252,-22.1021],[-65.7273,-22.1047],[-65.7355,-22.1057],[-65.7382,-22.1051],[-65.7454,-22.1065],[-65.7482,-22.1063],[-65.7521,-22.1045],[-65.7579,-22.0994],[-65.7647,-22.0964],[-65.768,-22.0957],[-65.7733,-22.0926],[-65.7777,-22.0884],[-65.7797,-22.085],[-65.7845,-22.0824],[-65.7857,-22.0791],[-65.7891,-22.0783],[-65.7957,-22.0712],[-65.8011,-22.072],[-65.8055,-22.075],[-65.8091,-22.0707],[-65.8091,-22.0749],[-65.8109,-22.0839],[-65.813,-22.0894],[-65.8136,-22.1037],[-65.8126,-22.1078],[-65.8121,-22.1138],[-65.8135,-22.1183],[-65.8151,-22.1318],[-65.8151,-22.1383],[-65.8169,-22.1438],[-65.8198,-22.1482],[-65.8216,-22.1559],[-65.8211,-22.1624],[-65.8232,-22.1723],[-65.8234,-22.1775],[-65.8226,-22.1804],[-65.8232,-22.1854],[-65.8253,-22.1877],[-65.8298,-22.188],[-65.8394,-22.1914],[-65.8435,-22.1976],[-65.8466,-22.1977],[-65.8486,-22.2007],[-65.8529,-22.2026],[-65.8557,-22.2062],[-65.8587,-22.207],[-65.8668,-22.2069],[-65.8702,-22.2045],[-65.8807,-22.2039],[-65.8856,-22.2025],[-65.8897,-22.1996],[-65.8967,-22.1988],[-65.8982,-22.1966],[-65.9032,-22.1955],[-65.9086,-22.1966],[-65.9126,-22.1953],[-65.9159,-22.1957],[-65.9203,-22.2026],[-65.9251,-22.2031],[-65.931,-22.1973],[-65.9348,-22.1924],[-65.9394,-22.1902],[-65.9488,-22.1841],[-65.9515,-22.1857],[-65.9518,-22.1889],[-65.9547,-22.1884],[-65.9591,-22.194],[-65.9583,-22.1966],[-65.9615,-22.2006],[-65.9577,-22.2076],[-65.959,-22.21],[-65.9535,-22.2132],[-65.9528,-22.2159],[-65.9498,-22.2183],[-65.9477,-22.222],[-65.9471,-22.2269],[-65.9492,-22.2309],[-65.9514,-22.2323],[-65.9504,-22.2369],[-65.9471,-22.2432],[-65.9479,-22.2463],[-65.9502,-22.2468],[-65.95,-22.2515],[-65.9533,-22.2519],[-65.9551,-22.2546],[-65.953,-22.2566],[-65.9532,-22.2602],[-65.958,-22.2599],[-65.9602,-22.2627],[-65.9581,-22.2675],[-65.9587,-22.2696],[-65.9618,-22.2707],[-65.9627,-22.2728],[-65.9607,-22.2786],[-65.9641,-22.2801],[-65.9632,-22.282],[-65.9662,-22.2867],[-65.967,-22.2924],[-65.9701,-22.2961],[-65.9696,-22.3009],[-65.9861,-22.4033],[-65.8285,-22.4387],[-65.8091,-22.4421],[-65.747,-22.4535],[-65.6953,-22.4628],[-65.661,-22.466],[-65.6526,-22.4666],[-65.6395,-22.4684],[-65.6257,-22.4676],[-65.6164,-22.4694],[-65.6082,-22.4695],[-65.593,-22.4705],[-65.5915,-22.4699],[-65.5849,-22.472],[-65.5763,-22.4741],[-65.572,-22.4744],[-65.5666,-22.4783],[-65.5639,-22.4784],[-65.5596,-22.4811],[-65.5574,-22.4798],[-65.5535,-22.4802],[-65.5495,-22.479],[-65.546,-22.4801],[-65.5436,-22.4834],[-65.538,-22.4855],[-65.5337,-22.4888],[-65.5303,-22.4935],[-65.5276,-22.5008],[-65.5268,-22.5053],[-65.5239,-22.5115],[-65.5222,-22.5134],[-65.5174,-22.516],[-65.5153,-22.5189],[-65.5077,-22.5259],[-65.5006,-22.5282],[-65.4824,-22.5333],[-65.4723,-22.5398],[-65.4644,-22.5431],[-65.4607,-22.5453],[-65.4524,-22.5525],[-65.4464,-22.555],[-65.4392,-22.5555],[-65.4282,-22.5496],[-65.4235,-22.5489],[-65.4141,-22.5484],[-65.4027,-22.5495],[-65.3987,-22.5485],[-65.3881,-22.5475],[-65.3842,-22.5486],[-65.374,-22.5498],[-65.3695,-22.5495],[-65.3665,-22.5504],[-65.3625,-22.5501],[-65.3486,-22.5512]]]},"properties":{"id":268,"departamento":"YAVI","cabecera":"LA QUIACA","provincia":"JUJUY"}},
{"type":"Feature","geometry":{"type":"Polygon","coordinates":[[[-65.8091,-22.0707],[-65.8372,-22.0376],[-65.8553,-22.016],[-65.9256,-21.9332],[-65.9796,-21.9268],[-66.0094,-21.9229],[-66.0312,-21.9207],[-66.0429,-21.9191],[-66.0489,-21.919],[-66.044,-21.8716],[-66.077,-21.8348],[-66.1022,-21.8263],[-66.1253,-21.8187],[-66.1713,-21.8035],[-66.1948,-21.7957],[-66.209,-21.7829],[-66.2151,-21.778],[-66.2213,-21.779],[-66.2238,-21.78],[-66.2259,-21.7857],[-66.2316,-21.7863],[-66.2368,-21.7853],[-66.2416,-21.7867],[-66.2432,-21.7915],[-66.2421,-21.8001],[-66.2389,-21.8056],[-66.239,-21.8078],[-66.2368,-21.8116],[-66.237,-21.8162],[-66.2389,-21.8204],[-66.2386,-21.8227],[-66.243,-21.8297],[-66.24,-21.8363],[-66.2351,-21.843],[-66.2351,-21.8472],[-66.2369,-21.8517],[-66.2408,-21.8549],[-66.2423,-21.8595],[-66.2418,-21.8643],[-66.2444,-21.8668],[-66.2446,-21.8711],[-66.2472,-21.8734],[-66.2488,-21.8768],[-66.2471,-21.8847],[-66.2506,-21.8875],[-66.2501,-21.894],[-66.2537,-21.8963],[-66.2547,-21.9],[-66.2602,-21.9019],[-66.2607,-21.9127],[-66.2636,-21.9269],[-66.2611,-21.9306],[-66.2604,-21.9345],[-66.2637,-21.936],[-66.2665,-21.9337],[-66.268,-21.9374],[-66.2752,-21.943],[-66.2725,-21.9462],[-66.2757,-21.9482],[-66.2734,-21.953],[-66.2754,-21.958],[-66.2728,-21.9644],[-66.2773,-21.9671],[-66.2773,-21.973],[-66.2764,-21.9747],[-66.2787,-21.9777],[-66.2837,-21.9795],[-66.2831,-21.982],[-66.2845,-21.9853],[-66.2826,-21.988],[-66.2795,-21.997],[-66.2795,-22.004],[-66.2827,-22.0083],[-66.2828,-22.0154],[-66.2793,-22.0173],[-66.2759,-22.0204],[-66.2765,-22.0229],[-66.2816,-22.0233],[-66.2844,-22.0244],[-66.284,-22.0286],[-66.2875,-22.028],[-66.2916,-22.0289],[-66.2936,-22.0311],[-66.2926,-22.0345],[-66.2851,-22.0391],[-66.2868,-22.0434],[-66.2926,-22.047],[-66.2891,-22.0479],[-66.2853,-22.0473],[-66.2846,-22.0494],[-66.2895,-22.0562],[-66.2934,-22.059],[-66.2939,-22.0607],[-66.29,-22.0646],[-66.2853,-22.068],[-66.2891,-22.0706],[-66.2912,-22.0736],[-66.2881,-22.0792],[-66.2876,-22.083],[-66.2946,-22.0877],[-66.3018,-22.0875],[-66.3043,-22.0904],[-66.3078,-22.0918],[-66.313,-22.0869],[-66.3141,-22.0844],[-66.3191,-22.0824],[-66.3249,-22.0859],[-66.3245,-22.0888],[-66.3228,-22.0904],[-66.3262,-22.0991],[-66.3288,-22.1014],[-66.3278,-22.1062],[-66.3283,-22.1082],[-66.3329,-22.1106],[-66.331,-22.1121],[-66.3312,-22.1146],[-66.3332,-22.1169],[-66.3371,-22.1173],[-66.3383,-22.1156],[-66.3472,-22.1177],[-66.35,-22.1205],[-66.3481,-22.1281],[-66.3597,-22.1324],[-66.3934,-22.1399],[-66.4221,-22.1465],[-66.476,-22.1601],[-66.5636,-22.182],[-66.6239,-22.1971],[-66.6372,-22.2222],[-66.6391,-22.2251],[-66.6535,-22.216],[-66.6851,-22.2096],[-66.6887,-22.2102],[-66.7162,-22.2253],[-66.7399,-22.2381],[-66.7527,-22.2921],[-66.7606,-22.3266],[-66.7623,-22.3456],[-66.7663,-22.3578],[-66.762,-22.3608],[-66.7626,-22.3638],[-66.758,-22.3654],[-66.7542,-22.3681],[-66.7514,-22.3712],[-66.7512,-22.3714],[-66.7481,-22.3748],[-66.7415,-22.3756],[-66.7358,-22.3796],[-66.7356,-22.3797],[-66.7295,-22.3811],[-66.7213,-22.3791],[-66.7153,-22.3759],[-66.7123,-22.3765],[-66.7058,-22.3759],[-66.7012,-22.3793],[-66.6951,-22.3809],[-66.6922,-22.3808],[-66.6865,-22.3777],[-66.681,-22.378],[-66.6778,-22.3797],[-66.6749,-22.3835],[-66.6704,-22.3834],[-66.6667,-22.3853],[-66.6633,-22.3849],[-66.6591,-22.3889],[-66.6546,-22.3897],[-66.6499,-22.3921],[-66.6472,-22.3911],[-66.6397,-22.3925],[-66.6258,-22.4],[-66.6154,-22.4027],[-66.6091,-22.4066],[-66.6024,-22.4078],[-66.5975,-22.4099],[-66.5953,-22.4152],[-66.5895,-22.4121],[-66.5848,-22.4129],[-66.5747,-22.419],[-66.5705,-22.4202],[-66.5653,-22.4194],[-66.563,-22.4179],[-66.5597,-22.4136],[-66.5535,-22.4114],[-66.5489,-22.4083],[-66.5466,-22.4056],[-66.5424,-22.4042],[-66.5351,-22.3986],[-66.5332,-22.3984],[-66.5244,-22.3911],[-66.5185,-22.3893],[-66.5076,-22.3847],[-66.505,-22.3816],[-66.4926,-22.3764],[-66.4888,-22.371],[-66.4863,-22.3688],[-66.4853,-22.3641],[-66.4818,-22.3602],[-66.4816,-22.3555],[-66.4786,-22.3498],[-66.4747,-22.3463],[-66.474,-22.3407],[-66.4719,-22.3366],[-66.4728,-22.3327],[-66.4715,-22.3259],[-66.4679,-22.321],[-66.4671,-22.3182],[-66.4646,-22.315],[-66.4642,-22.3124],[-66.4621,-22.311],[-66.4559,-22.3108],[-66.4535,-22.3089],[-66.4523,-22.3019],[-66.4468,-22.2957],[-66.4435,-22.2932],[-66.4428,-22.2888],[-66.4386,-22.2879],[-66.4377,-22.2813],[-66.4356,-22.2775],[-66.4271,-22.2733],[-66.4265,-22.2708],[-66.4207,-22.266],[-66.4196,-22.2608],[-66.4176,-22.2591],[-66.4175,-22.2565],[-66.4153,-22.2544],[-66.4158,-22.2506],[-66.4132,-22.2473],[-66.4113,-22.2551],[-66.4133,-22.2585],[-66.4106,-22.2608],[-66.4096,-22.2644],[-66.4094,-22.2705],[-66.4081,-22.2715],[-66.4035,-22.2704],[-66.4008,-22.2681],[-66.3958,-22.269],[-66.3915,-22.2725],[-66.3894,-22.278],[-66.386,-22.2805],[-66.3756,-22.2762],[-66.372,-22.2756],[-66.3664,-22.2766],[-66.3623,-22.2785],[-66.3595,-22.278],[-66.354,-22.2801],[-66.3494,-22.2833],[-66.3485,-22.2864],[-66.3448,-22.287],[-66.3425,-22.2897],[-66.3418,-22.295],[-66.3393,-22.2968],[-66.3391,-22.3007],[-66.3377,-22.3039],[-66.3381,-22.3079],[-66.3329,-22.3171],[-66.3307,-22.3168],[-66.3252,-22.3201],[-66.3212,-22.325],[-66.3153,-22.3256],[-66.3111,-22.3246],[-66.3077,-22.3227],[-66.304,-22.3181],[-66.3002,-22.317],[-66.2973,-22.3149],[-66.0595,-22.2584],[-66.0572,-22.2596],[-66.0533,-22.2596],[-66.0477,-22.2625],[-66.0412,-22.2648],[-66.0314,-22.2693],[-66.0278,-22.2723],[-66.0228,-22.2804],[-66.0237,-22.2853],[-66.0178,-22.2927],[-66.0157,-22.2961],[-65.9861,-22.4033],[-65.9696,-22.3009],[-65.9701,-22.2961],[-65.967,-22.2924],[-65.9662,-22.2867],[-65.9632,-22.282],[-65.9641,-22.2801],[-65.9607,-22.2786],[-65.9627,-22.2728],[-65.9618,-22.2707],[-65.9587,-22.2696],[-65.9581,-22.2675],[-65.9602,-22.2627],[-65.958,-22.2599],[-65.9532,-22.2602],[-65.953,-22.2566],[-65.9551,-22.2546],[-65.9533,-22.2519],[-65.95,-22.2515],[-65.9502,-22.2468],[-65.9479,-22.2463],[-65.9471,-22.2432],[-65.9504,-22.2369],[-65.9514,-22.2323],[-65.9492,-22.2309],[-65.9471,-22.2269],[-65.9477,-22.222],[-65.9498,-22.2183],[-65.9528,-22.2159],[-65.9535,-22.2132],[-65.959,-22.21],[-65.9577,-22.2076],[-65.9615,-22.2006],[-65.9583,-22.1966],[-65.9591,-22.194],[-65.9547,-22.1884],[-65.9518,-22.1889],[-65.9515,-22.1857],[-65.9488,-22.1841],[-65.9394,-22.1902],[-65.9348,-22.1924],[-65.931,-22.1973],[-65.9251,-22.2031],[-65.9203,-22.2026],[-65.9159,-22.1957],[-65.9126,-22.1953],[-65.9086,-22.1966],[-65.9032,-22.1955],[-65.8982,-22.1966],[-65.8967,-22.1988],[-65.8897,-22.1996],[-65.8856,-22.2025],[-65.8807,-22.2039],[-65.8702,-22.2045],[-65.8668,-22.2069],[-65.8587,-22.207],[-65.8557,-22.2062],[-65.8529,-22.2026],[-65.8486,-22.2007],[-65.8466,-22.1977],[-65.8435,-22.1976],[-65.8394,-22.1914],[-65.8298,-22.188],[-65.8253,-22.1877],[-65.8232,-22.1854],[-65.8226,-22.1804],[-65.8234,-22.1775],[-65.8232,-22.1723],[-65.8211,-22.1624],[-65.8216,-22.1559],[-65.8198,-22.1482],[-65.8169,-22.1438],[-65.8151,-22.1383],[-65.8151,-22.1318],[-65.8135,-22.1183],[-65.8121,-22.1138],[-65.8126,-22.1078],[-65.8136,-22.1037],[-65.813,-22.0894],[-65.8109,-22.0839],[-65.8091,-22.0749],[-65.8091,-22.0707]]]},"properties":{"id":269,"departamento":"SANTA CATALINA","cabecera":"SANTA CATALINA","provincia":"JUJUY"}},
{"type":"Feature","geometry":{"type":"Polygon","coordinates":[[[-65.0207,-24.365],[-65.0158,-24.3661],[-65.0107,-24.3659],[-65.0041,-24.3628],[-64.9983,-24.3613],[-64.997,-24.3601],[-64.9717,-24.3667],[-64.8998,-24.3833],[-64.9301,-24.4204],[-64.954,-24.4497],[-64.8563,-24.4721],[-64.8539,-24.4701],[-64.8466,-24.4681],[-64.842,-24.4674],[-64.8375,-24.4692],[-64.8333,-24.472],[-64.8262,-24.4753],[-64.8226,-24.4777],[-64.8117,-24.4828],[-64.8089,-24.4848],[-64.8019,-24.4882],[-64.7831,-24.4988],[-64.7736,-24.5025],[-64.7703,-24.5087],[-64.7639,-24.5176],[-64.7594,-24.5197],[-64.7554,-24.5233],[-64.7501,-24.524],[-64.7427,-24.5233],[-64.7411,-24.5241],[-64.7365,-24.5237],[-64.7346,-24.526],[-64.7264,-24.5297],[-64.7216,-24.5352],[-64.7225,-24.5375],[-64.7169,-24.543],[-64.7123,-24.553],[-64.7123,-24.5554],[-64.7089,-24.5596],[-64.7044,-24.5636],[-64.6941,-24.5697],[-64.6864,-24.5707],[-64.6838,-24.5726],[-64.6814,-24.5831],[-64.6834,-24.5855],[-64.6849,-24.5894],[-64.6786,-24.5976],[-64.6732,-24.6034],[-64.6652,-24.6078],[-64.6606,-24.6083],[-64.6571,-24.6075],[-64.6535,-24.6092],[-64.6519,-24.6116],[-64.6489,-24.6134],[-64.646,-24.6133],[-64.638,-24.6099],[-64.6313,-24.6078],[-64.6253,-24.6026],[-64.6207,-24.6],[-64.6164,-24.5946],[-64.6124,-24.5931],[-64.6095,-24.5907],[-64.6036,-24.5893],[-64.5981,-24.5849],[-64.5935,-24.5827],[-64.5858,-24.5851],[-64.5798,-24.5836],[-64.5729,-24.5803],[-64.5691,-24.5774],[-64.5619,-24.5763],[-64.5579,-24.5731],[-64.5562,-24.5655],[-64.551,-24.5596],[-64.55,-24.5511],[-64.5461,-24.5404],[-64.5443,-24.5299],[-64.5419,-24.5226],[-64.5418,-24.5172],[-64.539,-24.516],[-64.5378,-24.5138],[-64.5368,-24.508],[-64.5334,-24.5053],[-64.5333,-24.499],[-64.5305,-24.4905],[-64.5308,-24.485],[-64.5267,-24.4734],[-64.5256,-24.469],[-64.5226,-24.4623],[-64.5227,-24.4602],[-64.5249,-24.4574],[-64.5247,-24.4545],[-64.5292,-24.4487],[-64.5336,-24.446],[-64.5478,-24.4346],[-64.5475,-24.4294],[-64.5462,-24.4265],[-64.5473,-24.4214],[-64.5434,-24.4125],[-64.5432,-24.4055],[-64.5399,-24.399],[-64.5374,-24.3955],[-64.5367,-24.3899],[-64.5351,-24.3874],[-64.5335,-24.3815],[-64.5305,-24.3733],[-64.5305,-24.3701],[-64.5326,-24.3659],[-64.532,-24.3626],[-64.5294,-24.3544],[-64.5259,-24.3468],[-64.5258,-24.3433],[-64.5241,-24.3381],[-64.5243,-24.335],[-64.5219,-24.3315],[-64.5206,-24.3272],[-64.5149,-24.3236],[-64.5028,-24.3128],[-64.4979,-24.3063],[-64.4979,-24.3016],[-64.5046,-24.3071],[-64.5086,-24.3079],[-64.5086,-24.3118],[-64.5102,-24.3147],[-64.5234,-24.3189],[-64.5278,-24.3191],[-64.5297,-24.3217],[-64.5298,-24.3251],[-64.5329,-24.3257],[-64.5376,-24.3239],[-64.5425,-24.3243],[-64.5479,-24.3224],[-64.554,-24.3214],[-64.5588,-24.3197],[-64.5607,-24.3211],[-64.5691,-24.3202],[-64.5747,-24.3217],[-64.5777,-24.3205],[-64.5819,-24.3219],[-64.5873,-24.3227],[-64.5882,-24.3245],[-64.5937,-24.3273],[-64.5991,-24.328],[-64.6003,-24.3293],[-64.6057,-24.3312],[-64.6093,-24.3307],[-64.614,-24.3342],[-64.6165,-24.3326],[-64.624,-24.3314],[-64.628,-24.3346],[-64.6311,-24.3337],[-64.6372,-24.3346],[-64.6406,-24.3342],[-64.645,-24.336],[-64.6507,-24.3363],[-64.6548,-24.3342],[-64.6592,-24.3333],[-64.6652,-24.3358],[-64.6699,-24.3361],[-64.6848,-24.3343],[-64.6915,-24.3351],[-64.6967,-24.3332],[-64.6973,-24.3314],[-64.705,-24.3296],[-64.7104,-24.3277],[-64.7125,-24.3248],[-64.7145,-24.3255],[-64.7257,-24.3189],[-64.7302,-24.3198],[-64.7334,-24.3192],[-64.7377,-24.3139],[-64.7405,-24.3129],[-64.7415,-24.3106],[-64.7391,-24.3057],[-64.7408,-24.304],[-64.7391,-24.3008],[-64.7343,-24.3025],[-64.7309,-24.2979],[-64.7304,-24.2913],[-64.7331,-24.2888],[-64.7325,-24.2857],[-64.7302,-24.2851],[-64.7292,-24.2901],[-64.7277,-24.2905],[-64.725,-24.2871],[-64.7243,-24.2827],[-64.7262,-24.2788],[-64.7245,-24.2775],[-64.7209,-24.2793],[-64.7183,-24.2768],[-64.716,-24.2685],[-64.7119,-24.2622],[-64.7139,-24.2577],[-64.7091,-24.2542],[-64.7125,-24.2509],[-64.7088,-24.2493],[-64.7087,-24.2447],[-64.7103,-24.2416],[-64.7071,-24.2386],[-64.7091,-24.2357],[-64.7049,-24.2344],[-64.7064,-24.2305],[-64.7055,-24.2277],[-64.7014,-24.2269],[-64.698,-24.2216],[-64.6984,-24.2174],[-64.6964,-24.2169],[-64.6957,-24.214],[-64.699,-24.2094],[-64.6931,-24.2095],[-64.693,-24.2024],[-64.694,-24.1978],[-64.6924,-24.1939],[-64.6929,-24.1906],[-64.6957,-24.1896],[-64.6939,-24.1851],[-64.6914,-24.184],[-64.6912,-24.1758],[-64.6941,-24.1709],[-64.6929,-24.1655],[-64.6961,-24.1616],[-64.6984,-24.1602],[-64.6994,-24.1562],[-64.7039,-24.1539],[-64.7013,-24.1492],[-64.705,-24.1455],[-64.7052,-24.1357],[-64.7073,-24.1317],[-64.7117,-24.1298],[-64.7127,-24.1265],[-64.7117,-24.1234],[-64.7153,-24.1184],[-64.7173,-24.1108],[-64.7175,-24.1064],[-64.7156,-24.1054],[-64.7162,-24.1017],[-64.7194,-24.1014],[-64.7198,-24.0984],[-64.7142,-24.0942],[-64.7142,-24.0911],[-64.7163,-24.0842],[-64.716,-24.0804],[-64.7133,-24.0763],[-64.7138,-24.0715],[-64.7152,-24.0683],[-64.7108,-24.0677],[-64.7087,-24.0684],[-64.7059,-24.0654],[-64.7091,-24.0602],[-64.7157,-24.0558],[-64.7161,-24.0573],[-64.7215,-24.0586],[-64.724,-24.0582],[-64.7265,-24.0604],[-64.7228,-24.0624],[-64.725,-24.0664],[-64.7269,-24.0661],[-64.7286,-24.0611],[-64.7313,-24.0628],[-64.7345,-24.0617],[-64.736,-24.0633],[-64.7366,-24.0672],[-64.7427,-24.0659],[-64.7439,-24.0676],[-64.7443,-24.0731],[-64.7477,-24.074],[-64.7516,-24.0709],[-64.7576,-24.0727],[-64.7572,-24.077],[-64.7583,-24.0789],[-64.7636,-24.0778],[-64.7644,-24.0808],[-64.7635,-24.0862],[-64.7712,-24.0832],[-64.7699,-24.0879],[-64.776,-24.0893],[-64.7772,-24.091],[-64.783,-24.0943],[-64.7886,-24.0909],[-64.7921,-24.0879],[-64.7962,-24.0881],[-64.8021,-24.0904],[-64.8057,-24.0905],[-64.8098,-24.0893],[-64.8123,-24.085],[-64.8179,-24.086],[-64.8276,-24.0822],[-64.8316,-24.0831],[-64.8358,-24.0824],[-64.844,-24.079],[-64.8463,-24.076],[-64.8512,-24.074],[-64.8512,-24.0696],[-64.8524,-24.0673],[-64.8502,-24.0613],[-64.8502,-24.0562],[-64.8527,-24.0501],[-64.8559,-24.048],[-64.8602,-24.0469],[-64.8651,-24.043],[-64.8667,-24.0388],[-64.8689,-24.0364],[-64.8719,-24.0364],[-64.8756,-24.0339],[-64.8756,-24.0305],[-64.8789,-24.0285],[-64.8811,-24.0255],[-64.8843,-24.0259],[-64.8896,-24.0233],[-64.8953,-24.0218],[-64.9006,-24.0189],[-64.9031,-24.0189],[-64.9204,-24.0107],[-64.9247,-24.0127],[-64.9329,-24.0142],[-64.9384,-24.0141],[-64.9403,-24.0116],[-64.9451,-24.0119],[-64.9498,-24.0093],[-64.9553,-24.0106],[-64.9601,-24.0152],[-64.9622,-24.0152],[-64.9685,-24.0122],[-64.9733,-24.0139],[-64.9794,-24.0146],[-64.9808,-24.0139],[-64.9874,-24.0158],[-64.9916,-24.0183],[-64.991,-24.0212],[-64.9946,-24.0218],[-64.998,-24.021],[-65.0018,-24.0222],[-65.0057,-24.0183],[-65.0162,-24.0184],[-65.0176,-24.0192],[-65.0232,-24.0191],[-65.0307,-24.0209],[-65.0322,-24.0178],[-65.0366,-24.0146],[-65.0415,-24.0154],[-65.0481,-24.0131],[-65.0539,-24.0144],[-65.0488,-24.1706],[-65.049,-24.1804],[-65.0557,-24.1791],[-65.0602,-24.1748],[-65.064,-24.1741],[-65.0671,-24.1724],[-65.0743,-24.1708],[-65.0719,-24.1761],[-65.0717,-24.1791],[-65.0693,-24.1868],[-65.0722,-24.1952],[-65.0752,-24.1993],[-65.069,-24.2213],[-65.0614,-24.2343],[-65.0572,-24.243],[-65.0572,-24.2461],[-65.0539,-24.2526],[-65.0539,-24.2591],[-65.0531,-24.2636],[-65.0561,-24.2742],[-65.0596,-24.2777],[-65.063,-24.2797],[-65.0649,-24.2867],[-65.0636,-24.2926],[-65.0594,-24.3028],[-65.0574,-24.3035],[-65.0523,-24.3117],[-65.0464,-24.3167],[-65.037,-24.3179],[-65.034,-24.3202],[-65.0344,-24.3306],[-65.0302,-24.3334],[-65.0266,-24.3412],[-65.0272,-24.3447],[-65.024,-24.3486],[-65.0207,-24.365]]]},"properties":{"id":270,"departamento":"SAN PEDRO","cabecera":"SAN PEDRO","provincia":"JUJUY"}},
{"type":"Feature","geometry":{"type":"Polygon","coordinates":[[[-65.0179,-23.7],[-65.0147,-23.699],[-65.009,-23.6993],[-65.0049,-23.7018],[-65.0035,-23.7053],[-64.9978,-23.7084],[-64.9925,-23.7097],[-64.9899,-23.7089],[-64.9805,-23.7083],[-64.9764,-23.7125],[-64.972,-23.7153],[-64.9695,-23.7193],[-64.9652,-23.7201],[-64.9606,-23.7225],[-64.958,-23.7219],[-64.9533,-23.7236],[-64.9431,-23.7229],[-64.9399,-23.7244],[-64.9373,-23.7223],[-64.9352,-23.7227],[-64.9347,-23.7258],[-64.9306,-23.7255],[-64.927,-23.732],[-64.9247,-23.7333],[-64.9203,-23.7333],[-64.9119,-23.7216],[-64.9121,-23.7191],[-64.9146,-23.714],[-64.9186,-23.7112],[-64.9201,-23.7064],[-64.9174,-23.7013],[-64.9159,-23.6964],[-64.9143,-23.6951],[-64.9024,-23.6799],[-64.8993,-23.6717],[-64.9036,-23.6686],[-64.9039,-23.666],[-64.9022,-23.6605],[-64.898,-23.6576],[-64.8961,-23.6546],[-64.8976,-23.6508],[-64.9018,-23.6371],[-64.8998,-23.6294],[-64.8972,-23.6257],[-64.8956,-23.6206],[-64.8918,-23.6182],[-64.8906,-23.6158],[-64.8946,-23.6097],[-64.8946,-23.6002],[-64.8927,-23.5965],[-64.8887,-23.593],[-64.8863,-23.592],[-64.8769,-23.5901],[-64.873,-23.5899],[-64.8634,-23.5863],[-64.8596,-23.5833],[-64.8587,-23.578],[-64.8626,-23.573],[-64.86,-23.5607],[-64.8582,-23.5563],[-64.8532,-23.5525],[-64.8518,-23.5489],[-64.8468,-23.5431],[-64.8478,-23.5394],[-64.8466,-23.5365],[-64.8431,-23.5331],[-64.8427,-23.5204],[-64.841,-23.5081],[-64.8412,-23.5035],[-64.8424,-23.4986],[-64.8422,-23.4952],[-64.8463,-23.4897],[-64.8533,-23.49],[-64.8586,-23.4856],[-64.8642,-23.485],[-64.8724,-23.4782],[-64.8728,-23.472],[-64.8741,-23.4696],[-64.873,-23.4646],[-64.8709,-23.461],[-64.8681,-23.4509],[-64.8685,-23.4471],[-64.8729,-23.4457],[-64.8747,-23.4439],[-64.879,-23.4437],[-64.8823,-23.442],[-64.8937,-23.4401],[-64.8969,-23.4384],[-64.9007,-23.4292],[-64.9024,-23.4285],[-64.9069,-23.4231],[-64.9062,-23.4155],[-64.9041,-23.4114],[-64.9042,-23.4069],[-64.9081,-23.4062],[-64.9104,-23.402],[-64.9088,-23.3984],[-64.9054,-23.3974],[-64.8997,-23.3882],[-64.9016,-23.3854],[-64.9027,-23.3755],[-64.8997,-23.3691],[-64.8943,-23.3647],[-64.8924,-23.3594],[-64.8956,-23.3572],[-64.9006,-23.3567],[-64.9049,-23.3531],[-64.905,-23.3508],[-64.9005,-23.3409],[-64.8997,-23.3354],[-64.9037,-23.3247],[-64.913,-23.3105],[-64.9174,-23.3086],[-64.9284,-23.301],[-64.9299,-23.295],[-64.9362,-23.2897],[-64.9392,-23.2843],[-64.9436,-23.2715],[-64.9467,-23.269],[-64.9524,-23.2715],[-64.956,-23.2814],[-64.96,-23.2825],[-64.9644,-23.2858],[-64.9674,-23.2844],[-64.9747,-23.2824],[-64.9784,-23.2822],[-64.9819,-23.2804],[-64.9886,-23.2805],[-64.997,-23.2834],[-65.0038,-23.2877],[-65.0068,-23.2865],[-65.0108,-23.2814],[-65.0142,-23.2783],[-65.0159,-23.267],[-65.0206,-23.2614],[-65.0266,-23.2575],[-65.031,-23.2553],[-65.0346,-23.2521],[-65.0342,-23.2347],[-65.0373,-23.232],[-65.0378,-23.2287],[-65.0403,-23.2251],[-65.0439,-23.2243],[-65.0471,-23.2286],[-65.0652,-23.2334],[-65.0775,-23.2318],[-65.0744,-23.2246],[-65.0718,-23.2217],[-65.0747,-23.2131],[-65.073,-23.2108],[-65.072,-23.2062],[-65.0722,-23.2013],[-65.0659,-23.198],[-65.0701,-23.1993],[-65.0796,-23.1945],[-65.0845,-23.1971],[-65.089,-23.2043],[-65.09,-23.2137],[-65.0938,-23.2174],[-65.1011,-23.2267],[-65.1088,-23.233],[-65.1125,-23.2346],[-65.1193,-23.2443],[-65.121,-23.2599],[-65.1291,-23.2663],[-65.1309,-23.2696],[-65.1329,-23.2708],[-65.135,-23.2746],[-65.1385,-23.2779],[-65.1409,-23.2844],[-65.143,-23.2854],[-65.1462,-23.2896],[-65.1462,-23.2924],[-65.1478,-23.2944],[-65.1516,-23.2955],[-65.16,-23.3075],[-65.1675,-23.3152],[-65.1736,-23.3185],[-65.1789,-23.3197],[-65.1694,-23.3618],[-65.1664,-23.3675],[-65.1656,-23.3723],[-65.158,-23.3743],[-65.1569,-23.3787],[-65.1546,-23.3804],[-65.147,-23.3803],[-65.1449,-23.3812],[-65.1445,-23.3869],[-65.1428,-23.39],[-65.1374,-23.4173],[-65.1398,-23.423],[-65.1413,-23.4312],[-65.1471,-23.4382],[-65.1602,-23.449],[-65.1623,-23.4553],[-65.1626,-23.4603],[-65.1605,-23.4682],[-65.1586,-23.472],[-65.1586,-23.4763],[-65.1622,-23.4846],[-65.1619,-23.4888],[-65.1513,-23.5013],[-65.1507,-23.5061],[-65.1492,-23.5079],[-65.149,-23.5121],[-65.1437,-23.5214],[-65.1379,-23.527],[-65.1313,-23.5307],[-65.1272,-23.554],[-65.1258,-23.5652],[-65.1266,-23.5772],[-65.1221,-23.5812],[-65.114,-23.5839],[-65.1131,-23.587],[-65.1097,-23.5908],[-65.1089,-23.5955],[-65.1064,-23.5983],[-65.1017,-23.5974],[-65.0983,-23.5996],[-65.0848,-23.6018],[-65.0806,-23.6088],[-65.0806,-23.6108],[-65.0726,-23.6209],[-65.0704,-23.6302],[-65.0712,-23.6347],[-65.0689,-23.6369],[-65.0638,-23.6375],[-65.0604,-23.6398],[-65.0567,-23.6445],[-65.0555,-23.6481],[-65.0573,-23.6535],[-65.053,-23.659],[-65.0479,-23.6611],[-65.0385,-23.6683],[-65.0355,-23.6699],[-65.0315,-23.6741],[-65.0293,-23.6784],[-65.0265,-23.6807],[-65.0182,-23.6914],[-65.0175,-23.6941],[-65.0179,-23.7]]]},"properties":{"id":271,"departamento":"VALLE GRANDE","cabecera":"VALLE GRANDE","provincia":"JUJUY"}},
{"type":"Feature","geometry":{"type":"Polygon","coordinates":[[[-65.8285,-22.4387],[-65.9861,-22.4033],[-66.0157,-22.2961],[-66.0178,-22.2927],[-66.0237,-22.2853],[-66.0228,-22.2804],[-66.0278,-22.2723],[-66.0314,-22.2693],[-66.0412,-22.2648],[-66.0477,-22.2625],[-66.0533,-22.2596],[-66.0572,-22.2596],[-66.0595,-22.2584],[-66.2973,-22.3149],[-66.3002,-22.317],[-66.304,-22.3181],[-66.3077,-22.3227],[-66.3111,-22.3246],[-66.3153,-22.3256],[-66.3212,-22.325],[-66.3252,-22.3201],[-66.3307,-22.3168],[-66.3329,-22.3171],[-66.3381,-22.3079],[-66.3377,-22.3039],[-66.3391,-22.3007],[-66.3393,-22.2968],[-66.3418,-22.295],[-66.3425,-22.2897],[-66.3448,-22.287],[-66.3485,-22.2864],[-66.3494,-22.2833],[-66.354,-22.2801],[-66.3595,-22.278],[-66.3623,-22.2785],[-66.3664,-22.2766],[-66.372,-22.2756],[-66.3756,-22.2762],[-66.386,-22.2805],[-66.3894,-22.278],[-66.3915,-22.2725],[-66.3958,-22.269],[-66.4008,-22.2681],[-66.4035,-22.2704],[-66.4081,-22.2715],[-66.4094,-22.2705],[-66.4096,-22.2644],[-66.4106,-22.2608],[-66.4133,-22.2585],[-66.4113,-22.2551],[-66.4132,-22.2473],[-66.4158,-22.2506],[-66.4153,-22.2544],[-66.4175,-22.2565],[-66.4176,-22.2591],[-66.4196,-22.2608],[-66.4207,-22.266],[-66.4265,-22.2708],[-66.4271,-22.2733],[-66.4356,-22.2775],[-66.4377,-22.2813],[-66.4386,-22.2879],[-66.4428,-22.2888],[-66.4435,-22.2932],[-66.4468,-22.2957],[-66.4523,-22.3019],[-66.4535,-22.3089],[-66.4559,-22.3108],[-66.4621,-22.311],[-66.4642,-22.3124],[-66.4646,-22.315],[-66.4671,-22.3182],[-66.4679,-22.321],[-66.4715,-22.3259],[-66.4728,-22.3327],[-66.4719,-22.3366],[-66.474,-22.3407],[-66.4747,-22.3463],[-66.4786,-22.3498],[-66.4816,-22.3555],[-66.4818,-22.3602],[-66.4853,-22.3641],[-66.4863,-22.3688],[-66.4888,-22.371],[-66.4926,-22.3764],[-66.505,-22.3816],[-66.5076,-22.3847],[-66.5185,-22.3893],[-66.5244,-22.3911],[-66.5332,-22.3984],[-66.5351,-22.3986],[-66.5424,-22.4042],[-66.5466,-22.4056],[-66.5489,-22.4083],[-66.5535,-22.4114],[-66.5597,-22.4136],[-66.563,-22.4179],[-66.5653,-22.4194],[-66.5705,-22.4202],[-66.5747,-22.419],[-66.5848,-22.4129],[-66.5895,-22.4121],[-66.5953,-22.4152],[-66.5975,-22.4099],[-66.6024,-22.4078],[-66.6091,-22.4066],[-66.6154,-22.4027],[-66.6258,-22.4],[-66.6397,-22.3925],[-66.6472,-22.3911],[-66.6499,-22.3921],[-66.6546,-22.3897],[-66.6591,-22.3889],[-66.6633,-22.3849],[-66.6667,-22.3853],[-66.6704,-22.3834],[-66.6749,-22.3835],[-66.6778,-22.3797],[-66.681,-22.378],[-66.6865,-22.3777],[-66.6922,-22.3808],[-66.6951,-22.3809],[-66.7012,-22.3793],[-66.7058,-22.3759],[-66.7123,-22.3765],[-66.7153,-22.3759],[-66.7213,-22.3791],[-66.7295,-22.3811],[-66.7356,-22.3797],[-66.7358,-22.3796],[-66.7415,-22.3756],[-66.7481,-22.3748],[-66.7512,-22.3714],[-66.7514,-22.3712],[-66.7542,-22.3681],[-66.758,-22.3654],[-66.7626,-22.3638],[-66.762,-22.3608],[-66.7663,-22.3578],[-66.785,-22.4015],[-66.7859,-22.4194],[-66.7854,-22.4251],[-66.7838,-22.4322],[-66.7831,-22.4378],[-66.8024,-22.447],[-66.8166,-22.4513],[-66.9277,-22.4914],[-66.9302,-22.493],[-66.9736,-22.5404],[-67.0279,-22.5406],[-67.0147,-22.6545],[-67.1284,-22.7219],[-67.1517,-22.762],[-67.1581,-22.7725],[-67.1795,-22.8094],[-67.1806,-22.8137],[-67.1715,-22.8225],[-67.1449,-22.8489],[-67.1013,-22.8919],[-67.0774,-22.9142],[-67.0763,-22.916],[-67.0517,-22.9402],[-66.9912,-22.9993],[-66.922,-22.9993],[-66.912,-22.9993],[-66.8523,-22.9993],[-66.7826,-22.9993],[-66.6831,-22.9993],[-66.5849,-22.9993],[-66.5841,-22.9131],[-66.5892,-22.8673],[-66.5915,-22.8521],[-66.5815,-22.8408],[-66.5765,-22.8381],[-66.5699,-22.8334],[-66.5676,-22.8325],[-66.5619,-22.8321],[-66.5559,-22.8342],[-66.5518,-22.8332],[-66.5502,-22.8316],[-66.5435,-22.8295],[-66.5395,-22.8297],[-66.5361,-22.8329],[-66.5311,-22.8342],[-66.525,-22.8342],[-66.5209,-22.8331],[-66.5152,-22.829],[-66.512,-22.8186],[-66.5099,-22.8134],[-66.5006,-22.8131],[-66.4986,-22.8104],[-66.4962,-22.8108],[-66.4944,-22.8089],[-66.4951,-22.8046],[-66.493,-22.8017],[-66.4896,-22.8002],[-66.486,-22.8008],[-66.4813,-22.7989],[-66.4765,-22.8005],[-66.4682,-22.8017],[-66.4619,-22.802],[-66.4561,-22.8041],[-66.4539,-22.8029],[-66.4571,-22.8002],[-66.4574,-22.7966],[-66.4515,-22.7926],[-66.4477,-22.7913],[-66.4429,-22.7872],[-66.4402,-22.7807],[-66.4403,-22.7752],[-66.4363,-22.7679],[-66.4382,-22.7637],[-66.438,-22.7618],[-66.4401,-22.7544],[-66.4397,-22.7519],[-66.4412,-22.7497],[-66.4403,-22.7465],[-66.4439,-22.7425],[-66.4433,-22.7403],[-66.4398,-22.7361],[-66.4369,-22.7355],[-66.4327,-22.7312],[-66.4316,-22.7286],[-66.3567,-22.7675],[-66.3443,-22.7494],[-66.3314,-22.7128],[-66.3123,-22.695],[-66.2584,-22.6908],[-66.2563,-22.6926],[-66.2527,-22.6932],[-66.2476,-22.6969],[-66.2358,-22.6987],[-66.2323,-22.7],[-66.2303,-22.7021],[-66.2292,-22.7075],[-66.2269,-22.7097],[-66.2232,-22.7103],[-66.218,-22.709],[-66.2166,-22.7077],[-66.2118,-22.7085],[-66.2077,-22.7043],[-66.2041,-22.7035],[-66.2052,-22.7],[-66.2012,-22.6965],[-66.1972,-22.6946],[-66.1955,-22.6925],[-66.1961,-22.6902],[-66.1915,-22.6833],[-66.1904,-22.6795],[-66.188,-22.6762],[-66.1847,-22.675],[-66.1813,-22.6716],[-66.1772,-22.6764],[-66.1764,-22.6794],[-66.1724,-22.6816],[-66.1686,-22.6808],[-66.1656,-22.6825],[-66.1588,-22.681],[-66.1562,-22.6819],[-66.1519,-22.6813],[-66.1488,-22.6797],[-66.1452,-22.6813],[-66.1412,-22.6807],[-66.1364,-22.6822],[-66.1296,-22.6799],[-66.1253,-22.6803],[-66.1217,-22.6789],[-66.1186,-22.6764],[-66.1098,-22.6728],[-66.1073,-22.6732],[-66.1037,-22.6717],[-66.1012,-22.6725],[-66.098,-22.6714],[-66.0895,-22.6714],[-66.0847,-22.6696],[-66.0822,-22.6669],[-66.0776,-22.6677],[-66.0743,-22.6648],[-66.0721,-22.6645],[-66.0681,-22.662],[-66.065,-22.6627],[-66.0627,-22.6609],[-66.0604,-22.6618],[-66.0591,-22.6587],[-66.0567,-22.6569],[-66.0529,-22.6583],[-66.049,-22.6542],[-66.0452,-22.653],[-66.0427,-22.6498],[-66.0394,-22.6478],[-66.038,-22.6446],[-66.0332,-22.6404],[-66.0305,-22.6324],[-66.0249,-22.6263],[-66.0229,-22.6255],[-66.0211,-22.6198],[-66.0129,-22.6134],[-66.0097,-22.6073],[-66.004,-22.605],[-65.9999,-22.599],[-65.9983,-22.5935],[-65.9995,-22.5896],[-65.9508,-22.6057],[-65.9418,-22.6103],[-65.9377,-22.6117],[-65.9352,-22.6153],[-65.9282,-22.6161],[-65.9271,-22.6182],[-65.9213,-22.6207],[-65.9139,-22.6114],[-65.911,-22.6049],[-65.9002,-22.5918],[-65.8963,-22.5861],[-65.894,-22.581],[-65.891,-22.5771],[-65.8876,-22.5669],[-65.8876,-22.564],[-65.8858,-22.5567],[-65.8689,-22.5667],[-65.8386,-22.5376],[-65.8366,-22.5308],[-65.8372,-22.5286],[-65.8365,-22.5188],[-65.8353,-22.5099],[-65.8329,-22.5024],[-65.8295,-22.4887],[-65.8301,-22.4834],[-65.8315,-22.4788],[-65.8306,-22.4673],[-65.8268,-22.4572],[-65.8284,-22.4488],[-65.8293,-22.4468],[-65.8285,-22.4387]]]},"properties":{"id":272,"departamento":"RINCONADA","cabecera":"RINCONADA","provincia":"JUJUY"}},
{"type":"Feature","geometry":{"type":"Polygon","coordinates":[[[-66.5849,-22.9993],[-66.6831,-22.9993],[-66.7826,-22.9993],[-66.8523,-22.9993],[-66.912,-22.9993],[-66.922,-22.9993],[-66.9912,-22.9993],[-66.9905,-23],[-66.9992,-23.0272],[-67.0015,-23.0353],[-67.0166,-23.083],[-67.0301,-23.124],[-67.0476,-23.1788],[-67.0713,-23.2531],[-67.0897,-23.3106],[-67.1122,-23.3808],[-67.1408,-23.4699],[-67.1697,-23.5602],[-67.1821,-23.5986],[-67.213,-23.6949],[-67.126,-23.7717],[-67.0302,-23.8562],[-66.9976,-23.885],[-66.988,-23.8976],[-66.9824,-23.9071],[-66.9775,-23.9224],[-66.9737,-23.931],[-66.9694,-23.9343],[-66.9649,-23.9422],[-66.9573,-23.9488],[-66.9558,-23.9557],[-66.953,-23.9607],[-66.9518,-23.9648],[-66.9489,-23.9676],[-66.9394,-23.9724],[-66.9275,-23.9762],[-66.9206,-23.9719],[-66.9102,-23.9717],[-66.8995,-23.9724],[-66.8902,-23.9717],[-66.8823,-23.9728],[-66.8828,-23.9764],[-66.8854,-23.9803],[-66.8861,-23.9838],[-66.8847,-23.9905],[-66.8778,-23.9998],[-66.874,-24.0019],[-66.8673,-24.009],[-66.8626,-24.0181],[-66.84,-24.0681],[-66.8374,-24.0707],[-66.8244,-24.0799],[-66.8084,-24.0897],[-66.8012,-24.0945],[-66.7974,-24.0964],[-66.7938,-24.0968],[-66.7864,-24.0942],[-66.7845,-24.0916],[-66.7752,-24.0878],[-66.7633,-24.0873],[-66.76,-24.0883],[-66.7522,-24.0871],[-66.7457,-24.0892],[-66.741,-24.0926],[-66.7386,-24.0957],[-66.7338,-24.1042],[-66.7327,-24.1106],[-66.7291,-24.1192],[-66.7224,-24.1256],[-66.7196,-24.1266],[-66.7141,-24.1323],[-66.7074,-24.1328],[-66.6996,-24.1368],[-66.6896,-24.1375],[-66.6829,-24.1397],[-66.6786,-24.1421],[-66.6736,-24.1473],[-66.6717,-24.1509],[-66.666,-24.1575],[-66.6603,-24.1618],[-66.6529,-24.1659],[-66.6463,-24.1725],[-66.6408,-24.1747],[-66.6291,-24.1761],[-66.6256,-24.1775],[-66.6194,-24.1818],[-66.6153,-24.1827],[-66.6039,-24.1832],[-66.5996,-24.1854],[-66.5908,-24.188],[-66.5799,-24.1889],[-66.5723,-24.1887],[-66.5668,-24.1861],[-66.5587,-24.1873],[-66.557,-24.1885],[-66.5571,-24.1918],[-66.5488,-24.1937],[-66.5456,-24.1983],[-66.5468,-24.2041],[-66.5436,-24.2076],[-66.5332,-24.2075],[-66.5184,-24.2015],[-66.5121,-24.1974],[-66.5058,-24.1974],[-66.5001,-24.1987],[-66.4958,-24.2024],[-66.4912,-24.2093],[-66.4869,-24.2124],[-66.4834,-24.213],[-66.4793,-24.2073],[-66.4761,-24.2065],[-66.4723,-24.2039],[-66.469,-24.1984],[-66.4731,-24.1915],[-66.4752,-24.1901],[-66.4788,-24.1846],[-66.4754,-24.1811],[-66.4711,-24.1802],[-66.4642,-24.1762],[-66.4594,-24.172],[-66.4526,-24.1691],[-66.4441,-24.1682],[-66.437,-24.1655],[-66.4264,-24.1657],[-66.4225,-24.1639],[-66.4199,-24.1609],[-66.4199,-24.155],[-66.4215,-24.1493],[-66.4209,-24.1468],[-66.416,-24.1408],[-66.414,-24.1359],[-66.4149,-24.1276],[-66.4179,-24.1231],[-66.4179,-24.1183],[-66.416,-24.1161],[-66.4121,-24.1144],[-66.406,-24.1138],[-66.4029,-24.1156],[-66.398,-24.1217],[-66.3969,-24.1259],[-66.3941,-24.1275],[-66.3855,-24.1245],[-66.3819,-24.122],[-66.3768,-24.1154],[-66.3735,-24.1097],[-66.3735,-24.1053],[-66.3722,-24.0996],[-66.368,-24.0926],[-66.3631,-24.0882],[-66.3632,-24.0847],[-66.3695,-24.0826],[-66.3705,-24.0765],[-66.3691,-24.0653],[-66.368,-24.0614],[-66.369,-24.0573],[-66.369,-24.0494],[-66.3661,-24.0406],[-66.3587,-24.0328],[-66.3505,-24.02],[-66.3536,-24.0066],[-66.3538,-23.9987],[-66.3494,-23.9916],[-66.3463,-23.9881],[-66.3408,-23.9837],[-66.35,-23.9824],[-66.3542,-23.9842],[-66.3629,-23.9835],[-66.3649,-23.981],[-66.3632,-23.9788],[-66.3638,-23.9753],[-66.3668,-23.9736],[-66.3677,-23.9692],[-66.3665,-23.9609],[-66.3669,-23.9572],[-66.3626,-23.9492],[-66.3625,-23.9459],[-66.364,-23.9435],[-66.3667,-23.9321],[-66.3619,-23.926],[-66.3606,-23.9209],[-66.3617,-23.9111],[-66.3616,-23.906],[-66.3592,-23.8984],[-66.3555,-23.8909],[-66.3555,-23.8846],[-66.3565,-23.8813],[-66.3612,-23.8754],[-66.3635,-23.87],[-66.3703,-23.8646],[-66.3738,-23.8584],[-66.377,-23.855],[-66.3793,-23.8503],[-66.3797,-23.8434],[-66.3781,-23.8403],[-66.3789,-23.8295],[-66.3747,-23.8249],[-66.3638,-23.8246],[-66.357,-23.829],[-66.3552,-23.8278],[-66.3554,-23.8236],[-66.3573,-23.822],[-66.3591,-23.8152],[-66.3585,-23.8124],[-66.3589,-23.8033],[-66.3597,-23.7994],[-66.3597,-23.7933],[-66.3625,-23.7832],[-66.3632,-23.7789],[-66.3672,-23.7722],[-66.3725,-23.7619],[-66.3759,-23.7533],[-66.3769,-23.7489],[-66.3725,-23.7413],[-66.3697,-23.7387],[-66.3666,-23.7298],[-66.3708,-23.7225],[-66.3686,-23.7173],[-66.3695,-23.7058],[-66.3682,-23.7007],[-66.3698,-23.6992],[-66.3701,-23.6953],[-66.3644,-23.692],[-66.3609,-23.6874],[-66.3572,-23.6797],[-66.3572,-23.6751],[-66.3478,-23.6693],[-66.3446,-23.6682],[-66.3389,-23.6678],[-66.3359,-23.6659],[-66.3302,-23.6602],[-66.3294,-23.6554],[-66.3309,-23.653],[-66.3321,-23.6406],[-66.3312,-23.6367],[-66.3314,-23.6308],[-66.3335,-23.6278],[-66.3339,-23.6236],[-66.3319,-23.6184],[-66.3258,-23.6134],[-66.3242,-23.6067],[-66.3278,-23.5973],[-66.3259,-23.5912],[-66.3221,-23.586],[-66.3176,-23.5757],[-66.3128,-23.5719],[-66.3046,-23.5701],[-66.2942,-23.5732],[-66.2858,-23.5734],[-66.283,-23.571],[-66.2747,-23.5671],[-66.2659,-23.5635],[-66.2615,-23.5578],[-66.2597,-23.5465],[-66.2573,-23.5398],[-66.2586,-23.5374],[-66.2581,-23.5342],[-66.2519,-23.5263],[-66.2511,-23.5196],[-66.2497,-23.5155],[-66.2494,-23.5117],[-66.2467,-23.5048],[-66.2415,-23.4959],[-66.2393,-23.4932],[-66.2353,-23.491],[-66.2293,-23.4853],[-66.2206,-23.4854],[-66.2176,-23.4825],[-66.2131,-23.4741],[-66.209,-23.4677],[-66.2067,-23.4621],[-66.2047,-23.4614],[-66.1993,-23.4564],[-66.1945,-23.4531],[-66.187,-23.4421],[-66.183,-23.4374],[-66.1823,-23.4352],[-66.1849,-23.4217],[-66.1844,-23.4169],[-66.1898,-23.4106],[-66.1983,-23.3917],[-66.1946,-23.3859],[-66.1881,-23.3785],[-66.1791,-23.3631],[-66.1766,-23.3562],[-66.1686,-23.3421],[-66.1622,-23.3343],[-66.1582,-23.3276],[-66.1554,-23.3185],[-66.1524,-23.3146],[-66.1496,-23.3022],[-66.1466,-23.296],[-66.1414,-23.2875],[-66.1398,-23.2835],[-66.1304,-23.2733],[-66.1261,-23.2659],[-66.1248,-23.2611],[-66.1199,-23.249],[-66.1172,-23.2436],[-66.1141,-23.2397],[-66.1129,-23.2346],[-66.1059,-23.2233],[-66.1068,-23.2174],[-66.108,-23.2154],[-66.1062,-23.2084],[-66.1068,-23.1931],[-66.1061,-23.1732],[-66.1095,-23.1637],[-66.1113,-23.1603],[-66.1153,-23.1557],[-66.1994,-23.0701],[-66.2818,-22.9993],[-66.3747,-22.9993],[-66.504,-22.9993],[-66.5849,-22.9993]]]},"properties":{"id":421,"departamento":"SUSQUES","cabecera":"SUSQUES","provincia":"JUJUY"}}
]}