{"type":"FeatureCollection", "features": [
{"type":"Feature","geometry":{"type":"Polygon","coordinates":[[[-68.6068,-54.5563],[-68.566,-54.5567],[-68.5171,-54.5568],[-68.0739,-54.5578],[-67.4944,-54.5587],[-67.2426,-54.5582],[-66.6914,-54.5554],[-66.6706,-54.5498],[-66.649,-54.5557],[-66.6272,-54.5549],[-66.594,-54.5437],[-66.5481,-54.5389],[-66.5097,-54.5466],[-66.505,-54.5421],[-66.4785,-54.5385],[-66.4616,-54.5335],[-66.4342,-54.5375],[-66.4137,-54.5303],[-66.4055,-54.5368],[-66.3856,-54.5254],[-66.3767,-54.5233],[-66.354,-54.527],[-66.3385,-54.5171],[-66.3112,-54.519],[-66.2977,-54.5118],[-66.3582,-54.5039],[-66.3828,-54.4943],[-66.4227,-54.4818],[-66.4576,-54.4816],[-66.4819,-54.4714],[-66.4893,-54.4622],[-66.4814,-54.4509],[-66.4972,-54.4495],[-66.5394,-54.4293],[-66.5561,-54.4169],[-66.5534,-54.4043],[-66.6085,-54.3788],[-66.6329,-54.3602],[-66.6628,-54.3429],[-66.7013,-54.3045],[-66.7051,-54.2932],[-66.6943,-54.2883],[-66.7342,-54.2786],[-66.7431,-54.2676],[-66.7409,-54.2607],[-66.7533,-54.2541],[-66.8608,-54.2256],[-66.8961,-54.2209],[-66.9276,-54.2037],[-66.9442,-54.1984],[-66.9478,-54.1898],[-66.9641,-54.1794],[-66.9993,-54.1673],[-67.0135,-54.1587],[-67.0256,-54.1569],[-67.0542,-54.1449],[-67.0737,-54.1401],[-67.085,-54.132],[-67.0988,-54.133],[-67.1317,-54.1286],[-67.1732,-54.1084],[-67.2466,-54.0836],[-67.2916,-54.0585],[-67.3261,-54.0447],[-67.3453,-54.0248],[-67.3441,-54.0157],[-67.3673,-54.0045],[-67.3952,-53.9947],[-67.4298,-53.9865],[-67.4521,-53.9855],[-67.466,-53.9768],[-67.4833,-53.9456],[-67.5161,-53.9368],[-67.5457,-53.92],[-67.5689,-53.8956],[-67.5796,-53.8714],[-67.5778,-53.8571],[-67.5667,-53.8469],[-67.5427,-53.8481],[-67.5467,-53.8397],[-67.5966,-53.8271],[-67.642,-53.8075],[-67.6676,-53.7936],[-67.6814,-53.8062],[-67.7107,-53.8073],[-67.7328,-53.8115],[-67.7395,-53.8072],[-67.7137,-53.7976],[-67.6964,-53.8018],[-67.6816,-53.7993],[-67.7085,-53.7661],[-67.7377,-53.7469],[-67.7783,-53.7311],[-67.7961,-53.7178],[-67.8262,-53.705],[-67.8423,-53.689],[-67.8881,-53.6666],[-67.9169,-53.6491],[-67.9537,-53.6211],[-67.971,-53.6009],[-67.996,-53.5793],[-68.0351,-53.5315],[-68.0422,-53.5103],[-68.0562,-53.4806],[-68.0698,-53.4342],[-68.077,-53.3928],[-68.089,-53.379],[-68.1009,-53.3596],[-68.1362,-53.3296],[-68.2071,-53.3056],[-68.3064,-53.3206],[-68.3242,-53.3199],[-68.369,-53.3083],[-68.3894,-53.3119],[-68.4285,-53.2981],[-68.4372,-53.3007],[-68.4598,-53.2954],[-68.4989,-53.2721],[-68.5144,-53.2581],[-68.5246,-53.2436],[-68.5302,-53.2154],[-68.5279,-53.1801],[-68.5237,-53.1729],[-68.4997,-53.1578],[-68.4969,-53.1308],[-68.5002,-53.1182],[-68.493,-53.1016],[-68.4666,-53.0998],[-68.4362,-53.0749],[-68.4258,-53.0586],[-68.4105,-53.0492],[-68.3921,-53.0506],[-68.3946,-53.0388],[-68.3824,-53.0345],[-68.3556,-53.0191],[-68.3123,-53.0087],[-68.3089,-53.0135],[-68.2843,-53.008],[-68.2698,-53.0115],[-68.2703,-53.039],[-68.2591,-53.0565],[-68.2365,-53.0826],[-68.2114,-53.1266],[-68.2155,-53.1512],[-68.2024,-53.143],[-68.208,-53.1287],[-68.2256,-53.0994],[-68.2463,-53.0591],[-68.2517,-53.0356],[-68.2718,-52.9743],[-68.286,-52.9508],[-68.349,-52.8946],[-68.3713,-52.8764],[-68.3922,-52.8634],[-68.3985,-52.8547],[-68.4423,-52.8167],[-68.4709,-52.789],[-68.532,-52.7374],[-68.5699,-52.7013],[-68.5837,-52.6833],[-68.6067,-52.659],[-68.6066,-52.865],[-68.6065,-53.1106],[-68.6064,-53.2709],[-68.6065,-53.4108],[-68.6066,-53.5492],[-68.607,-53.7447],[-68.6072,-53.8897],[-68.6076,-54.0002],[-68.6077,-54.137],[-68.6084,-54.3856],[-68.6097,-54.4367],[-68.6067,-54.5288],[-68.6068,-54.5563]]]},"properties":{"id":287,"departamento":"RIO GRANDE","cabecera":"RIO GRANDE","provincia":"TIERRA DEL FUEGO"}},
{"type":"Feature","geometry":{"type":"MultiPolygon","coordinates":[[[[-68.6068,-54.5563],[-68.5954,-54.8087],[-68.5964,-54.873],[-68.6093,-54.8928],[-68.6029,-54.8953],[-68.5704,-54.8917],[-68.5625,-54.884],[-68.5431,-54.881],[-68.5273,-54.8704],[-68.5721,-54.8563],[-68.5681,-54.8508],[-68.5331,-54.8535],[-68.5111,-54.86],[-68.4919,-54.8494],[-68.4494,-54.8598],[-68.4322,-54.859],[-68.3816,-54.8518],[-68.3758,-54.8451],[-68.3306,-54.8309],[-68.3122,-54.8356],[-68.3245,-54.8418],[-68.3069,-54.85],[-68.2989,-54.8464],[-68.2712,-54.8444],[-68.2664,-54.8365],[-68.3045,-54.8327],[-68.3015,-54.8194],[-68.3157,-54.8114],[-68.2859,-54.8049],[-68.2769,-54.7995],[-68.2516,-54.7951],[-68.2333,-54.7995],[-68.2048,-54.816],[-68.1903,-54.8196],[-68.1435,-54.8223],[-68.0606,-54.8374],[-68.0318,-54.8513],[-68.0034,-54.8506],[-67.9892,-54.8571],[-67.9576,-54.8524],[-67.9492,-54.8557],[-67.8887,-54.8611],[-67.8702,-54.8647],[-67.8489,-54.8604],[-67.8283,-54.8612],[-67.8129,-54.8678],[-67.7741,-54.8753],[-67.7615,-54.8811],[-67.7222,-54.881],[-67.6889,-54.8888],[-67.665,-54.8859],[-67.6278,-54.8852],[-67.5972,-54.8803],[-67.5607,-54.8702],[-67.5336,-54.8683],[-67.5036,-54.8559],[-67.4935,-54.8668],[-67.45,-54.8698],[-67.4411,-54.872],[-67.4414,-54.8828],[-67.416,-54.8832],[-67.4097,-54.8912],[-67.3942,-54.8916],[-67.356,-54.8801],[-67.3416,-54.8719],[-67.3031,-54.8887],[-67.2675,-54.8853],[-67.1819,-54.8955],[-67.1577,-54.8938],[-67.1062,-54.9068],[-67.102,-54.9117],[-67.0317,-54.9242],[-67.001,-54.9259],[-66.98,-54.9294],[-66.9635,-54.9361],[-66.9281,-54.9427],[-66.8719,-54.9441],[-66.8179,-54.9567],[-66.7837,-54.9586],[-66.7631,-54.9636],[-66.7269,-54.9915],[-66.7181,-55.006],[-66.6825,-55.0122],[-66.6599,-55.0206],[-66.6502,-55.029],[-66.6263,-55.0303],[-66.5882,-55.0397],[-66.5586,-55.0497],[-66.5241,-55.058],[-66.5024,-55.0535],[-66.49,-55.0553],[-66.466,-55.0513],[-66.4526,-55.0603],[-66.4216,-55.0499],[-66.3841,-55.0421],[-66.3672,-55.0408],[-66.3587,-55.0291],[-66.3706,-55.0134],[-66.3447,-55.0013],[-66.3112,-54.9952],[-66.2735,-54.9936],[-66.2549,-54.9974],[-66.2259,-54.9971],[-66.1952,-54.9995],[-66.1801,-54.9932],[-66.1071,-54.9969],[-66.0734,-54.9879],[-66.0589,-54.9883],[-66.005,-54.9763],[-65.9924,-54.9674],[-65.9768,-54.9657],[-65.9641,-54.9491],[-65.9537,-54.945],[-65.9653,-54.9374],[-65.9684,-54.9285],[-65.9914,-54.9217],[-65.9964,-54.9148],[-65.9823,-54.9035],[-65.9557,-54.9081],[-65.9383,-54.9059],[-65.9138,-54.9131],[-65.9046,-54.9117],[-65.892,-54.9009],[-65.846,-54.9029],[-65.8274,-54.9146],[-65.8093,-54.915],[-65.793,-54.9051],[-65.7764,-54.9021],[-65.77,-54.9099],[-65.7369,-54.9092],[-65.7292,-54.9281],[-65.713,-54.9326],[-65.7089,-54.9506],[-65.7195,-54.9562],[-65.7201,-54.9669],[-65.7081,-54.9698],[-65.6411,-54.9716],[-65.6254,-54.9525],[-65.6072,-54.9454],[-65.5595,-54.9382],[-65.5243,-54.9398],[-65.4942,-54.9266],[-65.4931,-54.9143],[-65.4981,-54.902],[-65.4745,-54.8895],[-65.4499,-54.8894],[-65.4294,-54.8942],[-65.423,-54.9136],[-65.4241,-54.9221],[-65.4082,-54.9412],[-65.3871,-54.9385],[-65.349,-54.928],[-65.3282,-54.9203],[-65.313,-54.9026],[-65.3171,-54.886],[-65.3126,-54.8736],[-65.2834,-54.866],[-65.2795,-54.8535],[-65.2669,-54.8474],[-65.254,-54.8352],[-65.234,-54.8293],[-65.2263,-54.8178],[-65.2489,-54.8116],[-65.2658,-54.8035],[-65.2643,-54.7953],[-65.249,-54.7942],[-65.2138,-54.7844],[-65.2078,-54.7544],[-65.2182,-54.7441],[-65.205,-54.7388],[-65.1921,-54.7193],[-65.1978,-54.7037],[-65.193,-54.6946],[-65.1743,-54.68],[-65.1483,-54.6734],[-65.1172,-54.6578],[-65.128,-54.6512],[-65.1958,-54.6482],[-65.2366,-54.6425],[-65.2444,-54.6606],[-65.2643,-54.6601],[-65.2642,-54.6493],[-65.248,-54.647],[-65.2397,-54.6193],[-65.2789,-54.6308],[-65.2904,-54.6273],[-65.323,-54.6362],[-65.3905,-54.6435],[-65.3988,-54.64],[-65.4209,-54.6464],[-65.4238,-54.6608],[-65.4388,-54.6622],[-65.4479,-54.6525],[-65.4658,-54.648],[-65.4862,-54.6564],[-65.5178,-54.6578],[-65.5185,-54.6671],[-65.5489,-54.6584],[-65.5578,-54.6516],[-65.6204,-54.6588],[-65.6853,-54.6634],[-65.7092,-54.6609],[-65.7283,-54.6561],[-65.7505,-54.6553],[-65.7567,-54.6495],[-65.7992,-54.6519],[-65.8182,-54.6486],[-65.8459,-54.6385],[-65.8662,-54.6379],[-65.9071,-54.6214],[-65.9061,-54.6163],[-65.9423,-54.6104],[-65.9818,-54.5969],[-66.0289,-54.5885],[-66.0421,-54.5816],[-66.1053,-54.567],[-66.1541,-54.5578],[-66.1709,-54.5509],[-66.2515,-54.5296],[-66.2977,-54.5118],[-66.3112,-54.519],[-66.3385,-54.5171],[-66.354,-54.527],[-66.3767,-54.5233],[-66.3856,-54.5254],[-66.4055,-54.5368],[-66.4137,-54.5303],[-66.4342,-54.5375],[-66.4616,-54.5335],[-66.4785,-54.5385],[-66.505,-54.5421],[-66.5097,-54.5466],[-66.5481,-54.5389],[-66.594,-54.5437],[-66.6272,-54.5549],[-66.649,-54.5557],[-66.6706,-54.5498],[-66.6914,-54.5554],[-67.2426,-54.5582],[-67.4944,-54.5587],[-68.0739,-54.5578],[-68.5171,-54.5568],[-68.566,-54.5567],[-68.6068,-54.5563]]],[[[-64.3169,-54.7241],[-64.33,-54.7221],[-64.3491,-54.7081],[-64.3491,-54.7279],[-64.3589,-54.7357],[-64.3755,-54.74],[-64.3777,-54.7455],[-64.3622,-54.7628],[-64.3583,-54.7721],[-64.3621,-54.793],[-64.3729,-54.7946],[-64.366,-54.7769],[-64.3749,-54.7665],[-64.3932,-54.7685],[-64.3865,-54.7577],[-64.3907,-54.7361],[-64.4211,-54.7417],[-64.4045,-54.752],[-64.4125,-54.7618],[-64.4419,-54.7497],[-64.4727,-54.7515],[-64.4915,-54.7463],[-64.5251,-54.7272],[-64.5398,-54.7129],[-64.5532,-54.7214],[-64.5465,-54.7348],[-64.5468,-54.7562],[-64.5284,-54.7575],[-64.5216,-54.775],[-64.5252,-54.7842],[-64.557,-54.7817],[-64.5722,-54.7966],[-64.5859,-54.8037],[-64.596,-54.8032],[-64.6162,-54.7894],[-64.6415,-54.7818],[-64.6448,-54.7656],[-64.6838,-54.7679],[-64.6773,-54.7786],[-64.6866,-54.7888],[-64.7029,-54.7873],[-64.7086,-54.7772],[-64.7348,-54.7916],[-64.7337,-54.797],[-64.7442,-54.8144],[-64.7561,-54.8196],[-64.745,-54.8268],[-64.7513,-54.8417],[-64.7376,-54.8422],[-64.6881,-54.828],[-64.6733,-54.8334],[-64.6859,-54.8395],[-64.6775,-54.8583],[-64.6642,-54.8595],[-64.6515,-54.8702],[-64.664,-54.8814],[-64.707,-54.8888],[-64.7042,-54.8965],[-64.6777,-54.8948],[-64.6583,-54.8977],[-64.6285,-54.8883],[-64.6137,-54.8936],[-64.5966,-54.8902],[-64.5736,-54.8724],[-64.5435,-54.872],[-64.5306,-54.8621],[-64.5305,-54.8503],[-64.5235,-54.8418],[-64.4884,-54.8247],[-64.4779,-54.8243],[-64.4702,-54.8126],[-64.4608,-54.8146],[-64.4502,-54.829],[-64.476,-54.8293],[-64.4829,-54.8395],[-64.4942,-54.8448],[-64.4903,-54.8549],[-64.4799,-54.8595],[-64.47,-54.8535],[-64.4231,-54.851],[-64.404,-54.8381],[-64.4089,-54.8289],[-64.3897,-54.8176],[-64.3573,-54.8207],[-64.3395,-54.8159],[-64.3031,-54.7927],[-64.3073,-54.7817],[-64.292,-54.7783],[-64.2726,-54.7793],[-64.2625,-54.7898],[-64.2404,-54.7724],[-64.2296,-54.773],[-64.2308,-54.7857],[-64.2266,-54.807],[-64.2346,-54.8146],[-64.2365,-54.8262],[-64.2217,-54.839],[-64.212,-54.8401],[-64.2011,-54.8259],[-64.178,-54.8243],[-64.1683,-54.8097],[-64.1475,-54.8151],[-64.1309,-54.8104],[-64.1217,-54.803],[-64.1072,-54.8174],[-64.0948,-54.8022],[-64.0728,-54.7945],[-64.0734,-54.7765],[-64.0594,-54.7758],[-64.0466,-54.7879],[-64.0324,-54.7873],[-64.0163,-54.7747],[-63.9965,-54.775],[-63.9823,-54.7628],[-63.9669,-54.7579],[-63.9564,-54.7824],[-63.9597,-54.8005],[-63.9167,-54.7857],[-63.9187,-54.7806],[-63.8868,-54.7744],[-63.8883,-54.7812],[-63.8554,-54.778],[-63.851,-54.7666],[-63.8349,-54.7573],[-63.8313,-54.7501],[-63.8106,-54.7419],[-63.8161,-54.7296],[-63.8111,-54.7205],[-63.8243,-54.709],[-63.8461,-54.7186],[-63.8629,-54.7225],[-63.8809,-54.7179],[-63.8819,-54.7086],[-63.8923,-54.7071],[-63.934,-54.7129],[-63.97,-54.7256],[-63.9845,-54.7244],[-63.9979,-54.732],[-64.0165,-54.733],[-64.0347,-54.7406],[-64.0392,-54.7287],[-64.053,-54.7291],[-64.0519,-54.7172],[-64.078,-54.718],[-64.0805,-54.7368],[-64.1076,-54.7448],[-64.1048,-54.7359],[-64.1098,-54.7258],[-64.1338,-54.7155],[-64.1544,-54.7273],[-64.1441,-54.7323],[-64.1347,-54.7524],[-64.1469,-54.7544],[-64.1834,-54.7285],[-64.2006,-54.7275],[-64.2229,-54.7218],[-64.2236,-54.7306],[-64.2459,-54.7347],[-64.2825,-54.7181],[-64.2948,-54.7232],[-64.3169,-54.7241]]]]},"properties":{"id":444,"departamento":"USHUAIA","cabecera":"USHUAIA","provincia":"TIERRA DEL FUEGO"}},
{"type":"Feature","geometry":{"type":"MultiPolygon","coordinates":[[[[-25.0231,-75.8769],[-25.2942,-75.8987],[-25.799,-75.9069],[-26.0921,-75.9516],[-26.5378,-76.0197],[-26.7239,-76.0844],[-26.7376,-76.1021],[-27.3606,-76.1584],[-28.3364,-76.2009],[-29.1425,-76.3281],[-29.3814,-76.4049],[-29.7845,-76.4328],[-30.6899,-76.5532],[-30.9252,-76.5845],[-30.9777,-76.6788],[-31.2289,-76.7416],[-31.4226,-76.7416],[-32.0925,-76.8149],[-32.6268,-76.8733],[-33.0637,-76.9211],[-33.516,-76.8881],[-33.7829,-76.9352],[-34.2539,-77.1027],[-34.393,-77.1521],[-34.5938,-77.2494],[-34.7616,-77.2583],[-34.8617,-77.323],[-34.9279,-77.4854],[-34.9206,-77.5615],[-34.9232,-77.6297],[-35.2137,-77.8121],[-36.031,-78.1311],[-36.4297,-78.5298],[-36.4297,-78.749],[-36.2405,-78.749],[-35.6721,-78.9085],[-33.8693,-79.1596],[-33.1406,-79.261],[-32.221,-79.2156],[-31.3439,-79.1723],[-30.9353,-79.1521],[-30.696,-79.0362],[-30.1713,-79.0979],[-30.4391,-79.2681],[-30.0972,-79.2395],[-30.0008,-79.3838],[-30.3484,-79.5072],[-30.4862,-79.5561],[-30.314,-79.5561],[-30.0457,-79.6641],[-30.1553,-79.9364],[-30.326,-79.9893],[-30.2433,-80.2558],[-31.256,-80.1991],[-31.883,-80.164],[-33.595,-80.5181],[-35.4023,-80.6244],[-36.3946,-81.0851],[-38.2729,-80.9788],[-39.704,-80.8978],[-41.9231,-81.4395],[-43.2658,-81.7673],[-43.5179,-82.29],[-44.014,-82.4672],[-44.0849,-82.29],[-45.1126,-82.4318],[-45.5379,-82.4318],[-46.0695,-82.5026],[-46.4947,-82.5026],[-46.2467,-82.1128],[-46.353,-81.8647],[-47.2035,-81.9356],[-47.7705,-82.0774],[-48.9755,-81.8647],[-51.7751,-82.0065],[-54.2559,-82.2546],[-55.2836,-82.3963],[-56.4885,-82.4672],[-58.0124,-83.1406],[-59.9615,-83.6721],[-61.3791,-83.4241],[-61.5208,-83.3177],[-61.2373,-83.1051],[-61.2728,-82.7507],[-61.8752,-82.9988],[-62.5486,-82.8925],[-62.3005,-82.5026],[-61.4854,-82.3255],[-60.8121,-82.2546],[-60.5994,-82.0774],[-62.0524,-82.0774],[-63.9307,-82.2191],[-65.2774,-82.29],[-65.7735,-82.0065],[-65.1356,-81.7584],[-64.604,-81.6876],[-64.0016,-81.723],[-63.8244,-81.5812],[-64.4623,-81.3686],[-66.2697,-81.3686],[-68.0416,-81.156],[-68.5732,-80.9079],[-69.1048,-81.0497],[-70.416,-80.837],[-71.3374,-80.8016],[-72.0462,-80.9079],[-72.9676,-81.0497],[-73.8536,-81.0497],[-74.0108,-81.0134],[-74.0299,-85.0129],[-74.0299,-90],[-25.0231,-90],[-25.0231,-85.0089],[-25.0231,-79.9986],[-25.0231,-75.8769]]],[[[-57.1894,-63.2275],[-57.2797,-63.2196],[-57.2906,-63.2139],[-57.3111,-63.2146],[-57.3388,-63.2221],[-57.4391,-63.2327],[-57.4835,-63.2564],[-57.5649,-63.2709],[-57.6142,-63.268],[-57.6521,-63.2794],[-57.7087,-63.2814],[-57.7841,-63.3103],[-57.8531,-63.3124],[-57.8776,-63.3096],[-57.892,-63.3342],[-57.9057,-63.341],[-57.9262,-63.3595],[-57.9439,-63.3601],[-57.9453,-63.3806],[-58.0086,-63.3943],[-58.0231,-63.4103],[-58.0459,-63.4178],[-58.085,-63.4158],[-58.1158,-63.4198],[-58.14,-63.448],[-58.1468,-63.465],[-58.1753,-63.4666],[-58.2148,-63.4573],[-58.2488,-63.4528],[-58.3212,-63.4572],[-58.438,-63.4583],[-58.5121,-63.4832],[-58.5766,-63.4934],[-58.6415,-63.4952],[-58.7578,-63.5106],[-58.83,-63.5281],[-58.9434,-63.548],[-58.9467,-63.5625],[-58.9421,-63.5994],[-58.9317,-63.6601],[-58.9555,-63.6931],[-59.0083,-63.7213],[-59.0477,-63.7244],[-59.0846,-63.7372],[-59.1036,-63.7331],[-59.119,-63.7151],[-59.1369,-63.7119],[-59.1714,-63.6951],[-59.2138,-63.6771],[-59.302,-63.6935],[-59.3163,-63.7044],[-59.3532,-63.7095],[-59.3835,-63.7249],[-59.3619,-63.731],[-59.3389,-63.7592],[-59.3399,-63.7782],[-59.3589,-63.7951],[-59.3886,-63.814],[-59.4075,-63.8197],[-59.4291,-63.8412],[-59.4215,-63.8559],[-59.3883,-63.8637],[-59.3863,-63.8703],[-59.4105,-63.8775],[-59.416,-63.8884],[-59.4094,-63.8988],[-59.4235,-63.9083],[-59.4653,-63.9138],[-59.5002,-63.9153],[-59.5206,-63.9063],[-59.5426,-63.9204],[-59.559,-63.9104],[-59.5818,-63.9055],[-59.5988,-63.9078],[-59.6129,-63.8997],[-59.6126,-63.8695],[-59.6502,-63.8661],[-59.6697,-63.8758],[-59.6928,-63.8743],[-59.7027,-63.8613],[-59.7525,-63.8604],[-59.7747,-63.8639],[-59.7953,-63.8518],[-59.7925,-63.8375],[-59.7722,-63.8256],[-59.7655,-63.8127],[-59.7726,-63.7895],[-59.789,-63.7858],[-59.7815,-63.775],[-59.8357,-63.7742],[-59.8448,-63.782],[-59.8327,-63.7947],[-59.837,-63.801],[-59.8589,-63.8057],[-59.8617,-63.8153],[-59.8496,-63.8254],[-59.8338,-63.8302],[-59.8271,-63.8507],[-59.8449,-63.8668],[-59.8743,-63.854],[-59.9039,-63.8499],[-59.9268,-63.854],[-59.9492,-63.8517],[-59.9296,-63.8708],[-59.9356,-63.884],[-59.9273,-63.8978],[-59.9703,-63.9136],[-59.9925,-63.9156],[-59.9875,-63.9294],[-59.9492,-63.9294],[-59.9391,-63.9354],[-59.9576,-63.9537],[-60.0239,-63.9485],[-60.0514,-63.9393],[-60.077,-63.9373],[-60.0867,-63.9271],[-60.1047,-63.9244],[-60.2093,-63.9209],[-60.2267,-63.9101],[-60.2508,-63.9258],[-60.2627,-63.9263],[-60.2753,-63.9146],[-60.3067,-63.913],[-60.3342,-63.9309],[-60.377,-63.9354],[-60.4041,-63.9504],[-60.4088,-63.9574],[-60.4379,-63.9527],[-60.4522,-63.962],[-60.4836,-63.9737],[-60.4957,-63.9728],[-60.5589,-63.9904],[-60.5637,-63.9966],[-60.5903,-64.0067],[-60.6103,-64.0056],[-60.6312,-64.0131],[-60.6456,-64.0094],[-60.6805,-64.01],[-60.7035,-64.0159],[-60.7271,-64.0151],[-60.7264,-64.0358],[-60.7199,-64.048],[-60.7391,-64.0576],[-60.7237,-64.0662],[-60.7247,-64.0725],[-60.7607,-64.0888],[-60.7711,-64.0829],[-60.7587,-64.0708],[-60.7706,-64.0652],[-60.7913,-64.0725],[-60.8385,-64.0738],[-60.8384,-64.0672],[-60.8733,-64.0575],[-60.8781,-64.046],[-60.8947,-64.0455],[-60.9341,-64.0547],[-60.936,-64.0642],[-60.9612,-64.0576],[-60.9559,-64.0487],[-60.9854,-64.0475],[-60.9876,-64.0616],[-61.022,-64.0628],[-61.0336,-64.0684],[-61.0198,-64.0762],[-61.0242,-64.0819],[-60.9945,-64.0884],[-60.9578,-64.0891],[-60.9303,-64.1033],[-60.9209,-64.1122],[-60.891,-64.1253],[-60.8985,-64.1331],[-60.8918,-64.14],[-60.8592,-64.1419],[-60.8366,-64.1486],[-60.8435,-64.1661],[-60.8671,-64.1701],[-60.9138,-64.166],[-60.9701,-64.148],[-60.9651,-64.1656],[-60.9408,-64.1747],[-60.9584,-64.1866],[-60.9502,-64.1953],[-60.9255,-64.1933],[-60.9061,-64.2026],[-60.9137,-64.2107],[-60.9642,-64.2119],[-60.9983,-64.2159],[-60.9998,-64.2237],[-60.9865,-64.2293],[-60.9907,-64.2389],[-60.9371,-64.2489],[-60.9235,-64.258],[-60.9386,-64.2676],[-60.9306,-64.2854],[-60.9419,-64.2929],[-60.9769,-64.3023],[-61.022,-64.299],[-61.0995,-64.3022],[-61.1124,-64.3103],[-61.1124,-64.3344],[-61.1186,-64.3463],[-61.1324,-64.3494],[-61.1196,-64.3803],[-61.0954,-64.3775],[-61.0944,-64.3928],[-61.1176,-64.3966],[-61.2022,-64.3938],[-61.2186,-64.4007],[-61.2362,-64.4014],[-61.2658,-64.3912],[-61.2966,-64.4041],[-61.2933,-64.4306],[-61.3132,-64.4349],[-61.348,-64.4288],[-61.338,-64.4191],[-61.3507,-64.4088],[-61.3934,-64.4046],[-61.4064,-64.4143],[-61.4219,-64.404],[-61.4211,-64.3932],[-61.3631,-64.38],[-61.3631,-64.3612],[-61.3924,-64.3711],[-61.3997,-64.3769],[-61.4457,-64.36],[-61.4602,-64.3637],[-61.4567,-64.3853],[-61.4702,-64.3863],[-61.4816,-64.3953],[-61.4576,-64.4036],[-61.4625,-64.4169],[-61.5086,-64.4186],[-61.5086,-64.4138],[-61.5436,-64.4062],[-61.5613,-64.4099],[-61.5574,-64.4198],[-61.5676,-64.4378],[-61.5846,-64.43],[-61.6034,-64.4311],[-61.5903,-64.4422],[-61.5702,-64.449],[-61.5657,-64.4569],[-61.5811,-64.4644],[-61.555,-64.4772],[-61.5498,-64.4879],[-61.5225,-64.4902],[-61.4985,-64.4866],[-61.4766,-64.4709],[-61.4521,-64.4741],[-61.4557,-64.4799],[-61.4405,-64.4908],[-61.4444,-64.5025],[-61.4672,-64.5059],[-61.4544,-64.526],[-61.4797,-64.5369],[-61.5144,-64.5299],[-61.5334,-64.5331],[-61.5553,-64.5301],[-61.5582,-64.5241],[-61.5924,-64.5333],[-61.6107,-64.5313],[-61.6205,-64.5378],[-61.6075,-64.5518],[-61.6153,-64.5589],[-61.6106,-64.5695],[-61.5608,-64.5792],[-61.5507,-64.593],[-61.5269,-64.6066],[-61.4975,-64.6035],[-61.494,-64.6115],[-61.5302,-64.62],[-61.5451,-64.6296],[-61.5413,-64.6432],[-61.5664,-64.6518],[-61.5985,-64.6683],[-61.633,-64.6665],[-61.6614,-64.6526],[-61.6599,-64.6405],[-61.6496,-64.6319],[-61.6727,-64.6267],[-61.6891,-64.6319],[-61.6957,-64.6425],[-61.716,-64.6408],[-61.7286,-64.6236],[-61.7208,-64.6126],[-61.7029,-64.609],[-61.711,-64.5917],[-61.6961,-64.5856],[-61.7143,-64.5783],[-61.7443,-64.5456],[-61.7576,-64.5425],[-61.7737,-64.5302],[-61.7773,-64.4954],[-61.8086,-64.4937],[-61.8067,-64.5141],[-61.8391,-64.5082],[-61.8481,-64.5171],[-61.8135,-64.5325],[-61.809,-64.5447],[-61.8288,-64.5669],[-61.8151,-64.5778],[-61.7995,-64.5814],[-61.8308,-64.5948],[-61.8687,-64.5945],[-61.8796,-64.5887],[-61.8785,-64.5776],[-61.9185,-64.5716],[-61.9514,-64.5956],[-61.9517,-64.6048],[-61.9637,-64.6117],[-61.9425,-64.6204],[-61.9271,-64.6319],[-61.9284,-64.6445],[-61.9605,-64.6548],[-61.9454,-64.6668],[-61.9596,-64.6758],[-61.9812,-64.6986],[-62.0155,-64.702],[-62.0416,-64.7093],[-62.0421,-64.7235],[-62.0716,-64.7225],[-62.0894,-64.7117],[-62.0791,-64.7039],[-62.0931,-64.695],[-62.1185,-64.7012],[-62.1291,-64.6872],[-62.1477,-64.6855],[-62.1633,-64.6993],[-62.1528,-64.7054],[-62.1645,-64.7114],[-62.1507,-64.7285],[-62.2025,-64.7331],[-62.2252,-64.7496],[-62.2136,-64.7614],[-62.1913,-64.7662],[-62.2033,-64.7723],[-62.2374,-64.7725],[-62.2602,-64.7644],[-62.2867,-64.7704],[-62.2985,-64.7628],[-62.3344,-64.7539],[-62.3294,-64.7448],[-62.302,-64.7375],[-62.3054,-64.7177],[-62.2881,-64.7088],[-62.3184,-64.7081],[-62.3571,-64.7253],[-62.3819,-64.7197],[-62.3706,-64.7053],[-62.3336,-64.693],[-62.3567,-64.6813],[-62.3377,-64.6746],[-62.3195,-64.6848],[-62.2985,-64.663],[-62.3243,-64.6502],[-62.3416,-64.6486],[-62.3574,-64.6404],[-62.3756,-64.6566],[-62.3715,-64.6674],[-62.3992,-64.6698],[-62.3985,-64.6613],[-62.4105,-64.6533],[-62.4099,-64.6391],[-62.4309,-64.6281],[-62.4592,-64.6235],[-62.4537,-64.6156],[-62.4164,-64.6076],[-62.4177,-64.6003],[-62.4632,-64.5919],[-62.4911,-64.6],[-62.508,-64.6014],[-62.525,-64.6142],[-62.4815,-64.6187],[-62.4686,-64.629],[-62.4815,-64.6321],[-62.5219,-64.6256],[-62.526,-64.6335],[-62.514,-64.6387],[-62.5317,-64.6465],[-62.5506,-64.6353],[-62.569,-64.6409],[-62.5616,-64.6468],[-62.5796,-64.6724],[-62.5615,-64.6867],[-62.5588,-64.7068],[-62.529,-64.7174],[-62.5376,-64.7302],[-62.5323,-64.7427],[-62.5513,-64.7583],[-62.5912,-64.7623],[-62.6157,-64.7623],[-62.649,-64.7579],[-62.6943,-64.7651],[-62.7018,-64.772],[-62.6834,-64.781],[-62.6564,-64.784],[-62.6352,-64.7934],[-62.5935,-64.8212],[-62.5601,-64.8317],[-62.5255,-64.8389],[-62.5216,-64.8479],[-62.4841,-64.8508],[-62.4514,-64.8637],[-62.4309,-64.8644],[-62.4052,-64.8532],[-62.3736,-64.8564],[-62.3738,-64.8645],[-62.3967,-64.8776],[-62.4188,-64.8792],[-62.4487,-64.8863],[-62.4723,-64.8852],[-62.4973,-64.8947],[-62.5176,-64.8834],[-62.534,-64.8804],[-62.5662,-64.889],[-62.5704,-64.9143],[-62.611,-64.9074],[-62.6173,-64.8956],[-62.6613,-64.8675],[-62.6647,-64.8544],[-62.6963,-64.8461],[-62.7211,-64.8285],[-62.7309,-64.8294],[-62.7591,-64.8156],[-62.8168,-64.8046],[-62.828,-64.8168],[-62.8463,-64.8246],[-62.8527,-64.8338],[-62.8402,-64.8388],[-62.8241,-64.8586],[-62.7863,-64.8599],[-62.7866,-64.8657],[-62.8115,-64.8746],[-62.8393,-64.8722],[-62.8462,-64.8785],[-62.8433,-64.8913],[-62.8645,-64.9002],[-62.8396,-64.9078],[-62.8469,-64.9207],[-62.8796,-64.9169],[-62.8974,-64.9332],[-62.923,-64.9332],[-62.9269,-64.9201],[-62.9471,-64.9154],[-62.9864,-64.9181],[-62.9909,-64.9274],[-63.0161,-64.9246],[-63.0236,-64.9116],[-63.0365,-64.9121],[-63.064,-64.9038],[-63.0827,-64.9106],[-63.092,-64.923],[-63.0611,-64.9307],[-63.0827,-64.9347],[-63.0971,-64.943],[-63.1189,-64.9396],[-63.1706,-64.9468],[-63.2083,-64.9571],[-63.2147,-64.9516],[-63.2574,-64.9531],[-63.2534,-64.9615],[-63.2314,-64.971],[-63.2056,-64.9736],[-63.2127,-64.9878],[-63.1896,-64.994],[-63.1755,-65.0098],[-63.1546,-65.0147],[-63.1416,-65.025],[-63.116,-65.0362],[-63.0958,-65.0378],[-63.0589,-65.0335],[-63.0151,-65.0231],[-62.9945,-65.0216],[-62.9894,-65.0328],[-62.996,-65.0395],[-63.0291,-65.0459],[-63.0397,-65.0531],[-63.02,-65.0675],[-63.0307,-65.0732],[-63.0225,-65.0853],[-63.0074,-65.0867],[-62.9956,-65.1002],[-63.0142,-65.1105],[-62.979,-65.1083],[-62.9809,-65.1224],[-63.0274,-65.1344],[-63.0553,-65.128],[-63.0665,-65.1308],[-63.0748,-65.1577],[-63.089,-65.1699],[-63.1086,-65.1695],[-63.123,-65.1619],[-63.1132,-65.1442],[-63.1367,-65.138],[-63.1728,-65.1436],[-63.1851,-65.1532],[-63.2043,-65.185],[-63.2167,-65.1962],[-63.2524,-65.1971],[-63.2678,-65.1818],[-63.2732,-65.1613],[-63.2512,-65.1548],[-63.2167,-65.1304],[-63.2365,-65.1252],[-63.2595,-65.1135],[-63.2276,-65.0905],[-63.2546,-65.0855],[-63.2753,-65.0876],[-63.3096,-65.0829],[-63.344,-65.0864],[-63.3434,-65.0988],[-63.3511,-65.1099],[-63.3701,-65.1154],[-63.4136,-65.1131],[-63.4276,-65.1018],[-63.4544,-65.0971],[-63.4868,-65.088],[-63.5027,-65.0992],[-63.536,-65.0854],[-63.5567,-65.0811],[-63.5573,-65.0943],[-63.5844,-65.0909],[-63.5935,-65.0766],[-63.611,-65.0864],[-63.649,-65.0878],[-63.666,-65.0789],[-63.6528,-65.0709],[-63.6854,-65.0693],[-63.6943,-65.056],[-63.6875,-65.0316],[-63.7273,-65.0473],[-63.7602,-65.0498],[-63.7933,-65.0744],[-63.8034,-65.071],[-63.8081,-65.0553],[-63.7819,-65.0366],[-63.807,-65.0285],[-63.8222,-65.028],[-63.8325,-65.0386],[-63.8677,-65.0468],[-63.8786,-65.0546],[-63.9056,-65.0616],[-63.9294,-65.0745],[-63.8946,-65.0806],[-63.8831,-65.087],[-63.9019,-65.0975],[-63.9566,-65.091],[-63.978,-65.1088],[-63.9969,-65.1162],[-63.9614,-65.1228],[-63.9419,-65.138],[-63.9447,-65.1454],[-63.9644,-65.1528],[-63.9918,-65.1396],[-64.025,-65.1387],[-64.0732,-65.1539],[-64.0913,-65.1742],[-64.0789,-65.1872],[-64.0747,-65.2021],[-64.0632,-65.2102],[-64.0661,-65.2347],[-64.0838,-65.2485],[-64.0519,-65.2689],[-64.027,-65.2744],[-64.0442,-65.2872],[-64.0603,-65.2867],[-64.1179,-65.2678],[-64.1297,-65.2757],[-64.1046,-65.2927],[-64.0987,-65.3036],[-64.0356,-65.3206],[-64.0168,-65.3313],[-64.0043,-65.3529],[-63.9859,-65.3625],[-63.9807,-65.38],[-64.0501,-65.3929],[-64.0566,-65.402],[-64.0491,-65.4082],[-64.0824,-65.4096],[-64.0858,-65.4199],[-64.0511,-65.4309],[-64.0393,-65.4292],[-64.0135,-65.4353],[-64.0125,-65.4449],[-63.9891,-65.4452],[-63.9704,-65.4502],[-63.9596,-65.4628],[-63.8973,-65.4733],[-63.8862,-65.4645],[-63.8666,-65.4647],[-63.829,-65.4597],[-63.8144,-65.4632],[-63.8244,-65.4792],[-63.8025,-65.4796],[-63.771,-65.4683],[-63.7436,-65.4711],[-63.7584,-65.4964],[-63.7336,-65.5007],[-63.6904,-65.5025],[-63.6854,-65.5262],[-63.7214,-65.5246],[-63.776,-65.5265],[-63.8216,-65.5327],[-63.8357,-65.5404],[-63.8102,-65.5509],[-63.8093,-65.5642],[-63.7939,-65.5726],[-63.7731,-65.5753],[-63.7436,-65.5707],[-63.7265,-65.5821],[-63.7352,-65.5872],[-63.7741,-65.5943],[-63.7829,-65.604],[-63.8096,-65.6039],[-63.8416,-65.6125],[-63.8546,-65.6036],[-63.9012,-65.6079],[-63.9049,-65.5955],[-63.929,-65.5898],[-63.9353,-65.5801],[-63.9654,-65.5783],[-63.9801,-65.5721],[-63.976,-65.5454],[-63.9862,-65.5299],[-63.976,-65.5219],[-64.002,-65.5188],[-64.03,-65.5255],[-64.0719,-65.5282],[-64.0768,-65.5199],[-64.1147,-65.5149],[-64.1373,-65.5224],[-64.1825,-65.5216],[-64.1916,-65.5278],[-64.1801,-65.5368],[-64.2003,-65.5427],[-64.2242,-65.5428],[-64.2278,-65.5546],[-64.1928,-65.5528],[-64.1489,-65.5712],[-64.1381,-65.5846],[-64.1106,-65.6051],[-64.0935,-65.6064],[-64.081,-65.6263],[-64.0894,-65.6302],[-64.1158,-65.6274],[-64.134,-65.6337],[-64.0574,-65.6756],[-64.0382,-65.6806],[-64.0317,-65.6921],[-64.0637,-65.6986],[-64.0829,-65.6966],[-64.129,-65.6977],[-64.1227,-65.6854],[-64.1433,-65.6791],[-64.1684,-65.6813],[-64.1787,-65.6921],[-64.1995,-65.6934],[-64.22,-65.6769],[-64.2166,-65.6534],[-64.2375,-65.6493],[-64.2592,-65.6402],[-64.3026,-65.6337],[-64.3271,-65.6397],[-64.3675,-65.6352],[-64.3844,-65.6378],[-64.4449,-65.6369],[-64.47,-65.6281],[-64.4804,-65.6376],[-64.4763,-65.6458],[-64.4564,-65.6497],[-64.4445,-65.6696],[-64.4036,-65.6823],[-64.3924,-65.6949],[-64.3632,-65.7012],[-64.3316,-65.7182],[-64.3467,-65.7312],[-64.3846,-65.7412],[-64.3509,-65.7764],[-64.356,-65.784],[-64.3478,-65.8008],[-64.3984,-65.8095],[-64.4151,-65.8049],[-64.4293,-65.7937],[-64.4616,-65.7965],[-64.481,-65.7803],[-64.5522,-65.7727],[-64.633,-65.734],[-64.6624,-65.7366],[-64.6711,-65.7466],[-64.6784,-65.7742],[-64.6484,-65.7874],[-64.6508,-65.7991],[-64.6624,-65.8058],[-64.6665,-65.8201],[-64.6929,-65.8251],[-64.6998,-65.8344],[-64.6825,-65.8514],[-64.6516,-65.8737],[-64.6049,-65.8886],[-64.5593,-65.8817],[-64.5472,-65.8839],[-64.5433,-65.902],[-64.5243,-65.9174],[-64.4916,-65.931],[-64.4737,-65.9531],[-64.435,-65.9585],[-64.4523,-65.9788],[-64.4856,-65.9794],[-64.4856,-66.0024],[-64.5193,-66.0069],[-64.5398,-66.0037],[-64.5617,-66.0058],[-64.5634,-66.0361],[-64.5794,-66.04],[-64.6019,-66.0374],[-64.6294,-66.0419],[-64.6742,-66.0445],[-64.7004,-66.0435],[-64.7054,-66.0371],[-64.7056,-66.0158],[-64.7409,-66.0131],[-64.7625,-66.0055],[-64.7569,-65.9933],[-64.7883,-65.9876],[-64.8155,-65.9728],[-64.8208,-65.9571],[-64.8101,-65.9499],[-64.8238,-65.9401],[-64.8484,-65.9346],[-64.9302,-65.9256],[-64.9544,-65.9292],[-64.976,-65.9409],[-65.0166,-65.9413],[-65.0098,-65.9519],[-65.0237,-65.9545],[-65.0354,-65.9671],[-65.0676,-65.9707],[-65.0591,-65.9814],[-65.0807,-65.9927],[-65.1082,-65.9884],[-65.1222,-65.9777],[-65.1262,-65.9646],[-65.1446,-65.9575],[-65.1666,-65.9555],[-65.2475,-65.9687],[-65.2616,-65.9657],[-65.2973,-65.9668],[-65.319,-65.9734],[-65.3103,-65.9918],[-65.3265,-66.0096],[-65.3361,-66.0124],[-65.3322,-66.0412],[-65.3352,-66.0482],[-65.2949,-66.0556],[-65.2641,-66.0582],[-65.2321,-66.0726],[-65.2284,-66.0916],[-65.1741,-66.1092],[-65.1518,-66.1099],[-65.1324,-66.1168],[-65.1178,-66.1328],[-65.098,-66.1413],[-65.0925,-66.1533],[-65.1265,-66.1659],[-65.1411,-66.1866],[-65.1529,-66.1868],[-65.1863,-66.1775],[-65.2068,-66.167],[-65.255,-66.1631],[-65.289,-66.152],[-65.3431,-66.1517],[-65.3716,-66.1421],[-65.3803,-66.1472],[-65.3771,-66.1578],[-65.4039,-66.1561],[-65.4233,-66.1683],[-65.4512,-66.1764],[-65.5042,-66.167],[-65.5014,-66.1539],[-65.4759,-66.1306],[-65.5049,-66.1177],[-65.5304,-66.1254],[-65.5483,-66.1236],[-65.5729,-66.1151],[-65.5729,-66.1027],[-65.6169,-66.0985],[-65.6152,-66.1103],[-65.6318,-66.1144],[-65.6115,-66.1227],[-65.6191,-66.1332],[-65.6466,-66.1297],[-65.6496,-66.1415],[-65.6623,-66.1482],[-65.6946,-66.1428],[-65.6813,-66.1727],[-65.6699,-66.1687],[-65.6444,-66.1746],[-65.649,-66.1831],[-65.6257,-66.1912],[-65.6307,-66.2054],[-65.6581,-66.2074],[-65.6773,-66.2308],[-65.6756,-66.2404],[-65.7023,-66.2631],[-65.7407,-66.2791],[-65.7836,-66.2705],[-65.8275,-66.2804],[-65.8442,-66.2924],[-65.8718,-66.2941],[-65.8863,-66.3003],[-65.8617,-66.3051],[-65.8584,-66.3126],[-65.8667,-66.3247],[-65.8132,-66.3238],[-65.7806,-66.3298],[-65.7456,-66.3281],[-65.7194,-66.3221],[-65.6876,-66.3227],[-65.6596,-66.3312],[-65.6464,-66.3448],[-65.656,-66.3534],[-65.6417,-66.3693],[-65.6437,-66.3787],[-65.6093,-66.3763],[-65.5921,-66.3814],[-65.5504,-66.4005],[-65.548,-66.4056],[-65.601,-66.4198],[-65.6299,-66.424],[-65.6658,-66.4253],[-65.6815,-66.4295],[-65.6647,-66.4407],[-65.6331,-66.4491],[-65.633,-66.4572],[-65.6624,-66.477],[-65.6936,-66.484],[-65.7049,-66.4902],[-65.7067,-66.5044],[-65.6847,-66.5052],[-65.6542,-66.525],[-65.6685,-66.5318],[-65.6925,-66.5268],[-65.7076,-66.5309],[-65.7301,-66.5503],[-65.7372,-66.5641],[-65.7328,-66.581],[-65.6809,-66.5805],[-65.6715,-66.596],[-65.69,-66.6017],[-65.6947,-66.6133],[-65.7347,-66.6059],[-65.7485,-66.5996],[-65.7706,-66.6008],[-65.7768,-66.6125],[-65.7626,-66.6197],[-65.7297,-66.6288],[-65.6931,-66.6324],[-65.6678,-66.6321],[-65.6595,-66.6422],[-65.6437,-66.6458],[-65.6526,-66.6544],[-65.6291,-66.6648],[-65.6912,-66.6901],[-65.7255,-66.6817],[-65.7286,-66.689],[-65.7054,-66.6965],[-65.7216,-66.7038],[-65.6967,-66.7264],[-65.7192,-66.742],[-65.7534,-66.7445],[-65.8085,-66.7311],[-65.8247,-66.7166],[-65.8262,-66.6948],[-65.8591,-66.69],[-65.8717,-66.6775],[-65.8914,-66.6777],[-65.9117,-66.6872],[-65.9376,-66.6815],[-65.9722,-66.6812],[-65.977,-66.674],[-65.953,-66.6565],[-65.9785,-66.6395],[-66.0007,-66.6311],[-66.0282,-66.6337],[-66.0768,-66.6209],[-66.0622,-66.6124],[-66.0686,-66.6002],[-66.1264,-66.5878],[-66.1356,-66.5908],[-66.2075,-66.5915],[-66.2509,-66.5815],[-66.2936,-66.5895],[-66.3225,-66.5875],[-66.3524,-66.5892],[-66.3543,-66.5984],[-66.3865,-66.608],[-66.4168,-66.6056],[-66.4441,-66.6146],[-66.4925,-66.62],[-66.5142,-66.6328],[-66.5392,-66.6389],[-66.5668,-66.6698],[-66.5456,-66.6864],[-66.5559,-66.6952],[-66.5367,-66.7112],[-66.5299,-66.7318],[-66.5337,-66.7408],[-66.5373,-66.7772],[-66.5718,-66.7833],[-66.5751,-66.793],[-66.5388,-66.797],[-66.5318,-66.8029],[-66.5614,-66.8105],[-66.541,-66.817],[-66.506,-66.8347],[-66.4315,-66.8495],[-66.4262,-66.8549],[-66.42,-66.8903],[-66.4105,-66.9056],[-66.438,-66.9056],[-66.4524,-66.9162],[-66.4916,-66.9149],[-66.5051,-66.9278],[-66.5262,-66.9384],[-66.5262,-66.9501],[-66.5485,-66.9648],[-66.5678,-66.9645],[-66.574,-66.9801],[-66.5937,-66.9887],[-66.5997,-67.0202],[-66.6092,-67.0412],[-66.5886,-67.0481],[-66.5461,-67.043],[-66.5082,-67.0543],[-66.5011,-67.0673],[-66.4648,-67.076],[-66.4229,-67.0742],[-66.4063,-67.0851],[-66.4107,-67.0922],[-66.4419,-67.0984],[-66.4832,-67.0999],[-66.5239,-67.1139],[-66.4989,-67.14],[-66.4683,-67.1564],[-66.4488,-67.1635],[-66.4413,-67.1753],[-66.4513,-67.1886],[-66.4484,-67.1965],[-66.453,-67.2282],[-66.4639,-67.2443],[-66.4665,-67.2705],[-66.4554,-67.2873],[-66.4554,-67.3054],[-66.4484,-67.3225],[-66.4514,-67.3346],[-66.4644,-67.3356],[-66.4973,-67.3491],[-66.5144,-67.3418],[-66.5456,-67.3408],[-66.5373,-67.328],[-66.5521,-67.32],[-66.5463,-67.3115],[-66.5646,-67.3074],[-66.5572,-67.2946],[-66.5732,-67.2791],[-66.5914,-67.2521],[-66.6101,-67.2402],[-66.6112,-67.2331],[-66.6607,-67.2259],[-66.6785,-67.2137],[-66.6825,-67.2047],[-66.7003,-67.1912],[-66.7172,-67.1938],[-66.6949,-67.2053],[-66.7396,-67.232],[-66.7513,-67.2486],[-66.8015,-67.2549],[-66.8336,-67.2462],[-66.817,-67.2339],[-66.8357,-67.2235],[-66.8393,-67.2106],[-66.8706,-67.2243],[-66.8874,-67.225],[-66.9267,-67.2084],[-66.9278,-67.1995],[-66.9127,-67.1849],[-66.8908,-67.1729],[-66.8952,-67.1596],[-66.934,-67.1594],[-66.9513,-67.1468],[-66.9428,-67.1392],[-66.9402,-67.1182],[-66.9475,-67.1095],[-66.9457,-67.0922],[-66.9386,-67.086],[-66.9094,-67.0788],[-66.9109,-67.0602],[-66.9183,-67.0537],[-66.9168,-67.0378],[-66.9094,-67.0304],[-66.9366,-67.0136],[-66.9319,-67.0023],[-66.9366,-66.9917],[-66.9075,-66.9774],[-66.9093,-66.9546],[-66.9369,-66.9421],[-66.9568,-66.9403],[-66.958,-66.9293],[-66.9976,-66.9313],[-67.0718,-66.9245],[-67.1162,-66.9325],[-67.1187,-66.9488],[-67.1269,-66.9599],[-67.092,-66.9848],[-67.0728,-66.9812],[-67.0619,-66.9878],[-67.0664,-66.998],[-67.1244,-67.0199],[-67.1662,-67.0141],[-67.1726,-66.9951],[-67.1907,-66.9857],[-67.1893,-66.9764],[-67.2018,-66.9634],[-67.2178,-66.9604],[-67.2281,-66.9716],[-67.2445,-67.005],[-67.2425,-67.0181],[-67.2545,-67.0412],[-67.2652,-67.0518],[-67.2885,-67.0592],[-67.2742,-67.0837],[-67.301,-67.0912],[-67.3006,-67.0991],[-67.3176,-67.1109],[-67.355,-67.1038],[-67.3542,-67.0908],[-67.3676,-67.0837],[-67.4031,-67.0967],[-67.4291,-67.0932],[-67.4231,-67.0743],[-67.4385,-67.0664],[-67.4369,-67.0514],[-67.4582,-67.0459],[-67.4968,-67.0436],[-67.511,-67.055],[-67.4893,-67.0684],[-67.4874,-67.0857],[-67.5145,-67.09],[-67.5145,-67.1022],[-67.5346,-67.1105],[-67.5315,-67.1286],[-67.571,-67.1489],[-67.5926,-67.1531],[-67.5812,-67.1622],[-67.5798,-67.1729],[-67.6192,-67.1805],[-67.5882,-67.1876],[-67.5711,-67.1857],[-67.5144,-67.1867],[-67.4847,-67.1796],[-67.4632,-67.1806],[-67.4634,-67.1892],[-67.5022,-67.212],[-67.5435,-67.2152],[-67.5678,-67.2395],[-67.5568,-67.2459],[-67.5684,-67.2576],[-67.5688,-67.2677],[-67.5852,-67.2816],[-67.585,-67.2885],[-67.5654,-67.2935],[-67.556,-67.3092],[-67.5206,-67.3173],[-67.505,-67.3253],[-67.4962,-67.3437],[-67.5278,-67.3416],[-67.5479,-67.3496],[-67.5446,-67.3604],[-67.5522,-67.373],[-67.5668,-67.3736],[-67.587,-67.3883],[-67.5758,-67.4051],[-67.5892,-67.4175],[-67.6079,-67.4257],[-67.6525,-67.4594],[-67.651,-67.4754],[-67.6652,-67.482],[-67.6537,-67.4875],[-67.6141,-67.4775],[-67.5688,-67.4813],[-67.5471,-67.5027],[-67.583,-67.5204],[-67.6042,-67.5252],[-67.6395,-67.5476],[-67.6332,-67.5553],[-67.6027,-67.5581],[-67.5353,-67.5512],[-67.5084,-67.5541],[-67.4225,-67.5441],[-67.3973,-67.538],[-67.3648,-67.5358],[-67.3579,-67.5234],[-67.3274,-67.5253],[-67.2707,-67.5162],[-67.2619,-67.5107],[-67.2136,-67.4999],[-67.152,-67.4924],[-67.128,-67.4777],[-67.0795,-67.4818],[-67.0614,-67.4883],[-67.0228,-67.4824],[-66.9953,-67.4717],[-66.959,-67.4757],[-66.9311,-67.4948],[-66.9122,-67.4971],[-66.8838,-67.4944],[-66.8357,-67.4948],[-66.7972,-67.4997],[-66.7696,-67.5158],[-66.7387,-67.5231],[-66.7314,-67.5333],[-66.709,-67.5375],[-66.6551,-67.5368],[-66.6047,-67.5424],[-66.5798,-67.5217],[-66.5284,-67.4885],[-66.5011,-67.485],[-66.4948,-67.4958],[-66.5133,-67.5168],[-66.5046,-67.5414],[-66.5282,-67.563],[-66.5499,-67.5715],[-66.5471,-67.5873],[-66.5754,-67.5845],[-66.5911,-67.5897],[-66.599,-67.6001],[-66.6182,-67.604],[-66.6338,-67.5964],[-66.6628,-67.589],[-66.7239,-67.583],[-66.7622,-67.5855],[-66.7942,-67.5942],[-66.7951,-67.6065],[-66.8194,-67.6023],[-66.8376,-67.6098],[-66.8714,-67.6315],[-66.8644,-67.6414],[-66.8973,-67.6517],[-66.9088,-67.6484],[-66.9765,-67.6884],[-66.9708,-67.7005],[-66.9589,-67.7061],[-66.9253,-67.7069],[-66.8775,-67.6985],[-66.8635,-67.7057],[-66.8218,-67.7178],[-66.8168,-67.7263],[-66.8677,-67.7296],[-66.9069,-67.7356],[-66.9771,-67.7402],[-67.0132,-67.7371],[-67.0449,-67.745],[-67.0547,-67.7646],[-67.0836,-67.7706],[-67.0975,-67.7777],[-67.0605,-67.7854],[-67.019,-67.7793],[-67.0136,-67.772],[-66.9681,-67.7713],[-66.9264,-67.7677],[-66.8986,-67.7687],[-66.8425,-67.7787],[-66.765,-67.7775],[-66.7573,-67.7916],[-66.7676,-67.8034],[-66.8489,-67.8086],[-66.8811,-67.8171],[-66.895,-67.8307],[-66.878,-67.8478],[-66.8518,-67.8636],[-66.8307,-67.8641],[-66.816,-67.8824],[-66.8399,-67.8976],[-66.8406,-67.9161],[-66.8743,-67.9174],[-66.9052,-67.9229],[-66.9495,-67.9195],[-67.0205,-67.9225],[-67.0949,-67.9322],[-67.1125,-67.943],[-67.153,-67.9366],[-67.1785,-67.9372],[-67.2745,-67.9564],[-67.2874,-67.9642],[-67.2558,-67.9837],[-67.2105,-67.9824],[-67.1907,-67.9853],[-67.1731,-68.0004],[-67.1767,-68.0118],[-67.1487,-68.0236],[-67.1222,-68.0228],[-67.0818,-68.0426],[-67.1012,-68.0742],[-67.149,-68.0673],[-67.1762,-68.0591],[-67.2107,-68.057],[-67.2289,-68.0593],[-67.2056,-68.0787],[-67.1355,-68.0887],[-67.1282,-68.1025],[-67.095,-68.1235],[-67.1083,-68.1304],[-67.0691,-68.1362],[-67.0498,-68.1482],[-67.0182,-68.1587],[-67.0011,-68.1806],[-66.9815,-68.1797],[-66.9656,-68.188],[-66.936,-68.1955],[-66.9338,-68.2046],[-66.9546,-68.2139],[-66.942,-68.2259],[-66.8812,-68.2289],[-66.8525,-68.2221],[-66.847,-68.211],[-66.8187,-68.1985],[-66.7733,-68.1934],[-66.7526,-68.1866],[-66.7319,-68.1868],[-66.7108,-68.1934],[-66.6893,-68.1934],[-66.6498,-68.2011],[-66.6728,-68.2069],[-66.6689,-68.2176],[-66.6541,-68.2293],[-66.6213,-68.2361],[-66.624,-68.2469],[-66.665,-68.2584],[-66.7036,-68.2664],[-66.718,-68.2762],[-66.7261,-68.2954],[-66.7565,-68.3158],[-66.7766,-68.319],[-66.8848,-68.302],[-66.9167,-68.3102],[-66.9444,-68.3044],[-66.9524,-68.2971],[-67.0093,-68.2872],[-67.061,-68.2891],[-67.0927,-68.2814],[-67.1332,-68.2832],[-67.1455,-68.2775],[-67.1742,-68.2771],[-67.1739,-68.2905],[-67.1547,-68.2937],[-67.1546,-68.3119],[-67.1629,-68.3291],[-67.1574,-68.3397],[-67.1386,-68.3462],[-67.1106,-68.3497],[-67.0708,-68.3443],[-67.0406,-68.3469],[-66.9802,-68.3423],[-66.9487,-68.343],[-66.9438,-68.3596],[-66.964,-68.3691],[-66.9658,-68.3837],[-66.9417,-68.4094],[-66.9577,-68.4363],[-66.9461,-68.4525],[-66.9473,-68.4606],[-66.9932,-68.4812],[-67.1065,-68.4744],[-67.1356,-68.4788],[-67.168,-68.4903],[-67.1883,-68.5013],[-67.1883,-68.5128],[-67.1768,-68.5326],[-67.1466,-68.565],[-67.0904,-68.5902],[-67.0831,-68.6011],[-67.0281,-68.6088],[-67.0006,-68.6312],[-67.0004,-68.6474],[-67.0095,-68.6575],[-67.0032,-68.6655],[-67.0115,-68.6776],[-66.9889,-68.7015],[-67.0005,-68.7149],[-66.9625,-68.7397],[-66.9614,-68.7515],[-66.9694,-68.7688],[-66.9991,-68.782],[-67.0049,-68.7891],[-67.0323,-68.7924],[-67.0905,-68.7825],[-67.1127,-68.785],[-67.1157,-68.8009],[-67.153,-68.807],[-67.1811,-68.8043],[-67.1994,-68.7955],[-67.2605,-68.7896],[-67.2973,-68.7917],[-67.3339,-68.7989],[-67.3693,-68.79],[-67.403,-68.7929],[-67.4294,-68.8053],[-67.457,-68.8139],[-67.4866,-68.8283],[-67.4862,-68.8349],[-67.4516,-68.8658],[-67.4096,-68.8868],[-67.3979,-68.9021],[-67.3705,-68.919],[-67.3431,-68.924],[-67.3346,-68.9312],[-67.2856,-68.9378],[-67.2518,-68.9508],[-67.2656,-68.9751],[-67.2656,-69.009],[-67.2745,-69.019],[-67.3064,-69.0337],[-67.3588,-69.0524],[-67.379,-69.0564],[-67.3986,-69.0516],[-67.433,-69.0589],[-67.4404,-69.066],[-67.4623,-69.0669],[-67.4697,-69.0783],[-67.5058,-69.0818],[-67.5231,-69.0736],[-67.5434,-69.077],[-67.5496,-69.0868],[-67.5775,-69.0948],[-67.6237,-69.095],[-67.6333,-69.0857],[-67.6554,-69.087],[-67.6837,-69.1007],[-67.7283,-69.1081],[-67.7624,-69.1195],[-67.7982,-69.1225],[-67.8032,-69.128],[-67.8638,-69.1418],[-67.88,-69.1559],[-67.896,-69.1556],[-67.9261,-69.1453],[-67.9469,-69.1488],[-67.9655,-69.1422],[-68.0481,-69.1404],[-68.1078,-69.1441],[-68.1439,-69.138],[-68.3073,-69.141],[-68.3448,-69.157],[-68.3714,-69.1743],[-68.3579,-69.1873],[-68.3277,-69.1934],[-68.2957,-69.2096],[-68.2831,-69.2068],[-68.2323,-69.214],[-68.2264,-69.2298],[-68.1869,-69.2372],[-68.1706,-69.2468],[-68.1484,-69.2709],[-68.1489,-69.2814],[-68.1385,-69.3015],[-68.1633,-69.3202],[-68.1897,-69.3148],[-68.2077,-69.2949],[-68.2381,-69.2852],[-68.2696,-69.2795],[-68.3186,-69.2869],[-68.3506,-69.3092],[-68.3422,-69.3209],[-68.326,-69.3251],[-68.3204,-69.3361],[-68.2855,-69.3496],[-68.2872,-69.3663],[-68.3011,-69.3796],[-68.2929,-69.3869],[-68.3001,-69.4004],[-68.3401,-69.4079],[-68.3935,-69.402],[-68.4166,-69.3885],[-68.4397,-69.3816],[-68.4803,-69.3862],[-68.487,-69.3972],[-68.5182,-69.3896],[-68.5219,-69.3814],[-68.5724,-69.3782],[-68.6114,-69.3879],[-68.6672,-69.3834],[-68.6834,-69.388],[-68.7112,-69.3853],[-68.7581,-69.3984],[-68.8187,-69.3958],[-68.8374,-69.4027],[-68.8312,-69.4131],[-68.8372,-69.4257],[-68.8167,-69.4356],[-68.7799,-69.4413],[-68.7573,-69.4549],[-68.761,-69.4716],[-68.7248,-69.4809],[-68.7059,-69.4905],[-68.6725,-69.5013],[-68.6583,-69.5159],[-68.6115,-69.5279],[-68.591,-69.5416],[-68.5596,-69.5867],[-68.5309,-69.5976],[-68.4817,-69.64],[-68.4503,-69.6509],[-68.4503,-69.6796],[-68.4284,-69.7083],[-68.3943,-69.7301],[-68.4148,-69.7561],[-68.4025,-69.7779],[-68.3956,-69.8121],[-68.3943,-69.8545],[-68.4544,-69.8872],[-68.5022,-69.8995],[-68.509,-69.9296],[-68.4749,-69.9474],[-68.4885,-70.0129],[-68.4831,-70.0526],[-68.4066,-70.0908],[-68.3355,-70.1045],[-68.2945,-70.125],[-68.2713,-70.1537],[-68.2399,-70.1974],[-68.1948,-70.2302],[-68.1484,-70.2671],[-68.0964,-70.319],[-68.0582,-70.3682],[-68.0035,-70.4091],[-67.8806,-70.4843],[-67.8382,-70.5171],[-67.7986,-70.5266],[-67.7754,-70.5471],[-67.748,-70.5608],[-67.7303,-70.5813],[-67.733,-70.5963],[-67.7658,-70.6291],[-67.7562,-70.6769],[-67.7057,-70.7248],[-67.636,-70.8518],[-67.5622,-70.916],[-67.5117,-70.9761],[-67.4611,-70.983],[-67.442,-71.0171],[-67.4625,-71.0472],[-67.5021,-71.0554],[-67.5212,-71.0677],[-67.5376,-71.1087],[-67.5322,-71.136],[-67.5322,-71.1906],[-67.5199,-71.2562],[-67.539,-71.3013],[-67.5786,-71.345],[-67.6128,-71.386],[-67.6182,-71.4379],[-67.6046,-71.4762],[-67.5759,-71.5349],[-67.539,-71.6032],[-67.4762,-71.6155],[-67.3778,-71.6483],[-67.3108,-71.6757],[-67.2671,-71.6907],[-67.1879,-71.7235],[-67.1688,-71.7481],[-67.1045,-71.8096],[-67.0335,-71.8628],[-66.9693,-71.8833],[-66.8818,-71.8915],[-66.8777,-71.9161],[-66.8477,-71.9393],[-66.7889,-71.968],[-66.7684,-72.035],[-66.7247,-72.0937],[-66.722,-72.1224],[-66.763,-72.173],[-66.8026,-72.203],[-66.8286,-72.2167],[-66.8668,-72.259],[-66.9802,-72.3151],[-67.0335,-72.367],[-67.1004,-72.4148],[-67.1865,-72.4667],[-67.2125,-72.5091],[-67.2207,-72.5514],[-67.2398,-72.5856],[-67.2781,-72.6238],[-67.3477,-72.6457],[-67.3887,-72.6416],[-67.4557,-72.6976],[-67.5076,-72.7591],[-67.5322,-72.826],[-67.6811,-72.8739],[-67.8027,-72.8602],[-67.9298,-72.9026],[-67.9981,-72.9572],[-68.1265,-72.9599],[-68.2317,-72.9914],[-68.3506,-72.99],[-68.5377,-73.031],[-68.796,-73.0815],[-69.0774,-73.1007],[-69.2837,-73.1471],[-69.4586,-73.169],[-69.5474,-73.1731],[-69.7291,-73.2004],[-70.0775,-73.2318],[-70.1718,-73.2468],[-70.2225,-73.2821],[-70.3227,-73.2949],[-70.4084,-73.2712],[-70.5359,-73.2621],[-70.7016,-73.2621],[-70.8328,-73.2512],[-70.9057,-73.2585],[-71.0878,-73.2657],[-71.3046,-73.304],[-71.4667,-73.3532],[-71.5505,-73.355],[-71.7108,-73.3714],[-71.8365,-73.3714],[-72.026,-73.3732],[-72.1735,-73.3732],[-72.2446,-73.3823],[-72.3175,-73.4133],[-72.3685,-73.4479],[-72.4595,-73.4716],[-72.6035,-73.4771],[-72.7401,-73.4643],[-72.833,-73.4479],[-72.9368,-73.4424],[-72.9787,-73.4479],[-73.0461,-73.4406],[-73.0953,-73.4643],[-73.1755,-73.4752],[-73.2429,-73.5262],[-73.3977,-73.559],[-73.4833,-73.5627],[-73.6728,-73.5754],[-73.7056,-73.6009],[-73.7213,-73.6356],[-73.7209,-73.6558],[-73.783,-73.6783],[-73.907,-73.6783],[-73.9801,-73.7005],[-74.0299,-73.738],[-74.0299,-75.0001],[-74.0219,-76.6685],[-73.6611,-76.6657],[-72.7024,-76.6732],[-71.6612,-76.6332],[-71.3942,-76.6732],[-70.8736,-76.6465],[-70.4197,-76.5931],[-69.8057,-76.2994],[-69.3518,-76.2193],[-68.9513,-76.2327],[-68.7778,-76.1125],[-68.3773,-76.1259],[-67.6965,-76.0725],[-67.2293,-76.0725],[-66.6286,-76.0058],[-65.8009,-75.8055],[-65.5473,-75.8055],[-64.5461,-75.5652],[-63.9588,-75.4451],[-63.6117,-75.405],[-63.3714,-75.3116],[-63.3313,-75.1915],[-63.6384,-75.2849],[-64.2124,-75.2849],[-64.3192,-75.2048],[-64.0121,-75.1514],[-63.7051,-75.1514],[-63.4782,-75.1114],[-63.4782,-75.058],[-63.9187,-75.0179],[-64.1323,-75.0046],[-63.892,-74.8844],[-63.6384,-74.831],[-63.6117,-74.7242],[-63.358,-74.5774],[-63.0911,-74.6441],[-62.9309,-74.7776],[-62.7974,-74.9645],[-62.4102,-74.9378],[-61.9964,-74.8711],[-61.8509,-74.8431],[-61.7981,-74.8035],[-61.8067,-74.7458],[-61.8562,-74.6741],[-62.0501,-74.5643],[-62.0309,-74.481],[-61.9455,-74.4769],[-61.7234,-74.3315],[-61.5664,-74.304],[-61.3005,-74.2034],[-61.098,-74.1268],[-61.0485,-74.0816],[-61.0932,-74.0325],[-61.1099,-73.9765],[-60.9476,-73.9281],[-60.81,-73.7739],[-60.7243,-73.7139],[-60.7794,-73.6352],[-60.783,-73.5641],[-61.1596,-73.5029],[-61.23,-73.3832],[-61.1852,-73.3229],[-61.0186,-73.3726],[-60.9694,-73.3192],[-60.8813,-73.2976],[-60.8163,-73.3109],[-60.8306,-73.3811],[-60.7366,-73.4003],[-60.679,-73.3362],[-60.6341,-73.2401],[-60.491,-73.2401],[-60.4035,-73.3298],[-60.0489,-73.2871],[-59.9725,-73.2271],[-59.9991,-73.1777],[-59.9944,-73.1027],[-59.9484,-73.0567],[-59.9944,-73.0324],[-59.9159,-72.9967],[-59.9228,-72.9621],[-59.9295,-72.9493],[-59.9364,-72.9108],[-59.9698,-72.8894],[-60.0431,-72.8766],[-60.1367,-72.9065],[-60.2443,-72.9663],[-60.3058,-73.0411],[-60.3996,-73.0217],[-60.506,-72.983],[-60.634,-72.9998],[-60.6755,-73.0339],[-60.7109,-73.0808],[-60.7985,-73.0784],[-60.7294,-73.0359],[-60.7083,-73.0124],[-60.6532,-72.9741],[-60.6521,-72.9441],[-60.6714,-72.9227],[-60.7174,-72.9033],[-60.7299,-72.8798],[-60.6895,-72.8713],[-60.6106,-72.9015],[-60.5638,-72.8995],[-60.5097,-72.8739],[-60.5089,-72.8461],[-60.4807,-72.7864],[-60.4666,-72.75],[-60.4922,-72.7179],[-60.5175,-72.6751],[-60.5628,-72.6494],[-60.6285,-72.6428],[-60.7535,-72.6403],[-60.7949,-72.6872],[-60.8291,-72.7127],[-60.8811,-72.6954],[-61.0188,-72.6778],[-61.0658,-72.6925],[-61.1074,-72.7265],[-61.148,-72.7413],[-61.1869,-72.7283],[-61.1855,-72.7069],[-61.2152,-72.6555],[-61.2322,-72.6127],[-61.2362,-72.5742],[-61.267,-72.5441],[-61.3561,-72.5073],[-61.3813,-72.4943],[-61.3791,-72.4644],[-61.4042,-72.4515],[-61.4809,-72.4318],[-61.5058,-72.4166],[-61.4512,-72.3828],[-61.4071,-72.4023],[-61.3429,-72.4134],[-61.2726,-72.433],[-61.0336,-72.4684],[-60.8115,-72.4607],[-60.7396,-72.4545],[-60.6677,-72.4505],[-60.6407,-72.4207],[-60.633,-72.3865],[-60.6649,-72.3693],[-60.7879,-72.3625],[-60.852,-72.3452],[-60.9362,-72.3449],[-60.8773,-72.3323],[-60.9035,-72.3148],[-60.9024,-72.292],[-60.7224,-72.3183],[-60.6537,-72.327],[-60.6263,-72.2816],[-60.6762,-72.2302],[-60.7521,-72.193],[-60.8544,-72.1812],[-61.0513,-72.1776],[-60.9815,-72.1522],[-60.87,-72.147],[-60.6041,-72.1223],[-60.6033,-72.0967],[-60.6195,-72.0682],[-60.6351,-72.0254],[-60.634,-71.9913],[-60.7358,-71.991],[-60.8988,-72.0303],[-61.1368,-72.0292],[-61.1989,-72.0715],[-61.1512,-72.1287],[-61.1862,-72.1427],[-61.2682,-72.0882],[-61.3599,-72.0593],[-61.4948,-72.0413],[-61.6391,-72.0375],[-61.7829,-72.0279],[-61.7973,-71.9993],[-61.8015,-71.9538],[-61.7795,-71.8971],[-61.6235,-71.8499],[-61.5229,-71.8563],[-61.2295,-71.8808],[-61.052,-71.876],[-61.0157,-71.825],[-61.0224,-71.7937],[-61.0373,-71.7567],[-60.9301,-71.7941],[-60.8635,-71.8086],[-60.7784,-71.7833],[-60.7271,-71.7579],[-60.7677,-71.7236],[-60.8653,-71.6579],[-60.881,-71.6351],[-60.9367,-71.578],[-60.9688,-71.5552],[-61.0001,-71.5181],[-61.1244,-71.5175],[-61.3256,-71.5533],[-61.6583,-71.662],[-61.8254,-71.6635],[-61.7806,-71.6298],[-61.6769,-71.5851],[-61.6655,-71.5482],[-61.5483,-71.5349],[-61.4969,-71.5125],[-61.4693,-71.4757],[-61.3455,-71.4794],[-61.1789,-71.4576],[-61.1447,-71.4379],[-61.1601,-71.4179],[-61.2169,-71.4034],[-61.2323,-71.3863],[-61.0598,-71.3928],[-60.9691,-71.3904],[-60.9349,-71.3622],[-60.9168,-71.3253],[-60.9232,-71.2855],[-61.0614,-71.265],[-61.2246,-71.2585],[-61.0519,-71.2395],[-60.9532,-71.2258],[-60.9359,-71.206],[-60.9425,-71.1719],[-60.9987,-71.1546],[-61.0622,-71.1231],[-61.2236,-71.1052],[-61.278,-71.0652],[-61.2353,-71.0285],[-61.1217,-70.9482],[-61.0762,-70.8993],[-61.0957,-70.8614],[-61.2005,-70.823],[-61.3395,-70.826],[-61.5873,-70.8545],[-61.6875,-70.903],[-61.809,-70.9436],[-61.9288,-70.9615],[-61.9929,-70.9571],[-62.0444,-70.934],[-62.0943,-70.8957],[-62.1455,-70.8724],[-61.9497,-70.8402],[-61.8606,-70.7994],[-61.7953,-70.7848],[-61.6538,-70.7481],[-61.5542,-70.6959],[-61.5096,-70.666],[-61.487,-70.6473],[-61.4016,-70.6365],[-61.3263,-70.6181],[-61.2719,-70.5919],[-61.2905,-70.5502],[-61.2873,-70.4973],[-61.3907,-70.4702],[-61.56,-70.488],[-61.6336,-70.4874],[-61.7519,-70.5205],[-61.8164,-70.5351],[-61.8463,-70.5159],[-61.8956,-70.4777],[-62.0241,-70.503],[-62.0969,-70.4947],[-62.1135,-70.4492],[-62.1249,-70.4056],[-61.9951,-70.3615],[-61.8676,-70.3375],[-61.7673,-70.3031],[-61.7644,-70.2678],[-61.7473,-70.2277],[-61.7448,-70.1975],[-61.7566,-70.1722],[-61.7941,-70.131],[-61.818,-70.1111],[-61.8782,-70.0908],[-61.969,-70.0673],[-62.0293,-70.0497],[-62.1814,-70.0255],[-62.2564,-69.9932],[-62.2362,-69.9863],[-62.2118,-69.9698],[-62.1961,-69.9425],[-62.2002,-69.9186],[-62.2286,-69.8788],[-62.2861,-69.8723],[-62.3348,-69.8741],[-62.3656,-69.8893],[-62.4022,-69.8984],[-62.4602,-69.8667],[-62.5143,-69.8589],[-62.5409,-69.8371],[-62.5251,-69.8122],[-62.4651,-69.795],[-62.4199,-69.7644],[-62.3664,-69.7459],[-62.3614,-69.7293],[-62.3476,-69.7199],[-62.3421,-69.6985],[-62.3547,-69.6661],[-62.3463,-69.6471],[-62.3237,-69.6139],[-62.3255,-69.5697],[-62.3616,-69.549],[-62.409,-69.515],[-62.3603,-69.506],[-62.3522,-69.4894],[-62.3795,-69.4772],[-62.4104,-69.4685],[-62.4484,-69.468],[-62.4937,-69.4746],[-62.5173,-69.4588],[-62.5402,-69.4084],[-62.5838,-69.3458],[-62.6219,-69.3203],[-62.6582,-69.3067],[-62.7118,-69.306],[-62.7487,-69.3246],[-62.8086,-69.3237],[-62.8398,-69.346],[-62.8903,-69.3453],[-62.9263,-69.3305],[-62.9313,-69.2958],[-62.9938,-69.2674],[-63.0048,-69.2553],[-62.9965,-69.2399],[-62.9347,-69.2241],[-62.9254,-69.2004],[-62.9417,-69.156],[-62.952,-69.1392],[-62.9846,-69.1244],[-63.0388,-69.1081],[-63.0848,-69.1014],[-63.1301,-69.1126],[-63.1488,-69.135],[-63.1761,-69.1513],[-63.238,-69.1229],[-63.2004,-69.1008],[-63.1947,-69.0818],[-63.2214,-69.0718],[-63.2614,-69.0676],[-63.3347,-69.0557],[-63.3546,-69.0422],[-63.3423,-69.0221],[-63.315,-69.0059],[-63.3066,-68.9905],[-63.3082,-68.9798],[-63.2817,-68.9468],[-63.287,-68.9181],[-63.2788,-68.9039],[-63.2576,-68.8852],[-63.1127,-68.891],[-63.0899,-68.883],[-63.1007,-68.871],[-63.1513,-68.8559],[-63.1533,-68.8475],[-63.1415,-68.8286],[-63.1691,-68.8043],[-63.2349,-68.789],[-63.3183,-68.7673],[-63.4004,-68.76],[-63.5218,-68.7472],[-63.607,-68.7397],[-63.735,-68.7314],[-63.7335,-68.7219],[-63.6838,-68.7192],[-63.6469,-68.6996],[-63.648,-68.6865],[-63.6425,-68.6508],[-63.6273,-68.632],[-63.6183,-68.6131],[-63.5976,-68.598],[-63.5502,-68.5881],[-63.4992,-68.5949],[-63.4138,-68.5976],[-63.3605,-68.589],[-63.2874,-68.5688],[-63.1792,-68.5372],[-63.1217,-68.5416],[-63.0396,-68.5679],[-62.9862,-68.5807],[-62.9087,-68.5723],[-62.8628,-68.5467],[-62.8465,-68.5124],[-62.8679,-68.4621],[-62.9023,-68.4449],[-62.9628,-68.4428],[-63.0045,-68.46],[-63.0622,-68.4592],[-63.1032,-68.4466],[-63.2067,-68.4247],[-63.3972,-68.418],[-63.4776,-68.4273],[-63.5322,-68.4263],[-63.591,-68.4336],[-63.7324,-68.4429],[-63.7957,-68.4584],[-63.8502,-68.5134],[-63.8613,-68.5441],[-63.8809,-68.57],[-63.9533,-68.6556],[-63.9857,-68.6836],[-64.0473,-68.7205],[-64.1035,-68.742],[-64.162,-68.7766],[-64.2115,-68.8114],[-64.3192,-68.8759],[-64.3766,-68.8842],[-64.4512,-68.885],[-64.6401,-68.8676],[-64.6925,-68.8508],[-64.7662,-68.8169],[-64.8008,-68.7444],[-64.8246,-68.7104],[-64.8865,-68.6671],[-64.9306,-68.6577],[-65.0843,-68.6574],[-65.1306,-68.63],[-65.1379,-68.6071],[-65.1116,-68.5851],[-65.0773,-68.5681],[-65.0319,-68.5418],[-65.0373,-68.5238],[-65.0279,-68.5085],[-64.8101,-68.4888],[-64.7645,-68.4744],[-64.7688,-68.4505],[-64.7939,-68.4236],[-64.8366,-68.394],[-64.8453,-68.377],[-64.9393,-68.3616],[-65.0241,-68.3606],[-65.0805,-68.3687],[-65.1419,-68.3719],[-65.2203,-68.383],[-65.2389,-68.3706],[-65.2375,-68.3503],[-65.2161,-68.3079],[-65.1806,-68.2838],[-65.0872,-68.2576],[-64.9763,-68.2331],[-64.9107,-68.2073],[-64.8668,-68.1988],[-64.7509,-68.1921],[-64.7017,-68.1874],[-64.6563,-68.1706],[-64.643,-68.1327],[-64.641,-68.0911],[-64.6374,-68.0721],[-64.6757,-68.0688],[-64.7058,-68.0693],[-64.7352,-68.0662],[-64.7212,-68.0558],[-64.6817,-68.0377],[-64.6637,-68.0059],[-64.6616,-67.9953],[-64.6944,-67.979],[-64.7857,-67.9875],[-64.8329,-67.9994],[-64.8917,-68.0242],[-64.9421,-68.0515],[-64.9763,-68.0721],[-65.0225,-68.0924],[-65.1051,-68.0998],[-65.2239,-68.0931],[-65.2742,-68.1036],[-65.296,-68.1209],[-65.3925,-68.1088],[-65.4689,-68.1007],[-65.4917,-68.0953],[-65.5015,-68.0723],[-65.484,-68.0478],[-65.3735,-68.0365],[-65.2891,-68.0341],[-65.2458,-68.0281],[-65.2095,-68.0124],[-65.2045,-67.9887],[-65.2071,-67.9731],[-65.2266,-67.9523],[-65.2608,-67.9311],[-65.2752,-67.9009],[-65.2733,-67.8783],[-65.31,-67.8416],[-65.3767,-67.8338],[-65.4168,-67.8136],[-65.393,-67.8],[-65.339,-67.811],[-65.3006,-67.812],[-65.2575,-67.8049],[-65.2447,-67.7587],[-65.2498,-67.7407],[-65.2657,-67.732],[-65.301,-67.7036],[-65.32,-67.6816],[-65.3572,-67.6627],[-65.3019,-67.6523],[-65.2632,-67.651],[-65.1913,-67.6315],[-65.1539,-67.6075],[-65.1578,-67.5836],[-65.1986,-67.5539],[-65.2575,-67.5404],[-65.2961,-67.5286],[-65.3037,-67.5093],[-65.2625,-67.4807],[-65.2464,-67.4597],[-65.22,-67.4432],[-65.2146,-67.3752],[-65.1251,-67.4099],[-64.9623,-67.4321],[-64.8374,-67.3779],[-64.7325,-67.334],[-64.6676,-67.2675],[-64.6938,-67.2203],[-64.605,-67.2117],[-64.5571,-67.1878],[-64.5078,-67.1065],[-64.5367,-67.0736],[-64.6272,-67.0464],[-64.5518,-67.0124],[-64.4588,-66.9752],[-64.361,-66.9596],[-64.232,-66.9625],[-64.0696,-66.9733],[-63.8716,-66.9774],[-63.6952,-66.9523],[-63.597,-66.9292],[-63.5204,-66.8734],[-63.5308,-66.8231],[-63.5808,-66.7506],[-63.7084,-66.7446],[-63.8871,-66.7374],[-63.8796,-66.6874],[-63.8568,-66.6486],[-63.7403,-66.6688],[-63.6757,-66.6343],[-63.6647,-66.5559],[-63.7374,-66.5294],[-63.6666,-66.5094],[-63.6637,-66.488],[-63.6269,-66.4672],[-63.5166,-66.4658],[-63.4425,-66.4171],[-63.4542,-66.3776],[-63.501,-66.3481],[-63.4977,-66.3232],[-63.451,-66.2883],[-63.4315,-66.2673],[-63.3701,-66.247],[-63.327,-66.3049],[-63.1978,-66.3501],[-63.1385,-66.419],[-62.9638,-66.5183],[-62.8649,-66.5449],[-62.7781,-66.607],[-62.7494,-66.6574],[-62.7384,-66.7148],[-62.573,-66.7708],[-62.4602,-66.7544],[-62.3633,-66.7235],[-62.29,-66.6672],[-62.3023,-66.6134],[-62.4685,-66.572],[-62.5011,-66.5573],[-62.4578,-66.4578],[-62.4957,-66.4109],[-62.5263,-66.3783],[-62.6165,-66.3521],[-62.6053,-66.3236],[-62.5525,-66.2994],[-62.4026,-66.3157],[-62.3341,-66.3023],[-62.262,-66.246],[-62.2512,-66.2176],[-62.067,-66.2197],[-61.9537,-66.2745],[-61.8804,-66.4253],[-61.6828,-66.5058],[-61.5877,-66.4744],[-61.5774,-66.4424],[-61.6005,-66.4065],[-61.5811,-66.3638],[-61.5207,-66.3393],[-61.3775,-66.3369],[-61.2927,-66.3232],[-61.2899,-66.2661],[-61.2712,-66.227],[-61.1656,-66.3026],[-61.0928,-66.3709],[-60.9848,-66.4143],[-60.8984,-66.3961],[-60.8527,-66.3246],[-60.8369,-66.2376],[-60.7815,-66.1821],[-60.7102,-66.169],[-60.6812,-66.1373],[-60.6601,-66.1004],[-60.6021,-66.0661],[-60.5625,-66.0186],[-60.5414,-65.9658],[-60.5546,-65.9289],[-60.6021,-65.9262],[-60.7023,-65.9236],[-60.8606,-65.9368],[-60.9714,-65.9077],[-61.0163,-65.9394],[-61.0216,-65.9869],[-60.9903,-66.0264],[-60.9972,-66.0716],[-61.0141,-66.08],[-61.0449,-66.0544],[-61.0618,-66.0177],[-61.0927,-65.9605],[-61.1744,-65.9314],[-61.2414,-65.9452],[-61.3509,-65.9801],[-61.3697,-66.0228],[-61.431,-66.0794],[-61.4463,-66.0543],[-61.4778,-66.022],[-61.5693,-66.0212],[-61.6294,-66.0528],[-61.6566,-66.0883],[-61.7186,-66.1448],[-61.809,-66.1225],[-61.9238,-66.0928],[-61.948,-66.0818],[-61.9532,-66.0389],[-61.9501,-65.9961],[-61.9986,-65.9778],[-62.107,-65.9837],[-62.2167,-66.0038],[-62.2906,-65.9922],[-62.2023,-65.929],[-62.184,-65.9079],[-62.1321,-65.8799],[-62.1293,-65.8443],[-62.0051,-65.8421],[-61.9535,-65.8141],[-61.9353,-65.7894],[-61.8836,-65.7578],[-61.8642,-65.7152],[-61.8702,-65.683],[-61.7464,-65.6736],[-61.663,-65.653],[-61.5722,-65.6431],[-61.5701,-65.6074],[-61.5851,-65.5823],[-61.6335,-65.5712],[-61.6656,-65.5602],[-61.7062,-65.5563],[-61.7716,-65.5557],[-61.8281,-65.5444],[-61.8269,-65.5266],[-61.7518,-65.5024],[-61.7548,-65.4891],[-61.7666,-65.4824],[-61.8286,-65.4581],[-61.8672,-65.4572],[-61.9343,-65.438],[-61.9862,-65.4195],[-62.0089,-65.4136],[-62.0139,-65.3801],[-62.0223,-65.3742],[-62.06,-65.3692],[-62.0785,-65.3642],[-62.0944,-65.3499],[-62.1338,-65.3332],[-62.1397,-65.3155],[-62.1313,-65.3021],[-62.1036,-65.2938],[-62.1003,-65.2795],[-62.081,-65.2711],[-62.0516,-65.2652],[-62.0298,-65.2652],[-62.0114,-65.2585],[-62.0214,-65.2418],[-62.0173,-65.2334],[-61.972,-65.2057],[-61.9032,-65.2015],[-61.8722,-65.2133],[-61.8538,-65.2233],[-61.8236,-65.2342],[-61.7926,-65.2409],[-61.7506,-65.2351],[-61.7045,-65.2443],[-61.6375,-65.2443],[-61.5997,-65.2376],[-61.5897,-65.1998],[-61.6131,-65.2007],[-61.6249,-65.1822],[-61.6165,-65.1747],[-61.5863,-65.1697],[-61.5553,-65.1613],[-61.5603,-65.147],[-61.5544,-65.1386],[-61.536,-65.1361],[-61.5226,-65.1269],[-61.5402,-65.1202],[-61.5704,-65.1143],[-61.6626,-65.1001],[-61.6923,-65.0909],[-61.7056,-65.0806],[-61.7063,-65.0615],[-61.6777,-65.0248],[-61.6334,-65.006],[-61.5635,-64.9913],[-61.5032,-64.9944],[-61.4523,-65.0114],[-61.3936,-65.0477],[-61.3676,-65.0466],[-61.3327,-65.0405],[-61.2976,-65.0305],[-61.2636,-65.0423],[-61.1946,-65.0479],[-61.1551,-65.0673],[-61.0965,-65.0447],[-61.0035,-64.9899],[-61.0182,-64.9719],[-61.0256,-64.9484],[-61.025,-64.9292],[-60.9915,-64.9245],[-60.9305,-64.926],[-60.9416,-64.9152],[-60.9035,-64.9103],[-60.8821,-64.8874],[-60.8658,-64.8626],[-60.8242,-64.8508],[-60.8125,-64.8442],[-60.776,-64.8356],[-60.764,-64.8207],[-60.7396,-64.808],[-60.724,-64.8059],[-60.7201,-64.7935],[-60.6992,-64.7846],[-60.7205,-64.7715],[-60.7137,-64.7563],[-60.7159,-64.7432],[-60.6908,-64.728],[-60.6674,-64.7256],[-60.6235,-64.7004],[-60.5892,-64.6962],[-60.5744,-64.6859],[-60.5082,-64.6721],[-60.4711,-64.6584],[-60.475,-64.647],[-60.4552,-64.6403],[-60.4371,-64.6417],[-60.4124,-64.6523],[-60.365,-64.6545],[-60.3537,-64.6481],[-60.3498,-64.6354],[-60.3579,-64.5972],[-60.3802,-64.595],[-60.3897,-64.5894],[-60.3905,-64.5675],[-60.3862,-64.5604],[-60.3537,-64.5515],[-60.3218,-64.5547],[-60.2631,-64.5752],[-60.2473,-64.5657],[-60.2454,-64.5278],[-60.2214,-64.5158],[-60.1934,-64.519],[-60.1811,-64.5119],[-60.1637,-64.5116],[-60.0986,-64.4928],[-60.0834,-64.4843],[-60.0438,-64.4801],[-60.0155,-64.4737],[-59.9766,-64.4514],[-59.9695,-64.4412],[-59.9823,-64.4249],[-60.0046,-64.4051],[-60.0067,-64.397],[-59.9558,-64.3819],[-59.9417,-64.3798],[-59.9147,-64.3837],[-59.9025,-64.3925],[-59.8462,-64.4196],[-59.8234,-64.4193],[-59.8043,-64.4243],[-59.7653,-64.4257],[-59.7513,-64.4341],[-59.764,-64.4482],[-59.759,-64.4543],[-59.7523,-64.4848],[-59.7574,-64.5111],[-59.777,-64.5304],[-59.7677,-64.5415],[-59.7704,-64.5501],[-59.79,-64.5641],[-59.772,-64.5737],[-59.7396,-64.5729],[-59.7112,-64.5769],[-59.6794,-64.588],[-59.6555,-64.6037],[-59.6308,-64.5999],[-59.5881,-64.5973],[-59.5924,-64.5904],[-59.5491,-64.5811],[-59.5544,-64.5705],[-59.5467,-64.5541],[-59.5467,-64.5387],[-59.5746,-64.5164],[-59.6069,-64.5058],[-59.6184,-64.4811],[-59.608,-64.4798],[-59.6112,-64.4418],[-59.6279,-64.4209],[-59.6483,-64.4161],[-59.6505,-64.4026],[-59.6294,-64.3941],[-59.5904,-64.3663],[-59.5876,-64.358],[-59.5637,-64.3371],[-59.5409,-64.3341],[-59.5207,-64.319],[-59.495,-64.3092],[-59.4711,-64.3071],[-59.4579,-64.3169],[-59.4534,-64.3278],[-59.4165,-64.3238],[-59.3974,-64.3341],[-59.3963,-64.3482],[-59.4051,-64.3633],[-59.382,-64.3763],[-59.3942,-64.3851],[-59.3804,-64.3896],[-59.3735,-64.4097],[-59.3772,-64.4246],[-59.3205,-64.4446],[-59.2285,-64.4652],[-59.2098,-64.4652],[-59.1859,-64.4721],[-59.17,-64.4723],[-59.1435,-64.4623],[-59.1163,-64.457],[-59.1088,-64.4509],[-59.0637,-64.4511],[-59.0544,-64.441],[-59.0308,-64.4363],[-58.9931,-64.4413],[-58.9878,-64.4485],[-58.9883,-64.4755],[-58.9944,-64.4835],[-59.0183,-64.4965],[-59.0016,-64.5092],[-58.9947,-64.5214],[-58.979,-64.5188],[-58.9517,-64.522],[-58.9289,-64.5334],[-58.9284,-64.5456],[-58.9018,-64.5562],[-58.8154,-64.5564],[-58.8045,-64.5453],[-58.7912,-64.5405],[-58.762,-64.5005],[-58.7586,-64.4899],[-58.761,-64.4601],[-58.771,-64.4509],[-58.7679,-64.4418],[-58.7769,-64.4204],[-58.7931,-64.4116],[-58.8265,-64.41],[-58.8392,-64.4007],[-58.8599,-64.3755],[-58.862,-64.3471],[-58.836,-64.3365],[-58.8183,-64.3405],[-58.8047,-64.3365],[-58.7541,-64.3296],[-58.7426,-64.3045],[-58.7517,-64.2918],[-58.7739,-64.2836],[-58.7945,-64.2864],[-58.8335,-64.2761],[-58.8689,-64.2787],[-58.8808,-64.2869],[-58.912,-64.2694],[-58.9347,-64.2683],[-58.9778,-64.2536],[-58.9777,-64.2341],[-58.957,-64.2103],[-58.9423,-64.2126],[-58.9071,-64.2101],[-58.9123,-64.1971],[-58.9244,-64.1921],[-58.9224,-64.1747],[-58.9033,-64.1725],[-58.9008,-64.1871],[-58.877,-64.1958],[-58.8795,-64.2021],[-58.849,-64.2157],[-58.8372,-64.2168],[-58.815,-64.2071],[-58.8119,-64.1923],[-58.819,-64.1766],[-58.7896,-64.1473],[-58.7836,-64.1366],[-58.7583,-64.1276],[-58.7428,-64.1092],[-58.7084,-64.1052],[-58.6969,-64.0946],[-58.7348,-64.0588],[-58.7235,-64.0373],[-58.722,-64.0215],[-58.6982,-64.0015],[-58.707,-63.9905],[-58.6759,-63.9755],[-58.718,-63.9667],[-58.6967,-63.9627],[-58.6621,-63.9628],[-58.6463,-63.95],[-58.6249,-63.9461],[-58.5938,-63.9294],[-58.5689,-63.9202],[-58.5452,-63.9214],[-58.5404,-63.9323],[-58.5091,-63.9202],[-58.4807,-63.9149],[-58.4733,-63.9007],[-58.4444,-63.8904],[-58.4361,-63.8791],[-58.4645,-63.8679],[-58.4741,-63.851],[-58.4466,-63.8383],[-58.4072,-63.8428],[-58.3802,-63.8384],[-58.3722,-63.8197],[-58.3753,-63.799],[-58.3639,-63.7913],[-58.3112,-63.7685],[-58.3132,-63.7599],[-58.2855,-63.7493],[-58.2647,-63.7447],[-58.2834,-63.737],[-58.284,-63.729],[-58.2679,-63.7233],[-58.2281,-63.7261],[-58.1848,-63.7192],[-58.154,-63.7119],[-58.1507,-63.7],[-58.1348,-63.696],[-58.1256,-63.6865],[-58.0775,-63.6586],[-58.0527,-63.663],[-58.0375,-63.6618],[-58.0258,-63.675],[-57.9981,-63.6783],[-57.9852,-63.6857],[-57.9663,-63.6867],[-57.949,-63.6702],[-57.9259,-63.6795],[-57.8971,-63.675],[-57.8511,-63.6803],[-57.8386,-63.6732],[-57.8704,-63.6718],[-57.8764,-63.6664],[-57.8567,-63.6566],[-57.8183,-63.6475],[-57.7715,-63.6449],[-57.7595,-63.6573],[-57.735,-63.6559],[-57.7289,-63.6497],[-57.7412,-63.6408],[-57.7036,-63.6256],[-57.6574,-63.6265],[-57.6603,-63.6333],[-57.6196,-63.6357],[-57.6119,-63.6271],[-57.6352,-63.627],[-57.6009,-63.6022],[-57.6954,-63.6012],[-57.7332,-63.6123],[-57.7558,-63.603],[-57.7564,-63.5932],[-57.7347,-63.5823],[-57.7417,-63.5684],[-57.7287,-63.555],[-57.6895,-63.5541],[-57.6853,-63.5508],[-57.6304,-63.5533],[-57.6183,-63.5612],[-57.5959,-63.5572],[-57.5729,-63.5598],[-57.54,-63.5527],[-57.5146,-63.5607],[-57.4891,-63.5607],[-57.4632,-63.5536],[-57.4174,-63.5484],[-57.4014,-63.5546],[-57.3797,-63.556],[-57.3792,-63.5456],[-57.3665,-63.5423],[-57.3236,-63.5536],[-57.2773,-63.5612],[-57.2484,-63.5704],[-57.1889,-63.5808],[-57.1745,-63.5925],[-57.1604,-63.6158],[-57.1604,-63.6314],[-57.1236,-63.6484],[-57.0981,-63.6491],[-57.0366,-63.6466],[-56.9991,-63.63],[-56.9895,-63.613],[-56.9534,-63.6074],[-56.9347,-63.6102],[-56.9023,-63.6351],[-56.8732,-63.6455],[-56.8211,-63.6433],[-56.7929,-63.6134],[-56.7723,-63.6045],[-56.7614,-63.5833],[-56.7663,-63.5734],[-56.7621,-63.5577],[-56.7663,-63.5462],[-56.7787,-63.5387],[-56.8231,-63.5256],[-56.9038,-63.5209],[-56.9158,-63.5127],[-56.916,-63.5012],[-56.9315,-63.4836],[-56.9612,-63.4786],[-56.9892,-63.4786],[-57.0058,-63.4708],[-56.9892,-63.4588],[-56.9488,-63.4492],[-56.9322,-63.4355],[-56.9273,-63.4171],[-56.9336,-63.4047],[-56.956,-63.3957],[-56.9962,-63.3948],[-57.0153,-63.3994],[-57.0429,-63.4139],[-57.0567,-63.4089],[-57.0327,-63.3842],[-57.0061,-63.3736],[-56.981,-63.3704],[-56.9966,-63.3629],[-57.0266,-63.3642],[-57.0367,-63.3549],[-57.0364,-63.3461],[-57.0156,-63.3249],[-57.0175,-63.3018],[-57.0104,-63.2966],[-57.0303,-63.274],[-57.0303,-63.266],[-57.0458,-63.258],[-57.0849,-63.2486],[-57.1894,-63.2275]]],[[[-46.2326,-77.625],[-46.3114,-77.6149],[-46.4461,-77.625],[-46.6062,-77.6682],[-46.7588,-77.6835],[-46.9824,-77.686],[-47.0583,-77.6736],[-47.523,-77.9092],[-48.394,-78.0794],[-49.6355,-78.2796],[-50.3864,-78.5799],[-50.7468,-78.7802],[-50.877,-79.0205],[-50.8369,-79.2908],[-50.7769,-79.5111],[-50.867,-79.6913],[-51.1473,-79.8014],[-51.4577,-79.8014],[-51.8581,-79.8915],[-52.5289,-80.1018],[-52.9494,-80.1318],[-53.9807,-80.2219],[-54.4712,-80.312],[-54.6214,-80.4522],[-54.8917,-80.4822],[-55.3423,-80.6324],[-55.4724,-80.8026],[-55.2922,-80.9628],[-54.7516,-81.0529],[-54.241,-81.123],[-53.5001,-81.123],[-52.5289,-81.0329],[-51.6179,-80.9828],[-50.927,-80.9127],[-49.7156,-80.7625],[-48.5242,-80.7525],[-47.1826,-80.7625],[-46.3216,-80.7025],[-45.8711,-80.5723],[-44.9399,-80.4021],[-44.5795,-80.352],[-44.4994,-80.272],[-44.6997,-80.2119],[-44.6596,-80.1118],[-44.2491,-80.0817],[-43.8987,-80.0817],[-43.6184,-80.0617],[-43.5083,-79.9916],[-43.5883,-79.8214],[-43.7285,-79.6212],[-43.9187,-79.4209],[-44.4193,-79.4209],[-44.7497,-79.4209],[-44.8198,-79.3409],[-44.5094,-79.3509],[-44.2391,-79.2608],[-44.159,-79.2207],[-44.2291,-79.1006],[-44.3492,-78.9704],[-44.4694,-78.8803],[-44.7597,-78.8202],[-45.3204,-78.9003],[-45.6107,-78.8803],[-45.7009,-78.7602],[-45.5807,-78.7001],[-45.0901,-78.7201],[-44.5495,-78.7001],[-44.2591,-78.7001],[-44.1991,-78.5699],[-44.5995,-78.2696],[-44.98,-78.0293],[-45.5426,-77.7146],[-45.5997,-77.7114],[-45.7725,-77.6733],[-45.925,-77.6479],[-46.0801,-77.653],[-46.2326,-77.625]]],[[[-70.3807,-68.8057],[-70.394,-68.7971],[-70.4366,-68.7857],[-70.463,-68.7836],[-70.505,-68.8011],[-70.5746,-68.8152],[-70.6629,-68.8177],[-70.704,-68.8142],[-70.7596,-68.8053],[-70.8202,-68.8178],[-70.9102,-68.8274],[-70.9255,-68.8344],[-70.9384,-68.8509],[-70.9862,-68.8614],[-71.0375,-68.8684],[-71.1291,-68.8627],[-71.1461,-68.8519],[-71.1789,-68.8487],[-71.2279,-68.8545],[-71.3191,-68.8586],[-71.3606,-68.8523],[-71.4058,-68.8536],[-71.4658,-68.8502],[-71.4958,-68.8518],[-71.5636,-68.8604],[-71.6146,-68.8765],[-71.631,-68.892],[-71.7068,-68.916],[-71.8446,-68.9296],[-71.9338,-68.9421],[-72.0107,-68.9606],[-72.0155,-68.9861],[-72.0316,-68.997],[-72.1118,-69.0245],[-72.1546,-69.0496],[-72.1927,-69.0625],[-72.2133,-69.0751],[-72.2135,-69.0916],[-72.2008,-69.1003],[-72.1942,-69.1139],[-72.1673,-69.1188],[-72.1492,-69.1272],[-72.1348,-69.1459],[-72.116,-69.1596],[-72.1419,-69.1818],[-72.1411,-69.2096],[-72.1297,-69.2241],[-72.1074,-69.2314],[-72.0949,-69.2408],[-72.0994,-69.2491],[-72.0598,-69.2699],[-72.0534,-69.2809],[-72.0172,-69.3114],[-71.9935,-69.3228],[-71.9602,-69.3327],[-71.9422,-69.3483],[-71.8662,-69.3639],[-71.8444,-69.3659],[-71.8254,-69.3564],[-71.805,-69.3576],[-71.7957,-69.3667],[-71.7687,-69.3756],[-71.7002,-69.3822],[-71.6745,-69.3968],[-71.6966,-69.4358],[-71.6835,-69.4478],[-71.6806,-69.4704],[-71.6604,-69.4907],[-71.6546,-69.5834],[-71.6024,-69.6413],[-71.5792,-69.6935],[-71.6372,-69.7746],[-71.7183,-69.7804],[-71.8284,-69.8325],[-71.8747,-69.8962],[-71.8284,-70.0121],[-71.7067,-70.0584],[-71.5908,-70.0642],[-71.4576,-70.1048],[-71.417,-70.1569],[-71.475,-70.1859],[-71.6024,-70.2322],[-71.7646,-70.2728],[-71.9906,-70.2496],[-72.2455,-70.2149],[-72.4598,-70.1975],[-72.5583,-70.238],[-72.5467,-70.3365],[-72.3787,-70.4292],[-72.2629,-70.4003],[-72.0775,-70.3829],[-71.8226,-70.4466],[-71.6546,-70.464],[-71.4981,-70.5277],[-71.3765,-70.6204],[-71.2548,-70.7131],[-71.0289,-70.8],[-70.8609,-70.8174],[-70.7682,-70.8521],[-70.6639,-70.9159],[-70.7103,-70.9854],[-70.8841,-71.0086],[-71.0984,-70.8927],[-71.3417,-70.9622],[-71.4402,-71.107],[-71.9268,-71.0665],[-72.6278,-71.0317],[-72.9696,-71.0781],[-73.045,-71.107],[-73.1492,-71.1418],[-73.2593,-71.2171],[-73.2802,-71.2709],[-73.3326,-71.3042],[-73.4178,-71.3007],[-73.4968,-71.3116],[-73.6005,-71.3299],[-73.6066,-71.3325],[-73.8905,-71.4024],[-73.963,-71.3994],[-74.0299,-71.3982],[-74.0299,-72.175],[-73.9684,-72.1591],[-73.8433,-72.1511],[-73.8005,-72.1377],[-73.8124,-72.0998],[-73.6806,-72.0586],[-73.6587,-72.0555],[-73.604,-72.0571],[-73.4764,-72.0851],[-73.4126,-72.0956],[-73.3698,-72.0999],[-73.3165,-72.0962],[-73.2443,-72.1022],[-73.1668,-72.1151],[-73.0721,-72.1476],[-73.0717,-72.1916],[-73.0605,-72.2125],[-73.0126,-72.2321],[-72.8015,-72.2677],[-72.7302,-72.2683],[-72.7159,-72.2776],[-72.7768,-72.2843],[-72.8542,-72.3002],[-72.9104,-72.3223],[-72.9552,-72.3502],[-73.0243,-72.3682],[-73.0908,-72.3898],[-73.1593,-72.4213],[-73.1462,-72.4542],[-73.0505,-72.4951],[-72.9007,-72.5559],[-72.8402,-72.5813],[-72.7751,-72.6001],[-72.6947,-72.6045],[-72.6434,-72.6056],[-72.5938,-72.6016],[-72.5536,-72.6038],[-72.5127,-72.6127],[-72.4923,-72.6273],[-72.5166,-72.6341],[-72.5102,-72.6446],[-72.4869,-72.6582],[-72.4412,-72.6603],[-72.4291,-72.6657],[-72.362,-72.6735],[-72.1881,-72.6539],[-72.0221,-72.6603],[-71.8018,-72.6507],[-71.5975,-72.6475],[-71.4283,-72.6603],[-71.2942,-72.6475],[-71.0994,-72.6443],[-70.8791,-72.6348],[-70.8057,-72.5645],[-70.745,-72.5741],[-70.6588,-72.6667],[-70.5758,-72.6539],[-70.4417,-72.6475],[-70.3428,-72.6348],[-70.1704,-72.6156],[-69.966,-72.5996],[-69.8383,-72.5773],[-69.5893,-72.5486],[-69.4584,-72.4975],[-69.27,-72.4751],[-69.1359,-72.4496],[-69.0657,-72.4113],[-68.9736,-72.3864],[-68.878,-72.3528],[-68.75,-72.2868],[-68.5965,-72.2545],[-68.4914,-72.2437],[-68.4443,-72.241],[-68.4133,-72.21],[-68.4268,-72.1575],[-68.4133,-72.1373],[-68.3675,-72.0942],[-68.3433,-71.9729],[-68.3002,-71.9204],[-68.2638,-71.8962],[-68.2194,-71.8625],[-68.2207,-71.7898],[-68.2018,-71.6793],[-68.214,-71.6308],[-68.2113,-71.5339],[-68.2261,-71.48],[-68.2382,-71.4234],[-68.2369,-71.352],[-68.2315,-71.2752],[-68.2288,-71.1863],[-68.2382,-71.1136],[-68.2813,-71.0422],[-68.2813,-70.9789],[-68.2975,-70.8617],[-68.35,-70.7742],[-68.3918,-70.7284],[-68.42,-70.6934],[-68.4281,-70.653],[-68.4793,-70.6247],[-68.5628,-70.5614],[-68.5898,-70.5317],[-68.61,-70.4792],[-68.649,-70.4361],[-68.68,-70.4146],[-68.7029,-70.3903],[-68.7191,-70.3661],[-68.7325,-70.3324],[-68.7999,-70.2974],[-68.8537,-70.2772],[-68.9305,-70.2327],[-69.0342,-70.1748],[-69.0868,-70.1196],[-69.115,-70.0698],[-69.1433,-70.024],[-69.1972,-69.993],[-69.2322,-69.9499],[-69.2659,-69.9229],[-69.2565,-69.8947],[-69.2686,-69.8785],[-69.305,-69.8435],[-69.3265,-69.8111],[-69.3198,-69.7478],[-69.3184,-69.7047],[-69.3121,-69.6915],[-69.328,-69.6654],[-69.3412,-69.6541],[-69.3357,-69.6411],[-69.3204,-69.6283],[-69.3612,-69.6114],[-69.4047,-69.5963],[-69.4255,-69.5795],[-69.4758,-69.5716],[-69.4868,-69.5563],[-69.4669,-69.5306],[-69.5228,-69.5051],[-69.5209,-69.4873],[-69.5402,-69.4755],[-69.5229,-69.461],[-69.56,-69.4392],[-69.5905,-69.4101],[-69.6307,-69.4032],[-69.6556,-69.3785],[-69.6776,-69.3447],[-69.7106,-69.3079],[-69.7367,-69.2845],[-69.751,-69.278],[-69.786,-69.2832],[-69.7978,-69.2923],[-69.8493,-69.3024],[-69.9024,-69.2968],[-69.9377,-69.3098],[-69.9971,-69.3078],[-70.0311,-69.3115],[-70.0433,-69.2897],[-70.054,-69.287],[-70.0963,-69.2877],[-70.0994,-69.279],[-70.1169,-69.2676],[-70.0959,-69.2594],[-70.0867,-69.2428],[-70.0651,-69.2294],[-70.0687,-69.2141],[-70.0407,-69.2017],[-70.0251,-69.1821],[-70.0313,-69.1607],[-70.0626,-69.1453],[-70.1058,-69.1412],[-70.0978,-69.1193],[-70.0611,-69.1027],[-70.0103,-69.1013],[-70.0202,-69.0883],[-70.0514,-69.065],[-70.0708,-69.0582],[-70.0868,-69.0396],[-70.0884,-69.0237],[-70.1141,-69.004],[-70.1096,-68.9977],[-70.074,-68.9909],[-70.0773,-68.975],[-70.0921,-68.9697],[-70.1162,-68.95],[-70.092,-68.9263],[-70.1062,-68.896],[-70.1184,-68.8849],[-70.1532,-68.8667],[-70.2102,-68.8447],[-70.2336,-68.8435],[-70.2491,-68.8361],[-70.2789,-68.83],[-70.3481,-68.8205],[-70.3807,-68.8057]]],[[[-61.1584,-79.6186],[-61.5322,-79.6186],[-61.906,-79.6854],[-62.3065,-79.8055],[-62.4667,-79.8989],[-62.5467,-80.0057],[-62.3732,-80.0858],[-62.2531,-80.1793],[-62.3198,-80.2327],[-62.6135,-80.2994],[-63.1875,-80.2727],[-63.628,-80.3128],[-64.1086,-80.3528],[-64.6159,-80.3261],[-65.6171,-80.2994],[-66.0976,-80.2727],[-66.8185,-80.0992],[-67.0855,-80.0191],[-67.4058,-80.0858],[-67.3925,-80.1926],[-67.1789,-80.3662],[-66.8986,-80.5263],[-66.418,-80.4997],[-65.7906,-80.5664],[-65.3634,-80.6598],[-65.0564,-80.5797],[-64.5892,-80.5397],[-64.1086,-80.5797],[-63.7215,-80.7533],[-63.1074,-80.8868],[-62.4266,-80.9535],[-62.0261,-80.9535],[-61.5189,-80.8868],[-60.9982,-80.6999],[-60.6111,-80.4329],[-60.5711,-79.9924],[-60.5711,-79.7387],[-60.734,-79.641],[-60.7446,-79.6453],[-61.1584,-79.6186]]],[[[-67.8439,-78.7184],[-67.4798,-78.5336],[-67.2557,-78.3991],[-67.3509,-78.3823],[-67.9335,-78.3543],[-68.5216,-78.4607],[-69.037,-78.5504],[-69.3618,-78.6232],[-69.5971,-78.7072],[-69.7819,-78.7576],[-70.118,-78.7352],[-70.5101,-78.7744],[-71.2607,-78.9257],[-71.9049,-79.0545],[-72.241,-79.1441],[-72.353,-79.1609],[-72.3752,-79.1969],[-72.3633,-79.2328],[-72.2466,-79.2786],[-72.1401,-79.3066],[-72.0225,-79.3346],[-71.9441,-79.3738],[-71.9161,-79.4522],[-71.8601,-79.4914],[-71.692,-79.5642],[-71.5632,-79.5866],[-71.3671,-79.6538],[-71.2327,-79.6819],[-71.1151,-79.6987],[-70.975,-79.6595],[-70.8686,-79.581],[-70.6558,-79.4578],[-70.5045,-79.357],[-70.1516,-79.2674],[-69.8996,-79.1833],[-69.7371,-79.0881],[-69.4459,-79.0097],[-69.0762,-78.9425],[-68.7177,-78.8977],[-68.3368,-78.8248],[-68.0399,-78.7744],[-67.8439,-78.7184]]],[[[-67.6486,-66.6885],[-67.6437,-66.6833],[-67.6699,-66.6718],[-67.6732,-66.6633],[-67.6591,-66.6554],[-67.6574,-66.6423],[-67.681,-66.6252],[-67.7537,-66.6222],[-67.8275,-66.6229],[-67.8941,-66.6298],[-67.9283,-66.6515],[-67.9826,-66.6781],[-68.0168,-66.6844],[-68.0621,-66.7114],[-68.1644,-66.7281],[-68.2337,-66.7425],[-68.2809,-66.7597],[-68.3293,-66.7807],[-68.3645,-66.8178],[-68.4205,-66.8326],[-68.4638,-66.8655],[-68.4753,-66.8862],[-68.5129,-66.9154],[-68.5494,-66.9408],[-68.5576,-66.9656],[-68.6059,-67.0117],[-68.6366,-67.047],[-68.7035,-67.1058],[-68.7259,-67.1299],[-68.7669,-67.1621],[-68.7704,-67.1761],[-68.7892,-67.1951],[-68.7892,-67.2084],[-68.78,-67.2176],[-68.7861,-67.229],[-68.8233,-67.2417],[-68.8285,-67.2513],[-68.815,-67.2631],[-68.8272,-67.274],[-68.8534,-67.2714],[-68.8932,-67.295],[-68.8889,-67.3122],[-68.919,-67.3173],[-68.9478,-67.3269],[-68.9561,-67.3352],[-69.0086,-67.3509],[-69.0431,-67.3772],[-69.0693,-67.4016],[-69.12,-67.4375],[-69.148,-67.4641],[-69.1655,-67.5065],[-69.1965,-67.5293],[-69.2,-67.5559],[-69.1651,-67.5721],[-69.1568,-67.5887],[-69.127,-67.6119],[-69.1061,-67.6149],[-69.1196,-67.6232],[-69.12,-67.632],[-69.0755,-67.6355],[-69.0667,-67.6438],[-69.0785,-67.6569],[-69.0545,-67.6652],[-69.0047,-67.6678],[-68.9841,-67.6726],[-68.9859,-67.6918],[-68.9697,-67.7006],[-68.9369,-67.6945],[-68.9312,-67.701],[-68.9439,-67.7194],[-68.912,-67.7478],[-68.9151,-67.7596],[-68.9046,-67.7661],[-68.8443,-67.7548],[-68.8255,-67.7626],[-68.7831,-67.7504],[-68.7459,-67.7522],[-68.7173,-67.742],[-68.6803,-67.7358],[-68.6295,-67.7419],[-68.5775,-67.7503],[-68.5537,-67.7451],[-68.5412,-67.7244],[-68.524,-67.7157],[-68.512,-67.6994],[-68.4961,-67.6951],[-68.4394,-67.6636],[-68.4163,-67.6627],[-68.4049,-67.6513],[-68.4102,-67.643],[-68.4054,-67.6264],[-68.3881,-67.6133],[-68.4108,-67.5995],[-68.4147,-67.5857],[-68.4334,-67.5808],[-68.4336,-67.5695],[-68.4218,-67.5582],[-68.3636,-67.5489],[-68.3434,-67.5417],[-68.3164,-67.5388],[-68.2657,-67.5154],[-68.237,-67.5171],[-68.2355,-67.5378],[-68.2298,-67.5449],[-68.1696,-67.5636],[-68.1335,-67.5678],[-68.1285,-67.5557],[-68.1052,-67.542],[-68.0808,-67.5358],[-68.0717,-67.5258],[-68.0575,-67.524],[-68.0533,-67.5127],[-68.0393,-67.5024],[-68.0359,-67.4857],[-68.0258,-67.479],[-67.9751,-67.4699],[-67.9685,-67.4345],[-67.941,-67.421],[-67.9518,-67.3977],[-67.9823,-67.392],[-68.0135,-67.4009],[-68.0432,-67.395],[-68.0661,-67.394],[-68.0983,-67.3846],[-68.1657,-67.3888],[-68.1898,-67.3854],[-68.2475,-67.3813],[-68.2618,-67.3746],[-68.2517,-67.363],[-68.1966,-67.3537],[-68.1775,-67.3374],[-68.1318,-67.3227],[-68.0314,-67.3069],[-68.0041,-67.3074],[-67.9815,-67.3008],[-67.9737,-67.2792],[-67.9915,-67.2703],[-67.9942,-67.2622],[-67.9716,-67.2477],[-67.9581,-67.2455],[-67.9246,-67.2492],[-67.9015,-67.2369],[-67.8678,-67.2344],[-67.858,-67.2281],[-67.8622,-67.217],[-67.8457,-67.2131],[-67.8405,-67.199],[-67.826,-67.1907],[-67.7946,-67.1904],[-67.7818,-67.2047],[-67.7594,-67.2037],[-67.7609,-67.1882],[-67.7258,-67.1773],[-67.6852,-67.1614],[-67.6795,-67.1486],[-67.7599,-67.1336],[-67.7803,-67.1364],[-67.7963,-67.1258],[-67.7808,-67.1228],[-67.7815,-67.108],[-67.797,-67.0995],[-67.7968,-67.0887],[-67.8118,-67.0816],[-67.8125,-67.0717],[-67.838,-67.0773],[-67.879,-67.0789],[-67.8885,-67.0717],[-67.8813,-67.0606],[-67.9115,-67.056],[-67.9551,-67.0596],[-67.9672,-67.0452],[-67.9423,-67.0301],[-67.9465,-67.0219],[-67.9246,-67.0111],[-67.9304,-66.9955],[-67.9495,-66.9881],[-67.9593,-66.976],[-67.9931,-66.9675],[-68.0226,-66.9482],[-68.0252,-66.9429],[-68.0154,-66.919],[-67.9977,-66.9081],[-67.9977,-66.9009],[-67.9744,-66.8895],[-67.9836,-66.8796],[-67.9803,-66.8587],[-67.9351,-66.8534],[-67.9269,-66.8475],[-67.9521,-66.8426],[-67.9469,-66.8242],[-67.9141,-66.8134],[-67.8836,-66.8105],[-67.8544,-66.816],[-67.8262,-66.8039],[-67.8387,-66.7862],[-67.8298,-66.7764],[-67.8095,-66.7695],[-67.7738,-66.7672],[-67.7423,-66.7574],[-67.7518,-66.7443],[-67.7466,-66.7315],[-67.7354,-66.7256],[-67.705,-66.7239],[-67.6709,-66.7102],[-67.6856,-66.7066],[-67.68,-66.6915],[-67.6486,-66.6885]]],[[[-57.7963,-63.791],[-57.7846,-63.7899],[-57.7851,-63.7782],[-57.8191,-63.7956],[-57.8377,-63.8001],[-57.874,-63.7983],[-57.8923,-63.8018],[-57.9562,-63.8038],[-57.9713,-63.8087],[-57.9702,-63.8164],[-57.9401,-63.8344],[-57.9501,-63.8483],[-57.9507,-63.8591],[-57.9695,-63.8642],[-58.0188,-63.8366],[-58.0445,-63.8459],[-58.1091,-63.8571],[-58.1173,-63.8728],[-58.0998,-63.891],[-58.0987,-63.8985],[-58.1175,-63.9087],[-58.1467,-63.908],[-58.1602,-63.9023],[-58.1847,-63.8812],[-58.2152,-63.8936],[-58.2223,-63.9016],[-58.2181,-63.9124],[-58.2988,-63.9184],[-58.3143,-63.9429],[-58.2971,-63.9418],[-58.2984,-63.9622],[-58.2703,-63.9666],[-58.2519,-63.9646],[-58.1982,-63.9657],[-58.1823,-63.9686],[-58.1752,-63.9814],[-58.1925,-63.9911],[-58.2455,-63.9929],[-58.2714,-64.0002],[-58.2909,-64.0117],[-58.3024,-64.01],[-58.3014,-63.995],[-58.3237,-63.9897],[-58.3515,-63.9937],[-58.3851,-64.0157],[-58.4018,-64.0234],[-58.4124,-64.0352],[-58.4018,-64.0532],[-58.4096,-64.0642],[-58.4448,-64.0641],[-58.4501,-64.0931],[-58.4176,-64.1045],[-58.416,-64.1112],[-58.4519,-64.1131],[-58.4483,-64.1361],[-58.4187,-64.1311],[-58.3908,-64.1335],[-58.3701,-64.1412],[-58.3512,-64.1431],[-58.3627,-64.124],[-58.3566,-64.1192],[-58.3232,-64.1174],[-58.3016,-64.1268],[-58.327,-64.1467],[-58.3216,-64.1585],[-58.2519,-64.165],[-58.2072,-64.1711],[-58.1892,-64.1796],[-58.1888,-64.1881],[-58.1767,-64.1961],[-58.1821,-64.2114],[-58.1684,-64.2192],[-58.1333,-64.2234],[-58.1312,-64.2359],[-58.1527,-64.2558],[-58.1555,-64.2698],[-58.2324,-64.2836],[-58.2523,-64.2968],[-58.2844,-64.3009],[-58.284,-64.3082],[-58.297,-64.3179],[-58.2948,-64.3344],[-58.2769,-64.3363],[-58.2584,-64.3477],[-58.2215,-64.3607],[-58.2142,-64.3857],[-58.204,-64.3863],[-58.1827,-64.3736],[-58.147,-64.3788],[-58.141,-64.3967],[-58.1255,-64.3947],[-58.0915,-64.376],[-58.0698,-64.3572],[-58.0516,-64.3524],[-58.0326,-64.3539],[-58.0224,-64.3624],[-58.0194,-64.3747],[-58.0022,-64.3868],[-58.0307,-64.4115],[-58.0177,-64.4264],[-57.966,-64.4406],[-57.9399,-64.4357],[-57.9182,-64.4213],[-57.8885,-64.424],[-57.8585,-64.4227],[-57.8242,-64.4058],[-57.8268,-64.3906],[-57.812,-64.3886],[-57.8182,-64.3587],[-57.8043,-64.3506],[-57.7864,-64.3481],[-57.7552,-64.3499],[-57.7273,-64.3382],[-57.7151,-64.345],[-57.7211,-64.3632],[-57.7087,-64.3842],[-57.6795,-64.3882],[-57.6501,-64.3812],[-57.6393,-64.3842],[-57.6061,-64.3811],[-57.5977,-64.3643],[-57.5347,-64.3534],[-57.5108,-64.3634],[-57.5084,-64.3806],[-57.4829,-64.3722],[-57.4643,-64.3722],[-57.4376,-64.3864],[-57.4047,-64.3842],[-57.3817,-64.3915],[-57.3204,-64.3837],[-57.308,-64.3694],[-57.2894,-64.3625],[-57.2992,-64.3537],[-57.2998,-64.3417],[-57.3403,-64.332],[-57.3611,-64.3165],[-57.3892,-64.3121],[-57.3856,-64.3059],[-57.4073,-64.2926],[-57.4047,-64.2842],[-57.3812,-64.2791],[-57.3553,-64.2822],[-57.3166,-64.2796],[-57.3027,-64.272],[-57.3292,-64.2581],[-57.3281,-64.2513],[-57.3087,-64.242],[-57.2739,-64.2415],[-57.2441,-64.2256],[-57.2346,-64.2137],[-57.2189,-64.2225],[-57.1804,-64.2223],[-57.1435,-64.2125],[-57.126,-64.2033],[-57.0678,-64.1807],[-57.0623,-64.1639],[-57.0703,-64.159],[-57.1209,-64.1548],[-57.1689,-64.1643],[-57.2065,-64.1604],[-57.2083,-64.1407],[-57.1656,-64.1188],[-57.157,-64.0971],[-57.1452,-64.0878],[-57.1594,-64.0754],[-57.1797,-64.0779],[-57.2065,-64.0681],[-57.2551,-64.0641],[-57.2711,-64.0728],[-57.292,-64.0705],[-57.2901,-64.0487],[-57.3098,-64.0467],[-57.3412,-64.0623],[-57.3663,-64.0622],[-57.3841,-64.0482],[-57.433,-64.0385],[-57.4544,-64.0405],[-57.475,-64.0305],[-57.4978,-64.0305],[-57.5102,-64.0168],[-57.4951,-64.0011],[-57.5148,-63.9878],[-57.4905,-63.9797],[-57.4765,-63.9657],[-57.4984,-63.9604],[-57.5163,-63.9496],[-57.4907,-63.9248],[-57.5168,-63.9288],[-57.5555,-63.9434],[-57.5661,-63.952],[-57.5654,-63.9609],[-57.5785,-63.9744],[-57.6022,-63.9739],[-57.6659,-63.9905],[-57.6678,-64.002],[-57.6895,-64.0071],[-57.7114,-64.0075],[-57.7318,-64.0124],[-57.7446,-64.0305],[-57.7234,-64.0376],[-57.7023,-64.0365],[-57.6926,-64.0619],[-57.7029,-64.073],[-57.7319,-64.0834],[-57.7957,-64.0792],[-57.8125,-64.0843],[-57.8335,-64.0807],[-57.8406,-64.0732],[-57.8596,-64.0772],[-57.8726,-64.0712],[-57.8594,-64.0606],[-57.8381,-64.0606],[-57.8247,-64.056],[-57.8187,-64.0438],[-57.8269,-64.0148],[-57.8134,-63.9958],[-57.8353,-63.9967],[-57.8713,-63.9854],[-57.878,-63.9746],[-57.8647,-63.971],[-57.8017,-63.9354],[-57.8273,-63.9334],[-57.8339,-63.9246],[-57.8222,-63.9131],[-57.7879,-63.9113],[-57.768,-63.8978],[-57.7789,-63.8768],[-57.7806,-63.858],[-57.7908,-63.8443],[-57.8087,-63.8319],[-57.8063,-63.8029],[-57.7963,-63.791]]],[[[-63.3203,-64.2448],[-63.3591,-64.25],[-63.3462,-64.2575],[-63.3836,-64.2628],[-63.4185,-64.2614],[-63.4343,-64.2525],[-63.4649,-64.2546],[-63.4918,-64.2625],[-63.5201,-64.265],[-63.5721,-64.2749],[-63.5585,-64.2805],[-63.5453,-64.2953],[-63.5589,-64.3099],[-63.5577,-64.3206],[-63.5932,-64.325],[-63.6119,-64.3215],[-63.629,-64.3257],[-63.6531,-64.3187],[-63.6743,-64.3212],[-63.6842,-64.3489],[-63.6724,-64.3559],[-63.6402,-64.3546],[-63.6348,-64.3638],[-63.6439,-64.3761],[-63.6651,-64.38],[-63.6691,-64.3933],[-63.6796,-64.3998],[-63.6758,-64.4074],[-63.6577,-64.4093],[-63.6653,-64.4242],[-63.6954,-64.4259],[-63.7062,-64.4445],[-63.7557,-64.4565],[-63.7961,-64.4499],[-63.7902,-64.4407],[-63.7972,-64.4305],[-63.8406,-64.4324],[-63.8853,-64.4412],[-63.8686,-64.4468],[-63.913,-64.4601],[-63.9417,-64.4598],[-63.9357,-64.473],[-63.919,-64.4815],[-63.8881,-64.479],[-63.8805,-64.4908],[-63.885,-64.4965],[-63.8565,-64.5002],[-63.8557,-64.5116],[-63.8785,-64.5268],[-63.8827,-64.5372],[-63.9366,-64.538],[-63.9453,-64.5438],[-63.9971,-64.5465],[-64.0122,-64.543],[-64.0369,-64.5445],[-64.0758,-64.5537],[-64.2023,-64.5948],[-64.1859,-64.6237],[-64.2001,-64.6509],[-64.2349,-64.6606],[-64.2366,-64.6725],[-64.2484,-64.6842],[-64.3087,-64.6858],[-64.3081,-64.7038],[-64.2904,-64.7192],[-64.2604,-64.7199],[-64.246,-64.7128],[-64.2054,-64.7218],[-64.1752,-64.7223],[-64.1411,-64.714],[-64.1164,-64.7115],[-64.1076,-64.731],[-64.0801,-64.733],[-64.0716,-64.7465],[-64.0765,-64.7529],[-64.0563,-64.7647],[-64.0512,-64.7739],[-64.0273,-64.7806],[-63.9969,-64.772],[-63.9767,-64.7728],[-63.9535,-64.7867],[-63.9324,-64.7839],[-63.9105,-64.7899],[-63.8845,-64.7901],[-63.825,-64.7845],[-63.7745,-64.7901],[-63.7601,-64.808],[-63.7507,-64.8096],[-63.7526,-64.8301],[-63.7362,-64.8379],[-63.7141,-64.8395],[-63.7105,-64.8575],[-63.6741,-64.8505],[-63.6571,-64.838],[-63.6605,-64.8275],[-63.6434,-64.8256],[-63.6326,-64.8023],[-63.6181,-64.802],[-63.5837,-64.7912],[-63.567,-64.781],[-63.5673,-64.774],[-63.5227,-64.7615],[-63.5252,-64.7522],[-63.5542,-64.7554],[-63.5788,-64.7467],[-63.56,-64.7357],[-63.5319,-64.7316],[-63.4936,-64.7309],[-63.4884,-64.7208],[-63.4712,-64.7127],[-63.4529,-64.7109],[-63.4291,-64.718],[-63.4142,-64.7275],[-63.416,-64.7378],[-63.4071,-64.7482],[-63.4159,-64.7645],[-63.3891,-64.7652],[-63.3669,-64.7702],[-63.3432,-64.7685],[-63.3195,-64.7413],[-63.2882,-64.7357],[-63.2859,-64.7217],[-63.2528,-64.7175],[-63.2521,-64.7065],[-63.2255,-64.7011],[-63.2125,-64.6867],[-63.1842,-64.6821],[-63.1766,-64.6697],[-63.1914,-64.6676],[-63.1929,-64.6569],[-63.1756,-64.6496],[-63.1456,-64.6452],[-63.1401,-64.639],[-63.1069,-64.6345],[-63.1056,-64.6449],[-63.0924,-64.649],[-63.0682,-64.6412],[-63.0777,-64.6288],[-63.0583,-64.6203],[-62.9839,-64.6217],[-62.9642,-64.6149],[-62.9485,-64.6044],[-62.9128,-64.603],[-62.9118,-64.5921],[-62.8998,-64.587],[-62.8617,-64.5807],[-62.8074,-64.5694],[-62.8218,-64.5616],[-62.8619,-64.5595],[-62.8747,-64.5364],[-62.8851,-64.5308],[-62.93,-64.5171],[-62.949,-64.5188],[-62.9436,-64.5274],[-62.9685,-64.5399],[-63.0155,-64.5374],[-63.001,-64.5143],[-63.0196,-64.5142],[-63.0353,-64.5275],[-63.0549,-64.5361],[-63.0534,-64.5453],[-63.0677,-64.5517],[-63.098,-64.5527],[-63.1312,-64.5589],[-63.1206,-64.577],[-63.1253,-64.5815],[-63.184,-64.5818],[-63.2037,-64.5714],[-63.2214,-64.5716],[-63.235,-64.579],[-63.2669,-64.5823],[-63.2773,-64.5719],[-63.3012,-64.5617],[-63.2874,-64.5505],[-63.2553,-64.5487],[-63.2438,-64.5423],[-63.2205,-64.5402],[-63.215,-64.5273],[-63.198,-64.5139],[-63.1589,-64.5048],[-63.16,-64.4999],[-63.1308,-64.495],[-63.1216,-64.4793],[-63.1056,-64.4705],[-63.1212,-64.463],[-63.1547,-64.4612],[-63.1744,-64.4837],[-63.1974,-64.4758],[-63.2253,-64.4853],[-63.2461,-64.4741],[-63.2243,-64.464],[-63.2119,-64.4465],[-63.1582,-64.4301],[-63.1683,-64.421],[-63.1469,-64.418],[-63.1508,-64.395],[-63.169,-64.3896],[-63.1918,-64.3908],[-63.2082,-64.3995],[-63.2104,-64.4081],[-63.2291,-64.4104],[-63.2518,-64.4283],[-63.291,-64.4366],[-63.3197,-64.4486],[-63.3336,-64.4491],[-63.3648,-64.4408],[-63.3447,-64.428],[-63.3073,-64.4202],[-63.2934,-64.4065],[-63.2944,-64.3951],[-63.2701,-64.3933],[-63.2599,-64.3851],[-63.273,-64.3783],[-63.3105,-64.3879],[-63.3233,-64.3789],[-63.3002,-64.363],[-63.2544,-64.3615],[-63.2205,-64.365],[-63.1646,-64.3277],[-63.1878,-64.3199],[-63.1922,-64.3113],[-63.1539,-64.3126],[-63.1672,-64.2785],[-63.177,-64.2749],[-63.2042,-64.2853],[-63.2299,-64.277],[-63.2615,-64.2869],[-63.2799,-64.2793],[-63.2742,-64.2675],[-63.2992,-64.2684],[-63.3256,-64.2571],[-63.3203,-64.2448]]],[[[-55.5867,-63.1237],[-55.6219,-63.1208],[-55.6366,-63.1244],[-55.6872,-63.1247],[-55.7115,-63.1405],[-55.754,-63.1567],[-55.7924,-63.1474],[-55.834,-63.1263],[-55.8974,-63.1327],[-55.918,-63.1388],[-55.9374,-63.1395],[-55.9527,-63.1473],[-55.9945,-63.1448],[-56.031,-63.1481],[-56.0401,-63.1416],[-56.0616,-63.1445],[-56.0878,-63.1585],[-56.1271,-63.162],[-56.1695,-63.1728],[-56.1955,-63.1764],[-56.2098,-63.1894],[-56.2418,-63.1976],[-56.245,-63.2054],[-56.264,-63.2138],[-56.2966,-63.2148],[-56.3585,-63.2263],[-56.3758,-63.2355],[-56.4123,-63.2497],[-56.4457,-63.2762],[-56.4866,-63.2945],[-56.4773,-63.3024],[-56.438,-63.3125],[-56.4538,-63.3262],[-56.513,-63.3265],[-56.5371,-63.3297],[-56.5565,-63.3602],[-56.5568,-63.3713],[-56.5331,-63.3857],[-56.4574,-63.3986],[-56.4635,-63.4205],[-56.4283,-63.4385],[-56.3993,-63.4377],[-56.3702,-63.4406],[-56.2941,-63.4309],[-56.2761,-63.4212],[-56.2554,-63.4036],[-56.2424,-63.4025],[-56.1746,-63.4051],[-56.136,-63.403],[-56.1042,-63.3877],[-56.045,-63.385],[-56.0148,-63.3627],[-56.0231,-63.338],[-56.0148,-63.3347],[-55.9557,-63.3369],[-55.9251,-63.3265],[-55.9129,-63.3168],[-55.9183,-63.3006],[-55.9079,-63.2945],[-55.8834,-63.2938],[-55.831,-63.3085],[-55.8336,-63.3247],[-55.793,-63.3268],[-55.7725,-63.3222],[-55.7731,-63.2875],[-55.7388,-63.2952],[-55.6742,-63.3229],[-55.6394,-63.3282],[-55.6315,-63.3333],[-55.5718,-63.3396],[-55.5546,-63.3441],[-55.546,-63.334],[-55.5258,-63.3285],[-55.5062,-63.3308],[-55.4828,-63.3266],[-55.4491,-63.3265],[-55.4067,-63.3326],[-55.3776,-63.3537],[-55.3426,-63.3624],[-55.2726,-63.3617],[-55.2101,-63.3636],[-55.1697,-63.3625],[-55.1093,-63.3469],[-55.0766,-63.3358],[-55.0494,-63.3175],[-55.0393,-63.2996],[-55.0393,-63.2798],[-55.0512,-63.2561],[-55.0526,-63.2335],[-55.0583,-63.2263],[-55.0995,-63.2134],[-55.1308,-63.1998],[-55.1628,-63.1937],[-55.1632,-63.2062],[-55.1894,-63.2138],[-55.2134,-63.2141],[-55.2436,-63.2087],[-55.2509,-63.202],[-55.3186,-63.1886],[-55.3943,-63.1915],[-55.4026,-63.2012],[-55.4216,-63.2109],[-55.4664,-63.2104],[-55.4751,-63.2034],[-55.4943,-63.1999],[-55.5124,-63.1862],[-55.535,-63.1768],[-55.5257,-63.1678],[-55.4833,-63.1563],[-55.5106,-63.1488],[-55.525,-63.1391],[-55.5616,-63.1283],[-55.5867,-63.1237]]],[[[-72.2812,-69.5293],[-72.3719,-69.4748],[-72.4376,-69.453],[-72.4941,-69.4373],[-72.5721,-69.424],[-72.6374,-69.4152],[-72.7442,-69.4132],[-72.8239,-69.4252],[-72.8834,-69.4412],[-72.9243,-69.464],[-72.9887,-69.4967],[-73.0364,-69.5151],[-72.9986,-69.537],[-72.9059,-69.595],[-72.6742,-69.6993],[-72.5641,-69.7514],[-72.4482,-69.7282],[-72.2165,-69.7166],[-72.0022,-69.6877],[-71.9326,-69.6239],[-72.0022,-69.5892],[-72.0971,-69.5305],[-72.1197,-69.5274],[-72.1836,-69.5387],[-72.2812,-69.5293]]],[[[-61.7919,-69.5245],[-61.7588,-69.4778],[-61.79,-69.433],[-61.8347,-69.4019],[-61.8425,-69.359],[-61.9711,-69.3103],[-62.0295,-69.2987],[-62.047,-69.2597],[-62.084,-69.2363],[-62.1074,-69.2149],[-62.1275,-69.2126],[-62.2339,-69.176],[-62.4033,-69.139],[-62.526,-69.1409],[-62.5669,-69.174],[-62.5455,-69.2325],[-62.5124,-69.2636],[-62.4871,-69.3123],[-62.4384,-69.3318],[-62.3138,-69.3882],[-62.2476,-69.4642],[-62.193,-69.4875],[-62.1794,-69.5323],[-62.1697,-69.5908],[-62.1891,-69.6141],[-62.1346,-69.6511],[-62.1327,-69.692],[-62.1074,-69.731],[-62.0256,-69.729],[-61.9847,-69.7154],[-61.9341,-69.6531],[-61.9126,-69.6122],[-61.8854,-69.5421],[-61.8562,-69.5304],[-61.8192,-69.5362],[-61.7919,-69.5245]]],[[[-57.6828,-61.8939],[-57.6792,-61.9087],[-57.6888,-61.9151],[-57.7133,-61.9215],[-57.7389,-61.9223],[-57.7488,-61.9177],[-57.7705,-61.9315],[-57.802,-61.9451],[-57.8281,-61.9405],[-57.8678,-61.9456],[-57.921,-61.9363],[-57.9379,-61.9389],[-57.9566,-61.935],[-57.9591,-61.9244],[-57.9714,-61.9203],[-57.9919,-61.9038],[-58.0264,-61.9134],[-58.0356,-61.9243],[-58.0565,-61.9318],[-58.0811,-61.9312],[-58.1672,-61.9455],[-58.2018,-61.9558],[-58.2064,-61.9636],[-58.2418,-61.9597],[-58.2962,-61.943],[-58.3495,-61.9487],[-58.3683,-61.9372],[-58.4218,-61.9465],[-58.4584,-61.968],[-58.4858,-61.9686],[-58.5135,-61.9776],[-58.5276,-61.9909],[-58.5594,-61.99],[-58.5639,-61.997],[-58.6156,-62.0265],[-58.6416,-62.037],[-58.6218,-62.0583],[-58.6182,-62.0683],[-58.5858,-62.0675],[-58.5586,-62.0803],[-58.563,-62.0895],[-58.6126,-62.0943],[-58.633,-62.0855],[-58.7197,-62.063],[-58.7494,-62.0698],[-58.7686,-62.0849],[-58.801,-62.0997],[-58.8188,-62.1015],[-58.8459,-62.1121],[-58.8629,-62.111],[-58.8825,-62.1186],[-58.8996,-62.1393],[-58.9203,-62.1547],[-58.9194,-62.1704],[-58.9066,-62.1808],[-58.8922,-62.1839],[-58.8647,-62.1832],[-58.8429,-62.1589],[-58.8298,-62.1576],[-58.7951,-62.1713],[-58.801,-62.1832],[-58.7949,-62.1904],[-58.8001,-62.2096],[-58.7859,-62.2112],[-58.7686,-62.2039],[-58.7452,-62.2018],[-58.729,-62.2042],[-58.7507,-62.2158],[-58.7919,-62.2238],[-58.7631,-62.2393],[-58.7234,-62.2403],[-58.7138,-62.2313],[-58.6733,-62.2214],[-58.6691,-62.2324],[-58.6789,-62.2385],[-58.6735,-62.251],[-58.6134,-62.2615],[-58.596,-62.2524],[-58.568,-62.2476],[-58.5555,-62.2403],[-58.5299,-62.2385],[-58.5175,-62.2276],[-58.4888,-62.2327],[-58.4648,-62.2258],[-58.4524,-62.2294],[-58.4368,-62.2147],[-58.4429,-62.2021],[-58.4368,-62.1914],[-58.4457,-62.1751],[-58.4682,-62.1709],[-58.4701,-62.161],[-58.4824,-62.1548],[-58.5113,-62.1712],[-58.5384,-62.1828],[-58.5629,-62.1827],[-58.6068,-62.1877],[-58.6277,-62.1873],[-58.6359,-62.1799],[-58.6093,-62.1591],[-58.5781,-62.1532],[-58.5516,-62.154],[-58.5251,-62.1485],[-58.4781,-62.1261],[-58.4942,-62.122],[-58.4867,-62.1125],[-58.464,-62.1081],[-58.4665,-62.094],[-58.4933,-62.0915],[-58.5019,-62.0829],[-58.4845,-62.0764],[-58.4682,-62.0771],[-58.4462,-62.0598],[-58.4315,-62.0542],[-58.4143,-62.0586],[-58.4235,-62.08],[-58.4083,-62.0903],[-58.391,-62.0864],[-58.3951,-62.0672],[-58.3632,-62.0649],[-58.3401,-62.0823],[-58.3318,-62.0717],[-58.3178,-62.0722],[-58.2833,-62.0797],[-58.2957,-62.0911],[-58.3276,-62.0992],[-58.3234,-62.1091],[-58.35,-62.1053],[-58.3702,-62.1082],[-58.3932,-62.1165],[-58.387,-62.1299],[-58.3421,-62.133],[-58.3346,-62.1493],[-58.3164,-62.1593],[-58.3187,-62.1648],[-58.3018,-62.1791],[-58.2738,-62.189],[-58.2324,-62.1861],[-58.2176,-62.1748],[-58.2202,-62.1616],[-58.2025,-62.1543],[-58.1773,-62.1543],[-58.1615,-62.1579],[-58.1401,-62.1559],[-58.1271,-62.1426],[-58.1565,-62.1333],[-58.1752,-62.1193],[-58.1872,-62.1162],[-58.189,-62.1056],[-58.1651,-62.096],[-58.1751,-62.0916],[-58.18,-62.0713],[-58.1446,-62.0484],[-58.0984,-62.063],[-58.0485,-62.0736],[-57.9788,-62.0708],[-57.9617,-62.0792],[-57.9305,-62.0796],[-57.9176,-62.0742],[-57.9096,-62.0441],[-57.9013,-62.0404],[-57.8719,-62.0385],[-57.8556,-62.0287],[-57.8374,-62.03],[-57.8139,-62.0203],[-57.7676,-62.0112],[-57.7203,-62.0084],[-57.708,-62.0097],[-57.7068,-62.0231],[-57.6631,-62.026],[-57.6216,-62.0231],[-57.6422,-62.0004],[-57.6594,-61.995],[-57.6676,-61.9861],[-57.6866,-61.9775],[-57.678,-61.964],[-57.6607,-61.9621],[-57.6607,-61.9438],[-57.6494,-61.9403],[-57.646,-61.9229],[-57.6601,-61.9081],[-57.6828,-61.8939]]],[[[-62.4482,-64.0133],[-62.4616,-64.0094],[-62.4755,-64.0154],[-62.4734,-64.0274],[-62.4875,-64.0287],[-62.5088,-64.0378],[-62.5349,-64.0355],[-62.5624,-64.0423],[-62.5651,-64.0574],[-62.5353,-64.0605],[-62.5159,-64.068],[-62.5308,-64.0773],[-62.5048,-64.0808],[-62.4937,-64.0902],[-62.498,-64.0994],[-62.5394,-64.1125],[-62.6112,-64.1175],[-62.6003,-64.1316],[-62.6065,-64.1418],[-62.5797,-64.1517],[-62.5731,-64.1841],[-62.5621,-64.1772],[-62.5389,-64.1914],[-62.4747,-64.2113],[-62.4668,-64.2163],[-62.4656,-64.2379],[-62.4764,-64.2398],[-62.4854,-64.2573],[-62.4985,-64.2631],[-62.5183,-64.2627],[-62.52,-64.2821],[-62.532,-64.3012],[-62.5323,-64.312],[-62.55,-64.312],[-62.5823,-64.3313],[-62.5737,-64.3437],[-62.5931,-64.3668],[-62.6234,-64.3731],[-62.6289,-64.3845],[-62.651,-64.3848],[-62.6656,-64.3997],[-62.6842,-64.405],[-62.6735,-64.4225],[-62.6622,-64.4283],[-62.6463,-64.4451],[-62.6254,-64.4469],[-62.5957,-64.4444],[-62.5924,-64.4518],[-62.6037,-64.4595],[-62.6548,-64.4623],[-62.6601,-64.479],[-62.6745,-64.4916],[-62.6618,-64.5032],[-62.6393,-64.5118],[-62.6261,-64.5239],[-62.6006,-64.5307],[-62.5897,-64.5238],[-62.5948,-64.5087],[-62.5869,-64.5042],[-62.5549,-64.4983],[-62.567,-64.4892],[-62.5485,-64.4712],[-62.5504,-64.4592],[-62.5298,-64.4605],[-62.509,-64.455],[-62.4862,-64.4605],[-62.5121,-64.4733],[-62.4978,-64.4814],[-62.4663,-64.4868],[-62.4689,-64.497],[-62.4473,-64.4955],[-62.4574,-64.4688],[-62.4168,-64.4795],[-62.3797,-64.4625],[-62.386,-64.4509],[-62.3726,-64.4385],[-62.3255,-64.4427],[-62.3104,-64.4262],[-62.3247,-64.4233],[-62.3146,-64.413],[-62.3389,-64.4023],[-62.2978,-64.382],[-62.2714,-64.3742],[-62.2651,-64.3814],[-62.2699,-64.3958],[-62.2123,-64.3803],[-62.2168,-64.3747],[-62.1902,-64.3716],[-62.1818,-64.3624],[-62.2129,-64.353],[-62.1991,-64.3433],[-62.2026,-64.3336],[-62.1822,-64.313],[-62.1903,-64.3084],[-62.2164,-64.306],[-62.2183,-64.3001],[-62.1968,-64.2897],[-62.1759,-64.2895],[-62.1503,-64.2833],[-62.128,-64.2679],[-62.1108,-64.2638],[-62.1,-64.2467],[-62.0749,-64.2342],[-62.0536,-64.2133],[-62.0875,-64.2133],[-62.0886,-64.2027],[-62.1205,-64.1928],[-62.1492,-64.1954],[-62.1553,-64.1909],[-62.196,-64.1906],[-62.2082,-64.1759],[-62.1851,-64.1693],[-62.1694,-64.1691],[-62.1518,-64.1614],[-62.1292,-64.1616],[-62.119,-64.1569],[-62.0771,-64.1536],[-62.061,-64.1593],[-62.0348,-64.1592],[-62.0316,-64.1503],[-62.0071,-64.1486],[-62.0013,-64.1394],[-62.0267,-64.1354],[-62.0383,-64.1393],[-62.0722,-64.1386],[-62.1019,-64.121],[-62.1412,-64.1165],[-62.1728,-64.1213],[-62.1972,-64.1145],[-62.2184,-64.1128],[-62.2351,-64.1046],[-62.2546,-64.1023],[-62.2847,-64.0929],[-62.2858,-64.0833],[-62.2696,-64.0718],[-62.2703,-64.0621],[-62.2876,-64.0539],[-62.2682,-64.0308],[-62.2803,-64.0286],[-62.3024,-64.0159],[-62.3132,-64.0197],[-62.357,-64.0151],[-62.4062,-64.0148],[-62.4151,-64.0111],[-62.4482,-64.0133]]],[[[-60.1262,-62.468],[-60.1402,-62.4688],[-60.1623,-62.4787],[-60.1683,-62.4975],[-60.1849,-62.5067],[-60.2101,-62.5063],[-60.2519,-62.5191],[-60.2685,-62.5418],[-60.2791,-62.5492],[-60.3252,-62.5641],[-60.3655,-62.5641],[-60.403,-62.548],[-60.4225,-62.5498],[-60.4356,-62.5657],[-60.4841,-62.5735],[-60.5121,-62.5746],[-60.5252,-62.5714],[-60.5914,-62.5792],[-60.6126,-62.5732],[-60.6162,-62.5636],[-60.6541,-62.5664],[-60.6849,-62.5601],[-60.6951,-62.5477],[-60.6849,-62.5399],[-60.7075,-62.5285],[-60.7104,-62.5165],[-60.6987,-62.513],[-60.705,-62.4967],[-60.7178,-62.4917],[-60.7447,-62.4945],[-60.7895,-62.4823],[-60.8122,-62.4876],[-60.8223,-62.4963],[-60.8184,-62.5041],[-60.835,-62.5179],[-60.8325,-62.5261],[-60.8449,-62.5381],[-60.8188,-62.5441],[-60.8099,-62.5586],[-60.8236,-62.5834],[-60.8515,-62.5917],[-60.8748,-62.5953],[-60.9009,-62.5943],[-60.9328,-62.6068],[-60.9677,-62.6119],[-60.9758,-62.619],[-60.9763,-62.6336],[-60.9657,-62.6516],[-60.9512,-62.6618],[-60.9108,-62.6736],[-60.8812,-62.679],[-60.8715,-62.6839],[-60.8512,-62.6823],[-60.8398,-62.6727],[-60.8068,-62.6736],[-60.7957,-62.6657],[-60.7814,-62.6655],[-60.7621,-62.6567],[-60.7676,-62.6364],[-60.7635,-62.6282],[-60.739,-62.6182],[-60.7185,-62.6158],[-60.6817,-62.617],[-60.6392,-62.6252],[-60.6324,-62.6312],[-60.6108,-62.6324],[-60.6084,-62.6416],[-60.596,-62.6501],[-60.5557,-62.644],[-60.5386,-62.6325],[-60.4911,-62.6321],[-60.4693,-62.6364],[-60.4181,-62.6175],[-60.3585,-62.608],[-60.3298,-62.6174],[-60.3243,-62.6268],[-60.3314,-62.6328],[-60.3689,-62.6404],[-60.3688,-62.6587],[-60.3815,-62.6661],[-60.396,-62.6628],[-60.4091,-62.6711],[-60.4187,-62.6966],[-60.4342,-62.7178],[-60.4272,-62.7218],[-60.391,-62.7093],[-60.3864,-62.7032],[-60.3311,-62.6894],[-60.3145,-62.6769],[-60.2975,-62.6844],[-60.2966,-62.695],[-60.3319,-62.7133],[-60.3349,-62.7347],[-60.3289,-62.7468],[-60.3411,-62.7574],[-60.3168,-62.7629],[-60.293,-62.7584],[-60.2467,-62.7541],[-60.2242,-62.7423],[-60.1955,-62.7392],[-60.1478,-62.7287],[-60.153,-62.7148],[-60.1333,-62.7078],[-60.1148,-62.7139],[-60.0773,-62.7064],[-60.047,-62.7033],[-60.0118,-62.6905],[-60.004,-62.6777],[-59.9849,-62.6756],[-59.9643,-62.6668],[-59.9094,-62.6487],[-59.8864,-62.6388],[-59.8376,-62.626],[-59.8099,-62.6144],[-59.8124,-62.6097],[-59.8519,-62.6127],[-59.8869,-62.6097],[-59.9427,-62.6193],[-59.9657,-62.62],[-59.9735,-62.6363],[-59.9965,-62.6324],[-60.004,-62.6246],[-60.0261,-62.6221],[-60.0394,-62.6147],[-60.0401,-62.6027],[-60.0568,-62.5949],[-60.0772,-62.5941],[-60.0942,-62.5812],[-60.09,-62.5619],[-60.0649,-62.5415],[-60.0412,-62.5361],[-60.0291,-62.5396],[-60.0068,-62.5248],[-60.0192,-62.5237],[-60.0354,-62.5069],[-60.0734,-62.5046],[-60.0851,-62.4993],[-60.0922,-62.4879],[-60.0741,-62.4794],[-60.1038,-62.4692],[-60.1262,-62.468]]],[[[-45.7408,-60.5113],[-45.8416,-60.5226],[-45.8642,-60.5289],[-45.9049,-60.5325],[-45.9709,-60.5363],[-45.9858,-60.5612],[-46.0182,-60.5747],[-46.0581,-60.5804],[-46.1182,-60.5986],[-46.1022,-60.6271],[-46.0738,-60.6139],[-46.0019,-60.6139],[-46.0057,-60.6249],[-45.9963,-60.6476],[-45.9569,-60.6505],[-45.9172,-60.6341],[-45.8825,-60.616],[-45.854,-60.6134],[-45.8109,-60.6053],[-45.7847,-60.6072],[-45.7663,-60.6205],[-45.7465,-60.6272],[-45.7413,-60.6396],[-45.7074,-60.6493],[-45.6663,-60.6563],[-45.6372,-60.6451],[-45.5844,-60.6595],[-45.5336,-60.6591],[-45.463,-60.6654],[-45.3928,-60.661],[-45.3502,-60.6806],[-45.3457,-60.6909],[-45.3022,-60.6932],[-45.304,-60.7084],[-45.2459,-60.7243],[-45.2246,-60.7437],[-45.176,-60.7477],[-45.1623,-60.7593],[-45.1086,-60.7649],[-45.0865,-60.7478],[-45.1138,-60.7247],[-45.1303,-60.707],[-45.1095,-60.6965],[-45.1014,-60.6764],[-45.1699,-60.6658],[-45.1785,-60.6559],[-45.1845,-60.6329],[-45.2148,-60.6123],[-45.299,-60.6137],[-45.3465,-60.6118],[-45.3731,-60.5993],[-45.3915,-60.5668],[-45.405,-60.5552],[-45.4281,-60.5509],[-45.5156,-60.5441],[-45.5702,-60.5448],[-45.604,-60.5351],[-45.6351,-60.5315],[-45.6566,-60.5207],[-45.7153,-60.5218],[-45.7408,-60.5113]]],[[[-65.7677,-65.5216],[-65.8067,-65.5305],[-65.8503,-65.5324],[-65.8497,-65.5388],[-65.8739,-65.5414],[-65.9022,-65.5549],[-65.9208,-65.5519],[-65.9694,-65.5565],[-65.9569,-65.5694],[-65.9787,-65.5726],[-65.9747,-65.5816],[-65.9528,-65.5968],[-65.9627,-65.6206],[-65.9849,-65.6302],[-66.0055,-65.6565],[-66.037,-65.6571],[-66.0677,-65.6639],[-66.0454,-65.6728],[-66.0688,-65.6826],[-66.0903,-65.7016],[-66.075,-65.7052],[-66.058,-65.7187],[-66.0717,-65.7284],[-66.0469,-65.7365],[-66.0464,-65.7549],[-66.0926,-65.7758],[-66.1523,-65.7654],[-66.1635,-65.7875],[-66.1802,-65.7982],[-66.1819,-65.8181],[-66.1933,-65.825],[-66.1712,-65.8413],[-66.172,-65.8508],[-66.1849,-65.868],[-66.1599,-65.8727],[-66.1444,-65.8845],[-66.0983,-65.8782],[-66.0504,-65.8656],[-66.0056,-65.8669],[-65.9484,-65.8593],[-65.9396,-65.8465],[-65.9111,-65.8389],[-65.8769,-65.8357],[-65.8297,-65.844],[-65.7996,-65.8426],[-65.796,-65.8347],[-65.854,-65.8279],[-65.8422,-65.8112],[-65.826,-65.8027],[-65.8365,-65.7948],[-65.8294,-65.7847],[-65.838,-65.7507],[-65.8555,-65.7404],[-65.8783,-65.7211],[-65.897,-65.7172],[-65.9177,-65.7057],[-65.9151,-65.6919],[-65.8862,-65.6764],[-65.8452,-65.6811],[-65.789,-65.6911],[-65.7495,-65.6828],[-65.7057,-65.6813],[-65.6878,-65.683],[-65.6701,-65.6786],[-65.65,-65.6571],[-65.6625,-65.6422],[-65.6762,-65.6438],[-65.6846,-65.6298],[-65.6593,-65.6156],[-65.6573,-65.589],[-65.6694,-65.5731],[-65.6447,-65.5362],[-65.6883,-65.5482],[-65.737,-65.5409],[-65.7677,-65.5216]]],[[[-67.153,-67.6114],[-67.1797,-67.6081],[-67.1976,-67.5978],[-67.2376,-67.5899],[-67.2547,-67.576],[-67.2799,-67.5906],[-67.3013,-67.5952],[-67.3142,-67.6097],[-67.3337,-67.6196],[-67.3522,-67.6091],[-67.3925,-67.6134],[-67.4048,-67.6021],[-67.4011,-67.5949],[-67.4124,-67.5859],[-67.4448,-67.5843],[-67.4874,-67.5968],[-67.5804,-67.603],[-67.6343,-67.6169],[-67.7032,-67.6431],[-67.7164,-67.6504],[-67.7594,-67.6629],[-67.7756,-67.6633],[-67.7805,-67.6728],[-67.7765,-67.6986],[-67.768,-67.7039],[-67.7415,-67.7039],[-67.7141,-67.6976],[-67.6804,-67.6775],[-67.6358,-67.6804],[-67.6454,-67.6907],[-67.6791,-67.699],[-67.6734,-67.7135],[-67.7346,-67.7208],[-67.7425,-67.7373],[-67.7134,-67.7631],[-67.6979,-67.771],[-67.6767,-67.772],[-67.6199,-67.7859],[-67.5935,-67.7819],[-67.5697,-67.7898],[-67.5333,-67.7928],[-67.4382,-67.7859],[-67.4091,-67.7726],[-67.3803,-67.767],[-67.3083,-67.7422],[-67.2914,-67.7294],[-67.3205,-67.7151],[-67.3179,-67.7089],[-67.2805,-67.7042],[-67.259,-67.7092],[-67.2574,-67.697],[-67.2455,-67.6768],[-67.2237,-67.6762],[-67.1602,-67.6527],[-67.146,-67.6517],[-67.1202,-67.6315],[-67.1245,-67.6206],[-67.153,-67.6114]]],[[[-60.667,-70.6807],[-60.5209,-70.6425],[-60.4669,-70.6013],[-60.4701,-70.5314],[-60.5336,-70.5219],[-60.6162,-70.506],[-60.7718,-70.506],[-60.8797,-70.5092],[-60.9432,-70.5473],[-60.975,-70.6203],[-60.9305,-70.6648],[-60.8226,-70.7188],[-60.667,-70.6807]]],[[[-56.4852,-62.9774],[-56.4854,-62.9895],[-56.4952,-62.9988],[-56.5348,-63.0046],[-56.5759,-63.0229],[-56.583,-63.0292],[-56.6189,-63.0372],[-56.6195,-63.0582],[-56.6035,-63.065],[-56.5517,-63.0945],[-56.5318,-63.1091],[-56.4999,-63.1213],[-56.4753,-63.1369],[-56.4371,-63.1465],[-56.4051,-63.1508],[-56.3746,-63.1583],[-56.3586,-63.1693],[-56.3143,-63.1874],[-56.2749,-63.1787],[-56.2682,-63.1738],[-56.2406,-63.1684],[-56.1755,-63.1432],[-56.1554,-63.132],[-56.1402,-63.1093],[-56.1243,-63.1025],[-56.0716,-63.088],[-56.0456,-63.0764],[-56.0258,-63.0402],[-56.0319,-63.0243],[-56.0763,-63.0063],[-56.0926,-63.0024],[-56.1425,-63.0002],[-56.1615,-62.9974],[-56.2224,-63.0045],[-56.2403,-63.0085],[-56.3146,-63.008],[-56.3334,-63.0018],[-56.351,-62.9909],[-56.3882,-62.9839],[-56.4109,-62.9833],[-56.4377,-62.9878],[-56.4724,-62.9766],[-56.4852,-62.9774]]],[[[-55.2894,-61.074],[-55.3188,-61.0621],[-55.3652,-61.058],[-55.4268,-61.0925],[-55.4482,-61.1215],[-55.4349,-61.1308],[-55.37,-61.1368],[-55.356,-61.1503],[-55.3504,-61.1647],[-55.3765,-61.1679],[-55.3873,-61.1773],[-55.3841,-61.1917],[-55.3665,-61.2142],[-55.3509,-61.2216],[-55.3469,-61.2324],[-55.3069,-61.25],[-55.2787,-61.26],[-55.2652,-61.2699],[-55.2329,-61.275],[-55.2146,-61.2751],[-55.204,-61.2651],[-55.2032,-61.2536],[-55.1945,-61.2467],[-55.1757,-61.2425],[-55.1576,-61.2334],[-55.1534,-61.2206],[-55.1421,-61.207],[-55.087,-61.2023],[-55.0684,-61.189],[-55.081,-61.1688],[-55.0651,-61.1616],[-55.0206,-61.1603],[-54.9247,-61.1536],[-54.797,-61.1574],[-54.7503,-61.1541],[-54.704,-61.141],[-54.6927,-61.1286],[-54.6611,-61.1215],[-54.6531,-61.1115],[-54.6567,-61.1038],[-54.7453,-61.094],[-54.7774,-61.0974],[-54.8272,-61.1112],[-54.8681,-61.0967],[-54.907,-61.0956],[-54.9299,-61.1114],[-54.9536,-61.1146],[-54.9839,-61.1143],[-55.0501,-61.1085],[-55.0615,-61.0968],[-55.124,-61.0902],[-55.1464,-61.0776],[-55.1812,-61.0792],[-55.2499,-61.0801],[-55.2894,-61.074]]],[[[-56.9553,-64.4407],[-56.9429,-64.4283],[-56.9334,-64.4095],[-56.9368,-64.4018],[-56.9613,-64.3857],[-56.9456,-64.3655],[-56.9255,-64.3531],[-56.8925,-64.3385],[-56.8914,-64.333],[-56.9215,-64.3284],[-56.9356,-64.331],[-56.9739,-64.3573],[-56.9892,-64.3631],[-57.0292,-64.3693],[-57.1014,-64.3863],[-57.1436,-64.3995],[-57.1961,-64.4102],[-57.2244,-64.4237],[-57.2381,-64.4251],[-57.2645,-64.4379],[-57.2912,-64.4412],[-57.3482,-64.4335],[-57.3865,-64.4392],[-57.4396,-64.4408],[-57.4543,-64.4438],[-57.4554,-64.4801],[-57.4744,-64.4949],[-57.451,-64.5077],[-57.4481,-64.5195],[-57.4556,-64.5354],[-57.436,-64.5529],[-57.3729,-64.5637],[-57.3548,-64.5701],[-57.2825,-64.5743],[-57.2548,-64.5732],[-57.2336,-64.563],[-57.167,-64.5385],[-57.1551,-64.5365],[-57.1174,-64.5223],[-57.0595,-64.5077],[-57.0273,-64.49],[-57.0077,-64.4739],[-57.0031,-64.4637],[-56.9828,-64.4562],[-56.9553,-64.4407]]],[[[-55.9687,-63.3972],[-55.9983,-63.3943],[-56.0581,-63.4083],[-56.0672,-63.4079],[-56.1159,-63.4228],[-56.1264,-63.4298],[-56.1577,-63.4362],[-56.1853,-63.436],[-56.2029,-63.4472],[-56.2046,-63.4641],[-56.2193,-63.4726],[-56.2198,-63.4863],[-56.2084,-63.4942],[-56.1883,-63.5217],[-56.1527,-63.5407],[-56.1126,-63.5476],[-56.0786,-63.5436],[-56.0522,-63.5442],[-56.0301,-63.5558],[-56.0368,-63.5716],[-56.0261,-63.5823],[-56.0062,-63.589],[-55.9524,-63.5866],[-55.9355,-63.5787],[-55.92,-63.5506],[-55.9073,-63.5462],[-55.9046,-63.5323],[-55.8857,-63.5256],[-55.8711,-63.5309],[-55.8359,-63.5299],[-55.8161,-63.5245],[-55.7781,-63.5258],[-55.7513,-63.5129],[-55.7444,-63.5063],[-55.7254,-63.5027],[-55.7252,-63.4809],[-55.7184,-63.4656],[-55.7282,-63.4457],[-55.7558,-63.4304],[-55.7944,-63.4232],[-55.8191,-63.4216],[-55.8437,-63.4098],[-55.8752,-63.4004],[-55.901,-63.3984],[-55.9441,-63.401],[-55.9687,-63.3972]]],[[[-60.5336,-71.0331],[-60.5368,-70.9633],[-60.5749,-70.9188],[-60.6765,-70.9093],[-60.7908,-70.9125],[-60.8765,-70.9315],[-60.9369,-70.9601],[-60.9115,-71.0077],[-60.7622,-71.0458],[-60.6162,-71.0681],[-60.5336,-71.0331]]],[[[-57.3358,-63.7968],[-57.3374,-63.7855],[-57.3928,-63.7884],[-57.445,-63.7945],[-57.4809,-63.7951],[-57.5148,-63.799],[-57.5626,-63.8009],[-57.5847,-63.798],[-57.6154,-63.8086],[-57.6385,-63.7922],[-57.6766,-63.7964],[-57.6987,-63.8095],[-57.7006,-63.8175],[-57.6779,-63.8371],[-57.6644,-63.832],[-57.6337,-63.848],[-57.6379,-63.8573],[-57.633,-63.872],[-57.6228,-63.8816],[-57.6222,-63.9072],[-57.6049,-63.9066],[-57.5498,-63.8858],[-57.5334,-63.8826],[-57.5027,-63.8832],[-57.5023,-63.8747],[-57.4646,-63.8718],[-57.4538,-63.8675],[-57.4272,-63.8805],[-57.4084,-63.8803],[-57.3455,-63.8978],[-57.3421,-63.888],[-57.3113,-63.8729],[-57.2698,-63.8677],[-57.2578,-63.8743],[-57.2394,-63.8736],[-57.2381,-63.8997],[-57.2329,-63.9039],[-57.2028,-63.8967],[-57.1635,-63.8776],[-57.1689,-63.8696],[-57.086,-63.8437],[-57.0666,-63.8457],[-57.0525,-63.8394],[-57.0933,-63.8257],[-57.137,-63.823],[-57.1488,-63.8122],[-57.2068,-63.8032],[-57.2482,-63.806],[-57.2776,-63.8156],[-57.341,-63.8159],[-57.3526,-63.8064],[-57.3358,-63.7968]]],[[[-72.5109,-72.9462],[-72.4813,-72.8915],[-72.4868,-72.826],[-72.4952,-72.7875],[-72.5349,-72.814],[-72.6311,-72.842],[-72.6792,-72.8861],[-72.7593,-72.9142],[-72.8034,-72.9783],[-72.759,-73.0088],[-72.5462,-73.0115],[-72.5109,-72.9462]]],[[[-67.3729,-66.7318],[-67.4055,-66.7307],[-67.4707,-66.7365],[-67.5149,-66.7575],[-67.5204,-66.7661],[-67.5152,-66.7818],[-67.4998,-66.7884],[-67.4988,-66.8074],[-67.5142,-66.8156],[-67.5371,-66.8202],[-67.5535,-66.8323],[-67.5558,-66.8457],[-67.5499,-66.8677],[-67.5696,-66.8785],[-67.5909,-66.8752],[-67.6034,-66.8854],[-67.5568,-66.8965],[-67.5175,-66.9021],[-67.4761,-66.9158],[-67.4273,-66.911],[-67.409,-66.9132],[-67.3857,-66.9047],[-67.387,-66.888],[-67.3788,-66.8818],[-67.3405,-66.8772],[-67.31,-66.8818],[-67.2867,-66.8687],[-67.2677,-66.8497],[-67.2506,-66.8474],[-67.2313,-66.8359],[-67.2633,-66.8169],[-67.2459,-66.8111],[-67.2657,-66.7948],[-67.2913,-66.7843],[-67.2832,-66.7746],[-67.3379,-66.7546],[-67.3478,-66.7383],[-67.3729,-66.7318]]],[[[-66.6207,-66.0676],[-66.6428,-66.067],[-66.6575,-66.0835],[-66.6497,-66.0916],[-66.6747,-66.0982],[-66.727,-66.0997],[-66.7455,-66.0914],[-66.755,-66.1021],[-66.791,-66.118],[-66.7972,-66.128],[-66.7746,-66.1324],[-66.7887,-66.1638],[-66.7822,-66.1752],[-66.7535,-66.1856],[-66.7538,-66.1939],[-66.7734,-66.205],[-66.776,-66.2298],[-66.7896,-66.2358],[-66.8065,-66.2514],[-66.8328,-66.2591],[-66.8391,-66.2661],[-66.8591,-66.2719],[-66.869,-66.2845],[-66.908,-66.2888],[-66.9148,-66.3114],[-66.8829,-66.3233],[-66.8421,-66.328],[-66.8161,-66.3106],[-66.775,-66.3],[-66.7585,-66.2896],[-66.7596,-66.2831],[-66.7352,-66.2662],[-66.6912,-66.2541],[-66.6776,-66.2443],[-66.6414,-66.2284],[-66.6332,-66.219],[-66.5953,-66.1973],[-66.5791,-66.1794],[-66.5945,-66.168],[-66.5867,-66.1569],[-66.6233,-66.1433],[-66.6356,-66.1342],[-66.6365,-66.1252],[-66.5821,-66.1062],[-66.5864,-66.0987],[-66.5611,-66.0927],[-66.5746,-66.0842],[-66.5698,-66.0757],[-66.6207,-66.0676]]],[[[-61.15,-69.9833],[-61.1214,-69.9418],[-61.1552,-69.9029],[-61.1863,-69.8717],[-61.2097,-69.8535],[-61.2541,-69.84],[-61.3291,-69.8483],[-61.3889,-69.8743],[-61.4096,-69.9106],[-61.4096,-69.9496],[-61.3629,-69.973],[-61.2668,-69.9911],[-61.15,-69.9833]]],[[[-60.7825,-63.6681],[-60.7879,-63.6779],[-60.7801,-63.6819],[-60.7967,-63.693],[-60.797,-63.7007],[-60.7749,-63.7114],[-60.7732,-63.7201],[-60.7827,-63.7291],[-60.7503,-63.731],[-60.7357,-63.7248],[-60.7237,-63.7311],[-60.7068,-63.7297],[-60.6967,-63.7212],[-60.6796,-63.7281],[-60.7011,-63.7376],[-60.7025,-63.7518],[-60.7252,-63.7497],[-60.7615,-63.7511],[-60.8001,-63.7554],[-60.7944,-63.7644],[-60.8081,-63.7715],[-60.8008,-63.788],[-60.7818,-63.8046],[-60.7669,-63.8124],[-60.7705,-63.8264],[-60.7885,-63.8297],[-60.8012,-63.8394],[-60.8242,-63.8397],[-60.8377,-63.8299],[-60.9129,-63.8502],[-60.8734,-63.8631],[-60.8626,-63.8699],[-60.8601,-63.8805],[-60.8734,-63.8945],[-60.889,-63.8963],[-60.8771,-63.9109],[-60.8274,-63.9081],[-60.8322,-63.918],[-60.8076,-63.9203],[-60.818,-63.9076],[-60.8,-63.8942],[-60.7693,-63.8871],[-60.7493,-63.8867],[-60.7576,-63.9012],[-60.7556,-63.9112],[-60.7282,-63.9013],[-60.7234,-63.8898],[-60.6885,-63.8876],[-60.6803,-63.8743],[-60.6606,-63.8733],[-60.646,-63.8588],[-60.666,-63.8468],[-60.6598,-63.8399],[-60.6833,-63.8366],[-60.6897,-63.8269],[-60.707,-63.8182],[-60.6951,-63.807],[-60.6814,-63.7859],[-60.664,-63.7822],[-60.6703,-63.7704],[-60.6534,-63.7648],[-60.661,-63.7498],[-60.6311,-63.7503],[-60.6101,-63.7362],[-60.6187,-63.7254],[-60.5986,-63.7157],[-60.5648,-63.711],[-60.5588,-63.6965],[-60.6153,-63.6906],[-60.6189,-63.6975],[-60.6498,-63.6961],[-60.6639,-63.6999],[-60.6961,-63.6951],[-60.7084,-63.701],[-60.7354,-63.6925],[-60.7447,-63.6851],[-60.7823,-63.6753],[-60.7825,-63.6681]]],[[[-63.1673,-64.7153],[-63.1937,-64.7122],[-63.2138,-64.7272],[-63.2268,-64.7318],[-63.2521,-64.7499],[-63.2774,-64.7598],[-63.2784,-64.7674],[-63.2999,-64.7695],[-63.3203,-64.7786],[-63.3198,-64.792],[-63.3436,-64.7898],[-63.3467,-64.7978],[-63.3713,-64.8034],[-63.3849,-64.7986],[-63.3689,-64.7883],[-63.4306,-64.7854],[-63.4741,-64.7984],[-63.4903,-64.8159],[-63.4739,-64.8212],[-63.4844,-64.8304],[-63.4471,-64.8286],[-63.4466,-64.8421],[-63.4694,-64.8466],[-63.4842,-64.8542],[-63.4924,-64.869],[-63.5152,-64.8758],[-63.5198,-64.8837],[-63.54,-64.8849],[-63.5441,-64.8953],[-63.5963,-64.9039],[-63.5904,-64.9169],[-63.5662,-64.9127],[-63.5323,-64.9122],[-63.5178,-64.9048],[-63.4972,-64.9056],[-63.4814,-64.8989],[-63.4503,-64.896],[-63.4264,-64.9117],[-63.4111,-64.9051],[-63.3989,-64.8915],[-63.4176,-64.879],[-63.3927,-64.8788],[-63.359,-64.8716],[-63.3327,-64.8732],[-63.3197,-64.8569],[-63.2927,-64.8518],[-63.2957,-64.8335],[-63.2774,-64.8061],[-63.2396,-64.7943],[-63.2305,-64.7797],[-63.2017,-64.7662],[-63.1656,-64.7603],[-63.1509,-64.7385],[-63.1664,-64.7315],[-63.1673,-64.7153]]],[[[-62.3094,-62.8777],[-62.3444,-62.8744],[-62.3822,-62.8795],[-62.3785,-62.8878],[-62.4332,-62.8923],[-62.4633,-62.9049],[-62.4901,-62.9085],[-62.5278,-62.9247],[-62.5421,-62.9339],[-62.5315,-62.9485],[-62.5454,-62.9737],[-62.5948,-62.9997],[-62.6288,-63.0052],[-62.6365,-63.0177],[-62.6998,-63.0817],[-62.6997,-63.0943],[-62.6612,-63.0897],[-62.6401,-63.0798],[-62.6134,-63.0727],[-62.5842,-63.0472],[-62.5595,-63.0352],[-62.5238,-63.0236],[-62.4992,-63.0094],[-62.4839,-63.0113],[-62.4338,-62.9861],[-62.3952,-62.9549],[-62.384,-62.9532],[-62.37,-62.9378],[-62.3537,-62.9295],[-62.3241,-62.901],[-62.3094,-62.8777]]],[[[-44.4763,-60.7252],[-44.4297,-60.6952],[-44.525,-60.6639],[-44.571,-60.6736],[-44.6289,-60.6792],[-44.6802,-60.6995],[-44.6883,-60.7257],[-44.7195,-60.7237],[-44.7854,-60.7063],[-44.8116,-60.7074],[-44.827,-60.7249],[-44.8226,-60.7522],[-44.7865,-60.7665],[-44.711,-60.7905],[-44.6716,-60.7815],[-44.6672,-60.7665],[-44.6223,-60.7654],[-44.5988,-60.7696],[-44.5736,-60.7551],[-44.4763,-60.7252]]],[[[-59.4485,-65.231],[-59.5367,-65.1716],[-59.6339,-65.123],[-59.7203,-65.1068],[-59.8085,-65.105],[-59.8355,-65.141],[-59.8049,-65.1716],[-59.7671,-65.186],[-59.7059,-65.1896],[-59.6105,-65.2076],[-59.5691,-65.2328],[-59.5313,-65.2364],[-59.4755,-65.249],[-59.4485,-65.231]]],[[[-59.0344,-62.2393],[-59.0499,-62.2355],[-59.0717,-62.2461],[-59.0892,-62.2443],[-59.1101,-62.2475],[-59.115,-62.2553],[-59.1547,-62.2622],[-59.168,-62.2706],[-59.191,-62.2709],[-59.1982,-62.2836],[-59.2125,-62.2913],[-59.194,-62.3035],[-59.1761,-62.3022],[-59.1588,-62.3084],[-59.1563,-62.325],[-59.1217,-62.3251],[-59.1089,-62.3448],[-59.0828,-62.3485],[-59.0682,-62.3442],[-59.0512,-62.3514],[-59.0366,-62.3511],[-59.0222,-62.3427],[-59.0039,-62.3381],[-58.9829,-62.3418],[-58.9656,-62.3345],[-58.9587,-62.3232],[-58.9139,-62.3262],[-58.8884,-62.3144],[-58.8394,-62.3131],[-58.8525,-62.279],[-58.8835,-62.2653],[-58.9021,-62.261],[-58.9279,-62.2638],[-58.9427,-62.2605],[-58.9575,-62.2648],[-58.9701,-62.2749],[-58.9901,-62.2687],[-58.9833,-62.2613],[-58.9953,-62.2487],[-59.0344,-62.2393]]],[[[-59.9758,-62.4491],[-60.0228,-62.4561],[-60.0125,-62.4654],[-59.992,-62.4635],[-59.966,-62.4709],[-59.9594,-62.4907],[-59.9373,-62.5035],[-59.8819,-62.5073],[-59.8649,-62.5167],[-59.8431,-62.5224],[-59.825,-62.512],[-59.7946,-62.5134],[-59.7881,-62.5199],[-59.7508,-62.5187],[-59.7432,-62.5251],[-59.7825,-62.5332],[-59.7584,-62.5458],[-59.7206,-62.5569],[-59.6779,-62.5537],[-59.6569,-62.5593],[-59.6355,-62.5524],[-59.6105,-62.5498],[-59.5998,-62.5414],[-59.5837,-62.5414],[-59.5831,-62.5241],[-59.5608,-62.5105],[-59.5565,-62.4982],[-59.5761,-62.4934],[-59.5944,-62.4826],[-59.6375,-62.4711],[-59.6597,-62.4702],[-59.6577,-62.4859],[-59.6728,-62.5001],[-59.7181,-62.5064],[-59.7339,-62.5062],[-59.7503,-62.498],[-59.78,-62.4887],[-59.7623,-62.4706],[-59.7463,-62.4611],[-59.7251,-62.4542],[-59.7249,-62.4452],[-59.751,-62.448],[-59.7625,-62.453],[-59.7817,-62.4434],[-59.8066,-62.4419],[-59.8291,-62.445],[-59.8429,-62.4531],[-59.8667,-62.4485],[-59.8952,-62.4478],[-59.8969,-62.4561],[-59.936,-62.446],[-59.9758,-62.4491]]],[[[-62.1639,-63.2516],[-62.1816,-63.2414],[-62.2065,-63.2467],[-62.214,-63.2604],[-62.2433,-63.2711],[-62.254,-63.2911],[-62.242,-63.2942],[-62.2345,-63.3182],[-62.2367,-63.3399],[-62.2512,-63.3579],[-62.2415,-63.3627],[-62.2074,-63.3634],[-62.1861,-63.3612],[-62.1295,-63.3601],[-62.0836,-63.3522],[-62.0675,-63.3448],[-62.0382,-63.3461],[-62.0065,-63.355],[-61.9894,-63.3492],[-61.9624,-63.3277],[-61.9521,-63.3106],[-61.9648,-63.3061],[-62.0027,-63.3],[-62.0156,-63.2676],[-62.0391,-63.2596],[-62.0649,-63.2547],[-62.0832,-63.2561],[-62.1328,-63.2702],[-62.1639,-63.2516]]],[[[-59.5426,-62.3363],[-59.5619,-62.3367],[-59.5842,-62.3424],[-59.6035,-62.3385],[-59.6197,-62.3432],[-59.6439,-62.3443],[-59.6841,-62.3626],[-59.6794,-62.3726],[-59.6538,-62.3841],[-59.6269,-62.3731],[-59.6054,-62.3812],[-59.606,-62.3956],[-59.6232,-62.4111],[-59.6044,-62.4156],[-59.5763,-62.4317],[-59.5733,-62.4429],[-59.5331,-62.4488],[-59.5134,-62.4441],[-59.5116,-62.4615],[-59.4906,-62.46],[-59.4633,-62.4463],[-59.4213,-62.4345],[-59.3754,-62.4446],[-59.3804,-62.4359],[-59.3633,-62.4295],[-59.3671,-62.4227],[-59.3554,-62.4022],[-59.374,-62.379],[-59.4061,-62.375],[-59.4363,-62.3757],[-59.4525,-62.3695],[-59.4799,-62.3665],[-59.5174,-62.3546],[-59.5221,-62.3373],[-59.5426,-62.3363]]],[[[-64.6051,-67.6036],[-64.8597,-67.5654],[-64.9319,-67.6304],[-64.8982,-67.6678],[-64.8009,-67.641],[-64.7301,-67.6764],[-64.6076,-67.6441],[-64.6051,-67.6036]]],[[[-61.306,-62.7146],[-61.3337,-62.7088],[-61.3473,-62.7128],[-61.3545,-62.7263],[-61.3712,-62.7276],[-61.3805,-62.7391],[-61.4016,-62.7478],[-61.4993,-62.7551],[-61.5183,-62.7823],[-61.5165,-62.7946],[-61.5019,-62.8024],[-61.5039,-62.812],[-61.4845,-62.8127],[-61.4779,-62.8225],[-61.4556,-62.8348],[-61.4235,-62.8385],[-61.3953,-62.8346],[-61.3719,-62.8236],[-61.3734,-62.8181],[-61.2971,-62.7863],[-61.2772,-62.771],[-61.2599,-62.7709],[-61.2556,-62.7508],[-61.2436,-62.7373],[-61.2436,-62.7297],[-61.2665,-62.7245],[-61.282,-62.7169],[-61.306,-62.7146]]],[[[-54.043,-61.2321],[-54.0469,-61.2237],[-54.0637,-61.211],[-54.0396,-61.1835],[-54.0367,-61.1725],[-54.0121,-61.1606],[-54.0039,-61.1425],[-54.0154,-61.1326],[-54.0358,-61.1334],[-54.0578,-61.1663],[-54.0765,-61.17],[-54.105,-61.1941],[-54.1124,-61.2071],[-54.1154,-61.2381],[-54.1456,-61.2252],[-54.1655,-61.2363],[-54.1863,-61.2425],[-54.2244,-61.2675],[-54.2196,-61.2812],[-54.1804,-61.2968],[-54.1703,-61.2916],[-54.1721,-61.2813],[-54.1627,-61.2658],[-54.1481,-61.2726],[-54.141,-61.2923],[-54.1091,-61.3075],[-54.0898,-61.3101],[-54.0649,-61.2995],[-54.0424,-61.2623],[-54.0476,-61.2468],[-54.043,-61.2321]]],[[[-56.5971,-64.2482],[-56.5836,-64.2374],[-56.6016,-64.2141],[-56.6195,-64.2096],[-56.6384,-64.215],[-56.6617,-64.2284],[-56.7218,-64.2518],[-56.7523,-64.2527],[-56.782,-64.2473],[-56.8044,-64.2482],[-56.8143,-64.267],[-56.8304,-64.2796],[-56.886,-64.3155],[-56.8717,-64.3217],[-56.8205,-64.3217],[-56.7425,-64.3083],[-56.7075,-64.3056],[-56.6689,-64.2733],[-56.6483,-64.2616],[-56.6249,-64.258],[-56.5971,-64.2482]]],[[[-67.2296,-67.7918],[-67.2516,-67.7894],[-67.2633,-67.8035],[-67.2798,-67.8137],[-67.3064,-67.8122],[-67.3322,-67.8192],[-67.2578,-67.8263],[-67.2429,-67.8357],[-67.2492,-67.8529],[-67.2758,-67.8568],[-67.2876,-67.8654],[-67.2892,-67.8811],[-67.2782,-67.8952],[-67.2375,-67.8944],[-67.2014,-67.8858],[-67.1638,-67.8819],[-67.0965,-67.8435],[-67.0965,-67.8286],[-67.1098,-67.8169],[-67.1583,-67.8145],[-67.1717,-67.8208],[-67.1999,-67.8216],[-67.2006,-67.8137],[-67.185,-67.809],[-67.1748,-67.7988],[-67.2179,-67.7988],[-67.2296,-67.7918]]],[[[-60.5661,-62.9044],[-60.6072,-62.8948],[-60.6362,-62.8905],[-60.6779,-62.8964],[-60.7061,-62.9085],[-60.7286,-62.9146],[-60.7428,-62.9426],[-60.7447,-62.9594],[-60.7395,-62.9775],[-60.7218,-62.9936],[-60.7009,-62.9973],[-60.6553,-63.0139],[-60.59,-63.0156],[-60.5669,-63.0119],[-60.562,-62.9995],[-60.6123,-62.9937],[-60.6701,-62.9764],[-60.6969,-62.9764],[-60.7089,-62.971],[-60.711,-62.9586],[-60.6907,-62.9483],[-60.7006,-62.9363],[-60.6909,-62.9219],[-60.6643,-62.9134],[-60.6251,-62.9103],[-60.597,-62.9181],[-60.576,-62.9478],[-60.5494,-62.9801],[-60.5357,-62.9874],[-60.5197,-62.9882],[-60.5107,-62.9688],[-60.4996,-62.9686],[-60.5114,-62.9499],[-60.5402,-62.9198],[-60.5661,-62.9044]]],[[[-61.8191,-63.9631],[-61.832,-63.9821],[-61.8451,-63.9868],[-61.8892,-63.9854],[-61.9457,-63.9908],[-61.939,-64.0015],[-61.9696,-64.0099],[-62.0057,-64.006],[-62.0268,-64.0166],[-62.001,-64.0195],[-62.03,-64.0373],[-62.0284,-64.0487],[-62.0429,-64.0497],[-62.0627,-64.0585],[-62.0568,-64.0689],[-62.0607,-64.0824],[-62.0321,-64.0832],[-62.0157,-64.0777],[-61.9739,-64.0852],[-61.9547,-64.063],[-61.9045,-64.0573],[-61.9319,-64.0482],[-61.9281,-64.0397],[-61.8891,-64.0375],[-61.8874,-64.0307],[-61.8643,-64.017],[-61.8326,-64.0052],[-61.8232,-63.9836],[-61.7902,-63.974],[-61.8191,-63.9631]]],[[[-67.708,-67.284],[-67.6759,-67.2717],[-67.643,-67.2545],[-67.621,-67.2365],[-67.5889,-67.2153],[-67.6132,-67.2012],[-67.6359,-67.1942],[-67.663,-67.2063],[-67.6908,-67.2116],[-67.708,-67.2216],[-67.7667,-67.2412],[-67.7941,-67.2545],[-67.8145,-67.2576],[-67.8216,-67.2701],[-67.8052,-67.2822],[-67.7597,-67.288],[-67.708,-67.284]]],[[[-56.5392,-63.5582],[-56.5566,-63.5549],[-56.59,-63.5603],[-56.6335,-63.5622],[-56.6867,-63.5756],[-56.6882,-63.5995],[-56.6799,-63.6151],[-56.6552,-63.6158],[-56.6414,-63.6078],[-56.6248,-63.6086],[-56.5776,-63.6169],[-56.5555,-63.6173],[-56.5233,-63.61],[-56.5146,-63.6042],[-56.5171,-63.5908],[-56.5001,-63.5792],[-56.4988,-63.5635],[-56.5392,-63.5582]]],[[[-60.2063,-72.2514],[-60.1569,-72.2514],[-60.1243,-72.2333],[-60.1569,-72.1747],[-60.204,-72.1669],[-60.2544,-72.1669],[-60.2544,-72.2514],[-60.2063,-72.2514]]],[[[-44.9544,-60.6955],[-44.9504,-60.6596],[-44.9925,-60.6332],[-45.0087,-60.6195],[-45.0311,-60.6369],[-45.0642,-60.6756],[-45.0327,-60.7233],[-44.9777,-60.7333],[-44.9421,-60.7451],[-44.9544,-60.6955]]],[[[-67.6064,-67.1397],[-67.5717,-67.1307],[-67.545,-67.1064],[-67.5505,-67.0845],[-67.549,-67.0688],[-67.5709,-67.0438],[-67.6083,-67.0495],[-67.6163,-67.0579],[-67.6438,-67.0668],[-67.6644,-67.0833],[-67.6437,-67.1041],[-67.6602,-67.1088],[-67.679,-67.1299],[-67.6594,-67.1393],[-67.6266,-67.1446],[-67.6064,-67.1397]]],[[[-57.4293,-63.6258],[-57.4809,-63.631],[-57.5141,-63.627],[-57.5398,-63.6334],[-57.571,-63.6375],[-57.5729,-63.6445],[-57.5516,-63.6527],[-57.5362,-63.6649],[-57.5417,-63.682],[-57.5283,-63.6918],[-57.4788,-63.694],[-57.4478,-63.689],[-57.4446,-63.6784],[-57.4242,-63.6668],[-57.4216,-63.6438],[-57.41,-63.6289],[-57.4293,-63.6258]]],[[[-61.7068,-63.7143],[-61.7189,-63.7211],[-61.7444,-63.722],[-61.744,-63.73],[-61.7199,-63.7433],[-61.7272,-63.7517],[-61.7161,-63.7581],[-61.709,-63.7792],[-61.6879,-63.7813],[-61.6701,-63.7932],[-61.6847,-63.8042],[-61.6766,-63.8118],[-61.6435,-63.8024],[-61.6102,-63.7764],[-61.6109,-63.7587],[-61.6281,-63.7409],[-61.6275,-63.7308],[-61.6798,-63.7228],[-61.7068,-63.7143]]],[[[-65.3019,-65.8321],[-65.3204,-65.8415],[-65.3475,-65.8412],[-65.3175,-65.861],[-65.3343,-65.8714],[-65.2917,-65.872],[-65.2806,-65.8782],[-65.292,-65.8864],[-65.2866,-65.8956],[-65.2531,-65.9048],[-65.222,-65.906],[-65.1986,-65.8901],[-65.1939,-65.8622],[-65.2765,-65.8324],[-65.3019,-65.8321]]],[[[-56.5991,-63.151],[-56.6189,-63.1466],[-56.6393,-63.1531],[-56.6669,-63.1663],[-56.7014,-63.1766],[-56.6927,-63.2087],[-56.6493,-63.2184],[-56.6166,-63.2194],[-56.5909,-63.2067],[-56.579,-63.1816],[-56.579,-63.17],[-56.5707,-63.1605],[-56.5991,-63.151]]],[[[-63.0958,-64.8486],[-63.0939,-64.8554],[-63.1195,-64.8647],[-63.1225,-64.87],[-63.1027,-64.8787],[-63.1005,-64.8891],[-63.0625,-64.8833],[-63.0128,-64.8977],[-62.9774,-64.8986],[-62.9616,-64.8931],[-62.9314,-64.8939],[-62.9266,-64.875],[-62.9824,-64.8529],[-63.0096,-64.8698],[-63.0243,-64.8608],[-63.0121,-64.8491],[-63.0588,-64.8443],[-63.0674,-64.8484],[-63.0958,-64.8486]]],[[[-67.1084,-66.3178],[-67.1279,-66.3161],[-67.1485,-66.32],[-67.154,-66.3345],[-67.1469,-66.3396],[-67.1513,-66.3517],[-67.1238,-66.3563],[-67.1196,-66.364],[-67.1267,-66.3758],[-67.1504,-66.382],[-67.1671,-66.3938],[-67.1201,-66.3964],[-67.1057,-66.3831],[-67.07,-66.3766],[-67.0584,-66.3776],[-67.0223,-66.3655],[-67.0243,-66.3538],[-67.0484,-66.3464],[-67.0578,-66.3336],[-67.0768,-66.3251],[-67.1084,-66.3178]]],[[[-67.0586,-66.2384],[-67.0777,-66.2373],[-67.1022,-66.2513],[-67.0971,-66.2646],[-67.0789,-66.2767],[-67.06,-66.2767],[-67.0288,-66.2885],[-66.9616,-66.295],[-66.9348,-66.2894],[-66.8847,-66.2672],[-66.918,-66.2531],[-66.9399,-66.2658],[-66.9555,-66.2649],[-66.9655,-66.2556],[-66.9922,-66.2599],[-67.0212,-66.2569],[-67.0479,-66.264],[-67.0721,-66.2572],[-67.0545,-66.2485],[-67.0586,-66.2384]]],[[[-55.482,-61.4757],[-55.5471,-61.4604],[-55.6052,-61.4604],[-55.6605,-61.4646],[-55.6854,-61.4701],[-55.6854,-61.4853],[-55.5982,-61.4853],[-55.5526,-61.4923],[-55.4917,-61.5033],[-55.4627,-61.5033],[-55.4544,-61.4881],[-55.482,-61.4757]]],[[[-45.6619,-60.7457],[-45.6304,-60.73],[-45.5886,-60.7283],[-45.5662,-60.7113],[-45.5661,-60.692],[-45.5837,-60.6808],[-45.6131,-60.6814],[-45.6367,-60.6857],[-45.6687,-60.71],[-45.7216,-60.7254],[-45.7394,-60.7335],[-45.6791,-60.7451],[-45.6619,-60.7457]]],[[[-62.661,-64.681],[-62.6647,-64.6722],[-62.7048,-64.6806],[-62.7132,-64.7014],[-62.723,-64.7083],[-62.7658,-64.7103],[-62.7285,-64.7296],[-62.7106,-64.7491],[-62.6853,-64.7449],[-62.6543,-64.7439],[-62.6361,-64.7263],[-62.6449,-64.721],[-62.635,-64.7105],[-62.6483,-64.7072],[-62.6432,-64.6904],[-62.661,-64.681]]],[[[-66.968,-67.5491],[-67.0206,-67.5491],[-67.0542,-67.5448],[-67.0805,-67.5491],[-67.1025,-67.5571],[-67.1251,-67.5742],[-67.1733,-67.5852],[-67.1721,-67.5962],[-67.1196,-67.5943],[-67.0902,-67.5815],[-67.056,-67.5852],[-67.0206,-67.5809],[-66.9925,-67.5717],[-66.968,-67.5491]]],[[[-72.8183,-69.0566],[-72.783,-69.0529],[-72.7496,-69.0436],[-72.7384,-69.0306],[-72.7737,-69.0157],[-72.809,-69.0176],[-72.8814,-69.025],[-72.9,-69.0417],[-72.874,-69.064],[-72.8424,-69.0659],[-72.8183,-69.0566]]],[[[-62.0549,-64.5365],[-62.0589,-64.5477],[-62.0795,-64.5481],[-62.0742,-64.5613],[-62.0997,-64.5669],[-62.1206,-64.5776],[-62.1508,-64.5793],[-62.1461,-64.5867],[-62.1218,-64.5961],[-62.1357,-64.6042],[-62.1146,-64.6095],[-62.1085,-64.6161],[-62.085,-64.619],[-62.0695,-64.6069],[-62.0459,-64.6053],[-62.0585,-64.5969],[-62.0572,-64.5799],[-62.0203,-64.5732],[-62.0246,-64.5512],[-62.0368,-64.5407],[-62.0549,-64.5365]]],[[[-61.713,-64.0987],[-61.7263,-64.0963],[-61.7453,-64.1078],[-61.7585,-64.1236],[-61.7302,-64.1285],[-61.7456,-64.1355],[-61.7441,-64.1495],[-61.7255,-64.1557],[-61.7355,-64.1658],[-61.7194,-64.1733],[-61.707,-64.1653],[-61.6779,-64.1765],[-61.6646,-64.1632],[-61.6587,-64.1464],[-61.6753,-64.1416],[-61.674,-64.1257],[-61.6915,-64.1164],[-61.7147,-64.1144],[-61.6996,-64.1038],[-61.713,-64.0987]]],[[[-67.7222,-67.3742],[-67.6923,-67.3657],[-67.6422,-67.3414],[-67.6116,-67.3156],[-67.6171,-67.3023],[-67.632,-67.3015],[-67.6646,-67.3205],[-67.7248,-67.328],[-67.7424,-67.3422],[-67.7409,-67.372],[-67.7222,-67.3742]]],[[[-66.9449,-67.8844],[-66.9101,-67.8837],[-66.882,-67.8782],[-66.8722,-67.8715],[-66.9235,-67.8508],[-66.9877,-67.8556],[-67.0439,-67.8636],[-67.0524,-67.8734],[-67.0402,-67.8819],[-66.9871,-67.885],[-66.9449,-67.8844]]],[[[-65.8981,-65.875],[-65.919,-65.876],[-65.9394,-65.8882],[-65.9836,-65.8926],[-66.0023,-65.9068],[-66.0076,-65.9212],[-66.0372,-65.9212],[-66.0326,-65.928],[-66.0127,-65.9299],[-65.951,-65.9253],[-65.8889,-65.8919],[-65.9042,-65.8875],[-65.8981,-65.875]]],[[[-62.962,-64.796],[-63.0018,-64.797],[-63.0261,-64.8114],[-62.9958,-64.8151],[-62.9736,-64.8246],[-62.9451,-64.8294],[-62.9414,-64.8231],[-62.8958,-64.8311],[-62.855,-64.8077],[-62.9051,-64.8008],[-62.9276,-64.8016],[-62.962,-64.796]]],[[[-67.1633,-68.1488],[-67.1411,-68.1362],[-67.1884,-68.1307],[-67.2413,-68.1321],[-67.2594,-68.1502],[-67.2455,-68.1724],[-67.1954,-68.1752],[-67.1633,-68.1488]]],[[[-59.8132,-63.5558],[-59.8125,-63.5455],[-59.8325,-63.5448],[-59.8318,-63.5561],[-59.8682,-63.5592],[-59.871,-63.586],[-59.8428,-63.5932],[-59.8352,-63.5991],[-59.7868,-63.5977],[-59.7875,-63.5822],[-59.8022,-63.5778],[-59.7888,-63.5678],[-59.7888,-63.5599],[-59.8132,-63.5558]]],[[[-66.8153,-67.521],[-66.822,-67.5167],[-66.8703,-67.5106],[-66.9405,-67.5094],[-66.9668,-67.5125],[-67.0114,-67.5271],[-67.0108,-67.5412],[-66.9442,-67.5277],[-66.8697,-67.5308],[-66.8153,-67.521]]],[[[-61.5509,-64.3516],[-61.5652,-64.3604],[-61.5829,-64.3616],[-61.6117,-64.3564],[-61.6198,-64.3668],[-61.6013,-64.368],[-61.6035,-64.3848],[-61.578,-64.3897],[-61.5667,-64.3985],[-61.5296,-64.3942],[-61.5211,-64.3888],[-61.4956,-64.3955],[-61.486,-64.3832],[-61.5158,-64.3704],[-61.55,-64.3589],[-61.5509,-64.3516]]],[[[-63.5609,-64.836],[-63.5809,-64.8342],[-63.5841,-64.8555],[-63.5989,-64.855],[-63.6074,-64.8455],[-63.6258,-64.8589],[-63.6154,-64.8684],[-63.5917,-64.8629],[-63.5666,-64.8657],[-63.5544,-64.8728],[-63.5304,-64.8675],[-63.5113,-64.8536],[-63.497,-64.8507],[-63.4855,-64.8366],[-63.5244,-64.8384],[-63.5508,-64.8434],[-63.5609,-64.836]]],[[[-67.145,-67.7291],[-67.0534,-67.6853],[-67.015,-67.6618],[-67.0095,-67.6508],[-67.026,-67.6453],[-67.0714,-67.6782],[-67.0996,-67.6853],[-67.1333,-67.6978],[-67.1576,-67.7142],[-67.1638,-67.7291],[-67.145,-67.7291]]],[[[-55.944,-61.5075],[-55.9205,-61.4853],[-55.8942,-61.4743],[-55.9025,-61.4591],[-55.9219,-61.4508],[-55.962,-61.4743],[-55.9841,-61.4964],[-55.9745,-61.5172],[-55.944,-61.5075]]],[[[-62.889,-63.282],[-62.9164,-63.2666],[-62.9353,-63.2495],[-62.9747,-63.2683],[-62.9696,-63.282],[-62.9473,-63.2957],[-62.9113,-63.2975],[-62.889,-63.282]]],[[[-58.6657,-63.2988],[-58.6717,-63.2938],[-58.703,-63.3028],[-58.7323,-63.3059],[-58.7333,-63.3134],[-58.7015,-63.3185],[-58.697,-63.3296],[-58.6864,-63.3336],[-58.6601,-63.3286],[-58.6278,-63.319],[-58.6243,-63.3129],[-58.6419,-63.3028],[-58.6657,-63.2988]]],[[[-67.2016,-66.3722],[-67.2519,-66.3928],[-67.2632,-66.4124],[-67.2155,-66.4078],[-67.1799,-66.3891],[-67.1893,-66.3729],[-67.2016,-66.3722]]],[[[-62.0283,-64.2707],[-61.9957,-64.2434],[-62.006,-64.2375],[-62.0561,-64.2559],[-62.096,-64.2764],[-62.0635,-64.2849],[-62.0355,-64.2764],[-62.0283,-64.2707]]],[[[-57.5021,-63.7183],[-57.49,-63.7132],[-57.5153,-63.695],[-57.5749,-63.7055],[-57.595,-63.7147],[-57.5914,-63.7252],[-57.5429,-63.719],[-57.521,-63.7243],[-57.5021,-63.7183]]],[[[-56.6683,-63.5288],[-56.6907,-63.5313],[-56.7201,-63.5306],[-56.7273,-63.5473],[-56.6991,-63.5564],[-56.6643,-63.5553],[-56.648,-63.5506],[-56.648,-63.5368],[-56.6683,-63.5288]]],[[[-66.951,-67.8275],[-66.9052,-67.7988],[-66.9217,-67.7952],[-66.9999,-67.8147],[-66.9968,-67.8233],[-66.9718,-67.8336],[-66.951,-67.8275]]],[[[-62.7965,-64.3945],[-62.8824,-64.3987],[-62.9053,-64.4042],[-62.9051,-64.4106],[-62.8746,-64.411],[-62.8508,-64.4197],[-62.8288,-64.4064],[-62.811,-64.4061],[-62.7965,-64.3945]]],[[[-67.7512,-66.964],[-67.7557,-66.961],[-67.803,-66.9602],[-67.7965,-66.9687],[-67.7346,-66.9823],[-67.7127,-66.9782],[-67.7136,-66.9625],[-67.7512,-66.964]]],[[[-46.7225,-60.5868],[-46.698,-60.5847],[-46.676,-60.5764],[-46.7135,-60.5668],[-46.7347,-60.5665],[-46.7608,-60.5751],[-46.747,-60.5889],[-46.7225,-60.5868]]],[[[-57.3631,-63.6096],[-57.3683,-63.6038],[-57.4025,-63.6134],[-57.3577,-63.6201],[-57.3381,-63.616],[-57.285,-63.632],[-57.3173,-63.6115],[-57.3369,-63.6041],[-57.3631,-63.6096]]],[[[-46.1468,-60.4986],[-46.1698,-60.4835],[-46.1983,-60.4861],[-46.2022,-60.4971],[-46.1979,-60.5074],[-46.1498,-60.5117],[-46.1468,-60.4986]]],[[[-60.992,-64.2031],[-60.9839,-64.1983],[-61.0078,-64.1813],[-61.0263,-64.1828],[-61.0457,-64.1906],[-61.0391,-64.2036],[-60.992,-64.2031]]],[[[-44.7996,-60.6296],[-44.8137,-60.6197],[-44.8073,-60.6126],[-44.8169,-60.6055],[-44.8352,-60.6073],[-44.8507,-60.6152],[-44.8533,-60.6235],[-44.84,-60.6319],[-44.7996,-60.6296]]],[[[-68.37,-67.7392],[-68.3459,-67.7304],[-68.3599,-67.7226],[-68.4027,-67.7248],[-68.4145,-67.7388],[-68.37,-67.7392]]],[[[-58.2437,-63.7896],[-58.2185,-63.7743],[-58.2031,-63.7743],[-58.1693,-63.7597],[-58.1886,-63.7563],[-58.221,-63.7679],[-58.256,-63.7832],[-58.2437,-63.7896]]],[[[-67.0182,-68.2124],[-66.9978,-68.2043],[-67.0253,-68.196],[-67.0663,-68.2034],[-67.0486,-68.2115],[-67.0182,-68.2124]]],[[[-66.2148,-65.7644],[-66.2031,-65.756],[-66.1998,-65.7393],[-66.2165,-65.736],[-66.2348,-65.7644],[-66.2148,-65.7644]]],[[[-62.934,-64.3233],[-62.9562,-64.3295],[-62.9374,-64.3365],[-62.9101,-64.3256],[-62.934,-64.3233]]],[[[-62.2958,-64.6104],[-62.2918,-64.6011],[-62.302,-64.5882],[-62.3231,-64.5939],[-62.3245,-64.6073],[-62.2958,-64.6104]]],[[[-57.6794,-63.6774],[-57.689,-63.6673],[-57.7099,-63.6644],[-57.7346,-63.6709],[-57.7133,-63.6793],[-57.6794,-63.6774]]],[[[-62.1138,-64.3317],[-62.1413,-64.3289],[-62.1599,-64.3346],[-62.1516,-64.3451],[-62.1307,-64.3454],[-62.1138,-64.3317]]],[[[-62.8983,-64.3007],[-62.9209,-64.298],[-62.9338,-64.3082],[-62.9138,-64.316],[-62.8905,-64.3131],[-62.8983,-64.3007]]],[[[-57.6049,-63.6733],[-57.6085,-63.6628],[-57.646,-63.6668],[-57.6366,-63.6767],[-57.6049,-63.6733]]],[[[-68.325,-67.6044],[-68.3439,-67.5936],[-68.3628,-67.6012],[-68.3611,-67.6116],[-68.3464,-67.6135],[-68.325,-67.6044]]],[[[-67.1124,-66.412],[-67.1419,-66.4157],[-67.1231,-66.426],[-67.1124,-66.412]]],[[[-66.9705,-67.5913],[-66.9338,-67.5833],[-66.954,-67.5791],[-66.9894,-67.587],[-66.9705,-67.5913]]],[[[-57.8631,-63.7299],[-57.8677,-63.7202],[-57.8933,-63.7213],[-57.8733,-63.7339],[-57.8631,-63.7299]]]]},"properties":{"id":488,"departamento":"ISLAS MALVINAS","cabecera":"","provincia":"TIERRA DEL FUEGO"}},
{"type":"Feature","geometry":{"type":"MultiPolygon","coordinates":[[[[-59.0093,-51.7119],[-59.0022,-51.7162],[-59.0055,-51.7359],[-58.9945,-51.7577],[-58.9841,-51.7702],[-58.9873,-51.7814],[-58.9675,-51.7825],[-59.0052,-51.823],[-59.026,-51.8189],[-59.0294,-51.8269],[-59.0444,-51.8266],[-59.0468,-51.8202],[-59.0351,-51.8074],[-59.0433,-51.7931],[-59.0348,-51.7725],[-59.0206,-51.7712],[-59.0238,-51.7561],[-59.0451,-51.7394],[-59.0395,-51.7281],[-59.0544,-51.7229],[-59.042,-51.7084],[-59.0555,-51.694],[-59.0835,-51.6936],[-59.0917,-51.7014],[-59.1041,-51.7043],[-59.1231,-51.6964],[-59.1354,-51.7039],[-59.1545,-51.7035],[-59.1513,-51.7129],[-59.1593,-51.7232],[-59.1842,-51.7292],[-59.2096,-51.7389],[-59.2044,-51.7202],[-59.2271,-51.7202],[-59.2448,-51.7355],[-59.2486,-51.7461],[-59.2719,-51.7449],[-59.2743,-51.7545],[-59.2979,-51.758],[-59.2927,-51.7735],[-59.2831,-51.7828],[-59.2843,-51.7917],[-59.2995,-51.7892],[-59.3051,-51.7991],[-59.3138,-51.8],[-59.3302,-51.7864],[-59.3461,-51.7869],[-59.3552,-51.8183],[-59.3735,-51.834],[-59.4019,-51.8394],[-59.4075,-51.8347],[-59.3975,-51.8209],[-59.4009,-51.8133],[-59.4482,-51.8406],[-59.4519,-51.8342],[-59.4829,-51.832],[-59.4925,-51.8347],[-59.4991,-51.8442],[-59.4891,-51.859],[-59.4672,-51.867],[-59.4816,-51.8839],[-59.4637,-51.8827],[-59.4533,-51.8859],[-59.4712,-51.8963],[-59.4835,-51.8949],[-59.5229,-51.8777],[-59.5176,-51.8914],[-59.5222,-51.902],[-59.473,-51.9147],[-59.4652,-51.9254],[-59.4745,-51.9295],[-59.4974,-51.9249],[-59.4987,-51.9363],[-59.5114,-51.9376],[-59.524,-51.9273],[-59.5387,-51.9281],[-59.5574,-51.9208],[-59.5648,-51.9129],[-59.5859,-51.9034],[-59.5958,-51.9153],[-59.6046,-51.9156],[-59.6046,-51.9412],[-59.6102,-51.9498],[-59.5671,-51.9586],[-59.5497,-51.9556],[-59.5481,-51.963],[-59.5311,-51.9605],[-59.5323,-51.9693],[-59.5921,-51.9835],[-59.5912,-51.9901],[-59.5703,-51.9967],[-59.5624,-52.0078],[-59.5898,-52.0027],[-59.6036,-51.9968],[-59.6307,-52.0066],[-59.6487,-52.0057],[-59.6323,-52.0194],[-59.5977,-52.0226],[-59.6072,-52.0297],[-59.602,-52.0472],[-59.5927,-52.0549],[-59.5726,-52.0521],[-59.5597,-52.0662],[-59.5581,-52.0773],[-59.5763,-52.0728],[-59.5915,-52.0809],[-59.5978,-52.0917],[-59.6103,-52.0905],[-59.6238,-52.076],[-59.6349,-52.0854],[-59.6229,-52.0994],[-59.6107,-52.1033],[-59.6004,-52.1191],[-59.6174,-52.1253],[-59.6338,-52.1274],[-59.6361,-52.1185],[-59.6494,-52.1145],[-59.6574,-52.1263],[-59.6713,-52.1195],[-59.662,-52.1097],[-59.6809,-52.1077],[-59.6867,-52.0968],[-59.7007,-52.0938],[-59.7175,-52.1221],[-59.7306,-52.1261],[-59.6999,-52.1392],[-59.6735,-52.1461],[-59.6777,-52.1547],[-59.6592,-52.1624],[-59.6458,-52.1603],[-59.6301,-52.1695],[-59.6409,-52.182],[-59.6204,-52.1859],[-59.6186,-52.2014],[-59.5977,-52.214],[-59.5577,-52.2103],[-59.578,-52.2338],[-59.5899,-52.2433],[-59.5689,-52.2573],[-59.5409,-52.2591],[-59.5167,-52.2458],[-59.5024,-52.2584],[-59.4884,-52.2641],[-59.4926,-52.273],[-59.4729,-52.2823],[-59.4812,-52.2924],[-59.4984,-52.3041],[-59.4957,-52.3109],[-59.4809,-52.314],[-59.4678,-52.3076],[-59.4456,-52.3083],[-59.4249,-52.3055],[-59.4019,-52.3154],[-59.4015,-52.3209],[-59.4169,-52.3252],[-59.4006,-52.3355],[-59.369,-52.3332],[-59.3646,-52.3404],[-59.3785,-52.3449],[-59.3741,-52.3549],[-59.3641,-52.3589],[-59.3385,-52.3602],[-59.3275,-52.3509],[-59.3005,-52.3498],[-59.3007,-52.3377],[-59.2895,-52.3321],[-59.3039,-52.3262],[-59.3349,-52.3414],[-59.3789,-52.3179],[-59.3825,-52.3035],[-59.3598,-52.2931],[-59.3441,-52.2935],[-59.3314,-52.2837],[-59.3414,-52.2671],[-59.3566,-52.2642],[-59.3359,-52.2524],[-59.334,-52.2437],[-59.3793,-52.2259],[-59.3558,-52.2186],[-59.3253,-52.2144],[-59.3426,-52.2074],[-59.357,-52.2132],[-59.3709,-52.2039],[-59.4106,-52.2311],[-59.414,-52.2214],[-59.4244,-52.2154],[-59.4217,-52.2045],[-59.4304,-52.1979],[-59.4169,-52.1928],[-59.4255,-52.1832],[-59.4122,-52.1804],[-59.3946,-52.1819],[-59.3986,-52.1709],[-59.4442,-52.1617],[-59.4303,-52.1469],[-59.4471,-52.1398],[-59.4354,-52.1316],[-59.4236,-52.1402],[-59.4109,-52.1431],[-59.4093,-52.1603],[-59.3919,-52.1556],[-59.3944,-52.137],[-59.3642,-52.1417],[-59.3535,-52.1388],[-59.3436,-52.1604],[-59.3316,-52.1527],[-59.321,-52.1547],[-59.3007,-52.1472],[-59.2938,-52.1569],[-59.3167,-52.1654],[-59.3198,-52.1791],[-59.3093,-52.1843],[-59.3019,-52.1679],[-59.2889,-52.1617],[-59.2774,-52.1705],[-59.2443,-52.1718],[-59.2464,-52.1982],[-59.2167,-52.2249],[-59.1995,-52.2128],[-59.18,-52.2085],[-59.1666,-52.2144],[-59.1552,-52.2085],[-59.1469,-52.2131],[-59.1448,-52.2233],[-59.1294,-52.2233],[-59.0898,-52.2371],[-59.086,-52.2309],[-59.0684,-52.235],[-59.0603,-52.2431],[-59.0351,-52.2473],[-59.0221,-52.2539],[-59.0159,-52.245],[-59.0311,-52.244],[-59.0494,-52.2301],[-59.0491,-52.2192],[-59.0292,-52.2037],[-59.0318,-52.1971],[-59.0659,-52.1971],[-59.0831,-52.2066],[-59.0978,-52.1968],[-59.0812,-52.1805],[-59.0656,-52.1837],[-59.0615,-52.165],[-59.0353,-52.1657],[-59.0413,-52.1571],[-59.0235,-52.1494],[-59.0209,-52.1436],[-59.0434,-52.1376],[-59.0695,-52.1368],[-59.0762,-52.1493],[-59.0964,-52.1483],[-59.1071,-52.1391],[-59.1376,-52.1557],[-59.1429,-52.1462],[-59.1202,-52.1288],[-59.1137,-52.119],[-59.1,-52.125],[-59.069,-52.1175],[-59.0703,-52.1034],[-59.0943,-52.0994],[-59.1032,-52.1086],[-59.1311,-52.0937],[-59.1422,-52.1025],[-59.1507,-52.094],[-59.134,-52.0913],[-59.1343,-52.0846],[-59.1014,-52.0793],[-59.1304,-52.0602],[-59.1383,-52.0489],[-59.1269,-52.0411],[-59.1326,-52.0336],[-59.154,-52.0461],[-59.1578,-52.0535],[-59.1776,-52.0639],[-59.1938,-52.0598],[-59.1963,-52.0481],[-59.1829,-52.0417],[-59.1842,-52.0286],[-59.1957,-52.02],[-59.2197,-52.016],[-59.2368,-52.0164],[-59.2463,-52.0096],[-59.277,-52.0112],[-59.2507,-51.9932],[-59.2271,-52.0072],[-59.2059,-52.0111],[-59.1635,-52.0114],[-59.1523,-51.9981],[-59.1341,-51.9948],[-59.1287,-52],[-59.1135,-51.998],[-59.1113,-52.0159],[-59.097,-52.0289],[-59.0908,-52.0288],[-59.0762,-52.0136],[-59.0612,-52.023],[-59.066,-52.0287],[-59.0382,-52.0412],[-59.0355,-52.0287],[-59.0248,-52.0284],[-59.0099,-52.0383],[-58.9929,-52.0389],[-58.9984,-52.0557],[-58.9865,-52.0683],[-58.9841,-52.0803],[-58.9603,-52.0788],[-58.9597,-52.0657],[-58.9464,-52.0645],[-58.9426,-52.0813],[-58.9277,-52.1023],[-58.9087,-52.097],[-58.9049,-52.0861],[-58.8873,-52.0828],[-58.8831,-52.0749],[-58.8688,-52.0782],[-58.8626,-52.0658],[-58.8637,-52.056],[-58.8715,-52.0456],[-58.8641,-52.0408],[-58.8512,-52.0526],[-58.8374,-52.0514],[-58.8098,-52.0537],[-58.8113,-52.0364],[-58.7877,-52.037],[-58.7772,-52.0465],[-58.7589,-52.0477],[-58.7518,-52.044],[-58.7314,-52.0499],[-58.7253,-52.0681],[-58.717,-52.0627],[-58.701,-52.0684],[-58.6996,-52.0773],[-58.6761,-52.0897],[-58.676,-52.1021],[-58.6896,-52.122],[-58.6652,-52.122],[-58.6647,-52.1358],[-58.6496,-52.1336],[-58.6536,-52.1199],[-58.6348,-52.1124],[-58.6489,-52.1006],[-58.644,-52.0895],[-58.6486,-52.076],[-58.6578,-52.0656],[-58.6589,-52.0534],[-58.6346,-52.0494],[-58.6414,-52.0352],[-58.6713,-52.0271],[-58.6578,-52.023],[-58.6465,-52.0267],[-58.6292,-52.0241],[-58.6219,-52.0161],[-58.5923,-52.0182],[-58.5981,-52.0116],[-58.6165,-52.0027],[-58.6086,-51.9956],[-58.6191,-51.9869],[-58.603,-51.9822],[-58.6264,-51.97],[-58.6309,-51.9636],[-58.6478,-51.9659],[-58.6557,-51.9604],[-58.6716,-51.9592],[-58.6828,-51.9633],[-58.695,-51.954],[-58.7128,-51.9505],[-58.7298,-51.9515],[-58.7535,-51.9684],[-58.7736,-51.9652],[-58.8002,-51.9471],[-58.8458,-51.9301],[-58.8638,-51.9298],[-58.8884,-51.9255],[-58.8842,-51.9163],[-58.8278,-51.9193],[-58.8134,-51.9358],[-58.7935,-51.9403],[-58.7775,-51.9383],[-58.7757,-51.9312],[-58.7918,-51.9304],[-58.8142,-51.9191],[-58.8335,-51.9158],[-58.8398,-51.9106],[-58.8907,-51.9002],[-58.8897,-51.8967],[-58.9061,-51.8809],[-58.9285,-51.8757],[-58.9407,-51.877],[-58.9579,-51.8674],[-58.9914,-51.8546],[-59.0019,-51.86],[-59.0201,-51.8522],[-59.0356,-51.8609],[-59.0548,-51.8608],[-59.0765,-51.8562],[-59.0928,-51.8644],[-59.0971,-51.8411],[-59.0782,-51.8434],[-59.0749,-51.854],[-59.0546,-51.8591],[-59.0327,-51.8572],[-59.0203,-51.8505],[-59.0051,-51.8555],[-58.9852,-51.8523],[-58.9807,-51.8414],[-58.9654,-51.8186],[-58.9571,-51.814],[-58.9513,-51.7997],[-58.9338,-51.8126],[-58.9256,-51.8341],[-58.8888,-51.8554],[-58.8816,-51.8557],[-58.8329,-51.8699],[-58.8224,-51.8685],[-58.8008,-51.8745],[-58.8023,-51.8839],[-58.7819,-51.8884],[-58.7818,-51.8927],[-58.7551,-51.8988],[-58.7328,-51.8815],[-58.7277,-51.8895],[-58.6821,-51.8923],[-58.6782,-51.9013],[-58.6581,-51.9025],[-58.6415,-51.8963],[-58.6319,-51.8989],[-58.6004,-51.8988],[-58.5611,-51.9008],[-58.5483,-51.8884],[-58.513,-51.8944],[-58.4696,-51.8898],[-58.4648,-51.9022],[-58.4525,-51.8995],[-58.3876,-51.8998],[-58.3685,-51.8883],[-58.3269,-51.8786],[-58.3091,-51.8794],[-58.3133,-51.8676],[-58.2876,-51.866],[-58.2831,-51.8564],[-58.2664,-51.8565],[-58.2408,-51.8456],[-58.222,-51.8443],[-58.2225,-51.8554],[-58.23,-51.8606],[-58.2466,-51.8624],[-58.2426,-51.8698],[-58.2121,-51.8623],[-58.2101,-51.8551],[-58.2159,-51.8419],[-58.2325,-51.8376],[-58.2287,-51.8271],[-58.1879,-51.8268],[-58.1638,-51.8152],[-58.2047,-51.8146],[-58.2429,-51.8064],[-58.2631,-51.8071],[-58.2888,-51.8141],[-58.2908,-51.8215],[-58.3181,-51.8367],[-58.3413,-51.8292],[-58.3341,-51.8224],[-58.3182,-51.82],[-58.2934,-51.8209],[-58.2923,-51.8143],[-58.2824,-51.8103],[-58.2767,-51.8007],[-58.2536,-51.8008],[-58.2267,-51.7918],[-58.2163,-51.7964],[-58.1848,-51.7937],[-58.1401,-51.7972],[-58.1366,-51.7859],[-58.1563,-51.781],[-58.1828,-51.7807],[-58.204,-51.7855],[-58.2082,-51.773],[-58.2218,-51.7653],[-58.2331,-51.7662],[-58.2382,-51.7579],[-58.253,-51.7593],[-58.2591,-51.7498],[-58.2309,-51.7542],[-58.2061,-51.766],[-58.1898,-51.7661],[-58.1787,-51.7596],[-58.162,-51.76],[-58.165,-51.7405],[-58.1519,-51.7466],[-58.1607,-51.7586],[-58.1474,-51.7652],[-58.1005,-51.7689],[-58.0811,-51.7582],[-58.0638,-51.7602],[-58.0504,-51.7568],[-58.0502,-51.7436],[-58.0689,-51.7431],[-58.0627,-51.735],[-58.0471,-51.7421],[-58.04,-51.7497],[-58.0462,-51.7563],[-58.0048,-51.7574],[-57.9685,-51.754],[-57.9677,-51.7489],[-57.9187,-51.7442],[-57.8761,-51.7462],[-57.8805,-51.7384],[-57.9041,-51.736],[-57.9228,-51.7381],[-57.9383,-51.734],[-57.9827,-51.7381],[-57.985,-51.7312],[-57.9501,-51.7319],[-57.9446,-51.7254],[-57.9146,-51.7248],[-57.8645,-51.7291],[-57.8464,-51.7202],[-57.8239,-51.7205],[-57.798,-51.7018],[-57.7799,-51.7012],[-57.7672,-51.6914],[-57.7343,-51.692],[-57.7402,-51.6795],[-57.7664,-51.6802],[-57.7799,-51.6722],[-57.8014,-51.6784],[-57.8114,-51.673],[-57.8234,-51.6825],[-57.7963,-51.6863],[-57.7992,-51.6938],[-57.825,-51.6937],[-57.8716,-51.6895],[-57.8954,-51.6842],[-57.8545,-51.6796],[-57.8706,-51.6727],[-57.886,-51.6744],[-57.905,-51.6626],[-57.9284,-51.6527],[-57.9216,-51.6486],[-57.9063,-51.6609],[-57.8888,-51.669],[-57.8639,-51.6708],[-57.8563,-51.6748],[-57.8439,-51.6669],[-57.8252,-51.6619],[-57.8142,-51.6636],[-57.8008,-51.6473],[-57.7863,-51.6602],[-57.7692,-51.6556],[-57.7688,-51.6472],[-57.7565,-51.6415],[-57.7374,-51.6435],[-57.7369,-51.6333],[-57.7595,-51.6314],[-57.7647,-51.6208],[-57.7799,-51.6158],[-57.8475,-51.6074],[-57.8776,-51.5999],[-57.9234,-51.5975],[-57.9296,-51.5949],[-57.9627,-51.5912],[-57.9694,-51.5864],[-57.992,-51.5933],[-58.0567,-51.5912],[-58.0671,-51.5825],[-58.0662,-51.5692],[-58.0822,-51.5693],[-58.1095,-51.5604],[-58.1506,-51.553],[-58.1608,-51.5469],[-58.1579,-51.5402],[-58.1082,-51.5363],[-58.0885,-51.525],[-58.063,-51.5257],[-58.0338,-51.5328],[-58.0389,-51.5201],[-58.0467,-51.5161],[-58.0457,-51.5068],[-58.0364,-51.5032],[-58.0076,-51.5085],[-57.9881,-51.5079],[-57.986,-51.5248],[-57.9727,-51.532],[-57.9442,-51.5398],[-57.9384,-51.5365],[-57.9165,-51.5372],[-57.8684,-51.5426],[-57.8475,-51.542],[-57.8263,-51.5453],[-57.7856,-51.5439],[-57.7618,-51.54],[-57.7616,-51.5255],[-57.7692,-51.5219],[-57.8075,-51.5136],[-57.8719,-51.5083],[-57.8814,-51.4969],[-57.8634,-51.4956],[-57.854,-51.4855],[-57.8378,-51.4752],[-57.8338,-51.4823],[-57.8564,-51.4956],[-57.8426,-51.501],[-57.794,-51.506],[-57.7767,-51.5171],[-57.7599,-51.5029],[-57.7676,-51.4949],[-57.7977,-51.4842],[-57.8163,-51.4836],[-57.8365,-51.47],[-57.8314,-51.4604],[-57.8414,-51.4542],[-57.8435,-51.444],[-57.86,-51.4419],[-57.8662,-51.429],[-57.8505,-51.4117],[-57.8676,-51.408],[-57.8911,-51.3958],[-57.9023,-51.377],[-57.9361,-51.3643],[-57.9588,-51.371],[-57.9758,-51.3676],[-57.977,-51.3762],[-58.0175,-51.38],[-58.028,-51.3719],[-58.0503,-51.3772],[-58.0565,-51.3686],[-58.0762,-51.3725],[-58.0981,-51.3819],[-58.1156,-51.3773],[-58.1776,-51.3867],[-58.1982,-51.3849],[-58.2063,-51.3877],[-58.2267,-51.3835],[-58.2356,-51.3866],[-58.2707,-51.3891],[-58.2728,-51.3976],[-58.2838,-51.4037],[-58.2913,-51.4177],[-58.2865,-51.4285],[-58.31,-51.4394],[-58.3166,-51.4543],[-58.35,-51.4775],[-58.3647,-51.4784],[-58.3761,-51.4876],[-58.3582,-51.4893],[-58.3673,-51.4997],[-58.3602,-51.5134],[-58.3285,-51.5195],[-58.3131,-51.5132],[-58.3119,-51.4996],[-58.2986,-51.4988],[-58.2918,-51.4864],[-58.2825,-51.4898],[-58.2808,-51.5041],[-58.29,-51.5099],[-58.2972,-51.5273],[-58.2832,-51.5267],[-58.271,-51.5327],[-58.25,-51.5347],[-58.2183,-51.5274],[-58.2137,-51.536],[-58.2214,-51.5445],[-58.2313,-51.5414],[-58.2539,-51.5495],[-58.2436,-51.5567],[-58.2192,-51.5643],[-58.2376,-51.5731],[-58.2033,-51.5831],[-58.1895,-51.5946],[-58.1669,-51.6005],[-58.17,-51.6066],[-58.1915,-51.6037],[-58.2231,-51.5902],[-58.2479,-51.5846],[-58.2562,-51.6003],[-58.2411,-51.6032],[-58.2323,-51.6201],[-58.2095,-51.6232],[-58.2093,-51.6354],[-58.1984,-51.6443],[-58.2189,-51.6467],[-58.2445,-51.6376],[-58.2629,-51.6342],[-58.2775,-51.6224],[-58.2525,-51.6169],[-58.2593,-51.606],[-58.2841,-51.596],[-58.2727,-51.5907],[-58.2598,-51.5927],[-58.2628,-51.5744],[-58.2593,-51.568],[-58.2739,-51.5539],[-58.2985,-51.5568],[-58.3062,-51.5499],[-58.3218,-51.5482],[-58.3348,-51.5566],[-58.3237,-51.5665],[-58.3471,-51.5701],[-58.3478,-51.562],[-58.3694,-51.5591],[-58.3868,-51.551],[-58.3895,-51.5312],[-58.4006,-51.5273],[-58.4046,-51.5396],[-58.4181,-51.5631],[-58.4413,-51.5462],[-58.426,-51.5442],[-58.422,-51.5346],[-58.4297,-51.5224],[-58.4111,-51.509],[-58.4064,-51.5003],[-58.4173,-51.492],[-58.4355,-51.4667],[-58.4615,-51.4864],[-58.4722,-51.4762],[-58.474,-51.467],[-58.4879,-51.4681],[-58.4895,-51.4796],[-58.4984,-51.4805],[-58.5107,-51.4953],[-58.5286,-51.4951],[-58.5198,-51.4829],[-58.5427,-51.4736],[-58.5404,-51.4681],[-58.5187,-51.4704],[-58.5115,-51.4602],[-58.499,-51.4516],[-58.5096,-51.4475],[-58.5113,-51.4348],[-58.5236,-51.4228],[-58.5338,-51.4191],[-58.5204,-51.3993],[-58.4988,-51.3803],[-58.4859,-51.3866],[-58.4963,-51.3923],[-58.5163,-51.4107],[-58.5056,-51.4219],[-58.494,-51.4067],[-58.4922,-51.3982],[-58.4738,-51.4013],[-58.4728,-51.4134],[-58.4669,-51.419],[-58.4713,-51.4295],[-58.458,-51.4424],[-58.4525,-51.4542],[-58.4416,-51.4488],[-58.4007,-51.4423],[-58.3679,-51.4458],[-58.3553,-51.4504],[-58.3441,-51.4599],[-58.3361,-51.4508],[-58.3535,-51.4357],[-58.3436,-51.4329],[-58.3225,-51.4348],[-58.3144,-51.4283],[-58.3105,-51.4158],[-58.3237,-51.4018],[-58.3308,-51.3871],[-58.3275,-51.3799],[-58.3413,-51.3693],[-58.3451,-51.358],[-58.3576,-51.3558],[-58.3832,-51.3422],[-58.3763,-51.3375],[-58.3918,-51.3309],[-58.4076,-51.3149],[-58.432,-51.3195],[-58.4442,-51.3126],[-58.4614,-51.3107],[-58.4582,-51.3013],[-58.4886,-51.3034],[-58.5088,-51.3087],[-58.5255,-51.2964],[-58.5541,-51.3032],[-58.5675,-51.2963],[-58.5807,-51.299],[-58.5788,-51.3093],[-58.5952,-51.3178],[-58.6194,-51.3194],[-58.6237,-51.3249],[-58.6072,-51.3493],[-58.6014,-51.3443],[-58.5779,-51.3394],[-58.5661,-51.3463],[-58.5877,-51.3491],[-58.6149,-51.3575],[-58.6322,-51.3443],[-58.6239,-51.3387],[-58.636,-51.3231],[-58.6424,-51.327],[-58.6713,-51.3332],[-58.7211,-51.3219],[-58.7341,-51.3141],[-58.7413,-51.3235],[-58.757,-51.314],[-58.7792,-51.3107],[-58.7891,-51.3043],[-58.8123,-51.3032],[-58.8371,-51.2866],[-58.8711,-51.2838],[-58.901,-51.2748],[-58.9043,-51.2649],[-58.9211,-51.2583],[-58.936,-51.2453],[-58.9609,-51.2368],[-58.9596,-51.2478],[-58.944,-51.2546],[-58.9491,-51.2631],[-58.9379,-51.2776],[-58.9118,-51.2974],[-58.9142,-51.3054],[-58.8941,-51.3248],[-58.8567,-51.3519],[-58.8622,-51.3708],[-58.8757,-51.3829],[-58.9278,-51.3798],[-58.9297,-51.3863],[-58.9663,-51.3813],[-58.9858,-51.3813],[-58.9976,-51.4002],[-58.9949,-51.4083],[-59.0145,-51.4159],[-59.0024,-51.4233],[-58.9864,-51.4196],[-58.967,-51.4222],[-58.9693,-51.4286],[-58.9872,-51.425],[-59.01,-51.4246],[-59.0424,-51.433],[-59.0508,-51.4281],[-59.0724,-51.4254],[-59.0924,-51.4101],[-59.0996,-51.4128],[-59.1117,-51.4359],[-59.135,-51.443],[-59.1351,-51.4576],[-59.13,-51.4693],[-59.1147,-51.4769],[-59.0989,-51.4756],[-59.0939,-51.467],[-59.0711,-51.4726],[-59.0545,-51.4812],[-59.0143,-51.4948],[-59.0136,-51.4992],[-58.9874,-51.506],[-58.9807,-51.5018],[-58.9421,-51.5113],[-58.9599,-51.5159],[-58.9796,-51.5107],[-58.9965,-51.5112],[-59.0436,-51.5022],[-59.0623,-51.5058],[-59.0638,-51.5182],[-59.0505,-51.5281],[-59.0485,-51.5414],[-59.0349,-51.5484],[-59.0473,-51.5801],[-59.067,-51.5815],[-59.0607,-51.5706],[-59.075,-51.5593],[-59.0705,-51.555],[-59.0807,-51.5371],[-59.0841,-51.5243],[-59.1069,-51.5],[-59.1191,-51.5015],[-59.1058,-51.5237],[-59.1106,-51.5362],[-59.1302,-51.5334],[-59.1399,-51.5591],[-59.1523,-51.5752],[-59.1722,-51.5787],[-59.1725,-51.5863],[-59.1629,-51.5927],[-59.1182,-51.6083],[-59.1037,-51.6114],[-59.0843,-51.628],[-59.0765,-51.6395],[-59.0411,-51.6453],[-59.039,-51.6569],[-59.0164,-51.6657],[-59.0209,-51.673],[-59.0035,-51.6807],[-59.0166,-51.6844],[-59.0354,-51.7061],[-59.0314,-51.7128],[-59.0093,-51.7119]]],[[[-60.3094,-51.577],[-60.3026,-51.5763],[-60.2984,-51.5969],[-60.2872,-51.6038],[-60.2656,-51.6096],[-60.2268,-51.6076],[-60.2164,-51.6149],[-60.2354,-51.6227],[-60.2326,-51.6302],[-60.2138,-51.6322],[-60.1903,-51.6499],[-60.1786,-51.6646],[-60.1414,-51.6783],[-60.1179,-51.6779],[-60.1061,-51.672],[-60.0902,-51.675],[-60.089,-51.6817],[-60.0427,-51.695],[-60.0536,-51.7024],[-60.0786,-51.6972],[-60.087,-51.701],[-60.076,-51.7168],[-60.1108,-51.7011],[-60.1311,-51.698],[-60.1532,-51.6913],[-60.1645,-51.6914],[-60.1789,-51.6791],[-60.2133,-51.6591],[-60.23,-51.6553],[-60.2402,-51.6571],[-60.2442,-51.6696],[-60.2621,-51.676],[-60.2927,-51.681],[-60.3641,-51.6714],[-60.3797,-51.6745],[-60.4315,-51.6963],[-60.4641,-51.7041],[-60.4798,-51.7032],[-60.4983,-51.7088],[-60.5094,-51.7045],[-60.545,-51.7034],[-60.6048,-51.6766],[-60.6259,-51.6773],[-60.6435,-51.6668],[-60.6563,-51.6766],[-60.6571,-51.6857],[-60.6417,-51.6996],[-60.6414,-51.7118],[-60.6355,-51.726],[-60.6067,-51.7457],[-60.602,-51.7535],[-60.5899,-51.7589],[-60.5856,-51.774],[-60.5585,-51.7704],[-60.5662,-51.7813],[-60.5621,-51.7903],[-60.5662,-51.7982],[-60.5435,-51.7994],[-60.5224,-51.8043],[-60.52,-51.7929],[-60.5381,-51.7984],[-60.5392,-51.7815],[-60.5293,-51.77],[-60.5146,-51.7641],[-60.5033,-51.769],[-60.4876,-51.7693],[-60.4696,-51.7748],[-60.4545,-51.7746],[-60.4319,-51.7662],[-60.3908,-51.7446],[-60.3668,-51.7587],[-60.3545,-51.7562],[-60.3706,-51.7424],[-60.3669,-51.7318],[-60.3756,-51.7273],[-60.3727,-51.7136],[-60.3432,-51.7155],[-60.3183,-51.7067],[-60.2844,-51.7205],[-60.2632,-51.7141],[-60.2572,-51.7036],[-60.2437,-51.6957],[-60.2258,-51.6954],[-60.21,-51.7],[-60.1941,-51.6998],[-60.1851,-51.7063],[-60.1848,-51.7201],[-60.1794,-51.7413],[-60.1865,-51.7508],[-60.2235,-51.7594],[-60.2309,-51.7778],[-60.2485,-51.7835],[-60.2649,-51.7776],[-60.2755,-51.7605],[-60.2951,-51.7561],[-60.3049,-51.761],[-60.3194,-51.7603],[-60.295,-51.7868],[-60.3114,-51.7941],[-60.3064,-51.8043],[-60.293,-51.8164],[-60.2906,-51.8297],[-60.3138,-51.8271],[-60.3239,-51.8341],[-60.3367,-51.8513],[-60.3264,-51.8618],[-60.3461,-51.8604],[-60.365,-51.8532],[-60.3781,-51.855],[-60.3784,-51.8449],[-60.368,-51.8232],[-60.3553,-51.8156],[-60.3682,-51.7972],[-60.3777,-51.8078],[-60.4041,-51.8089],[-60.4097,-51.8012],[-60.3902,-51.7916],[-60.3825,-51.7961],[-60.371,-51.7891],[-60.3635,-51.7733],[-60.3776,-51.7757],[-60.3926,-51.7683],[-60.4118,-51.7806],[-60.4171,-51.7905],[-60.4312,-51.7882],[-60.425,-51.7774],[-60.4424,-51.7766],[-60.4555,-51.787],[-60.4738,-51.8237],[-60.4422,-51.8508],[-60.4599,-51.8601],[-60.4577,-51.8704],[-60.4477,-51.8762],[-60.4798,-51.9043],[-60.4965,-51.9104],[-60.4869,-51.9186],[-60.4968,-51.9286],[-60.5423,-51.9392],[-60.5566,-51.9315],[-60.5642,-51.933],[-60.5812,-51.926],[-60.5965,-51.9291],[-60.6112,-51.9212],[-60.6292,-51.9218],[-60.6254,-51.9325],[-60.5922,-51.9313],[-60.5669,-51.9381],[-60.5394,-51.9532],[-60.5163,-51.9481],[-60.497,-51.9529],[-60.4866,-51.9413],[-60.4786,-51.9463],[-60.4615,-51.9451],[-60.4531,-51.9349],[-60.4168,-51.9302],[-60.3994,-51.9358],[-60.4254,-51.9507],[-60.4511,-51.9691],[-60.4754,-51.9736],[-60.4892,-51.973],[-60.5021,-51.9779],[-60.5315,-51.9798],[-60.544,-51.9754],[-60.5575,-51.9889],[-60.5155,-52.0025],[-60.5197,-52.008],[-60.5391,-51.9982],[-60.5659,-51.9885],[-60.5759,-52.0041],[-60.5547,-52.016],[-60.5592,-52.0238],[-60.5819,-52.0039],[-60.577,-51.9879],[-60.5942,-51.979],[-60.6341,-51.9743],[-60.6577,-51.9695],[-60.6683,-51.9741],[-60.6607,-51.9843],[-60.6662,-51.9921],[-60.6674,-52.0103],[-60.6546,-52.017],[-60.6621,-52.0267],[-60.6759,-52.0284],[-60.6803,-52.0206],[-60.6764,-52.0093],[-60.675,-51.9856],[-60.6803,-51.9727],[-60.6952,-51.9691],[-60.6985,-51.9633],[-60.7213,-51.9602],[-60.7336,-51.9655],[-60.7498,-51.9595],[-60.764,-51.9609],[-60.7797,-51.9558],[-60.8021,-51.9583],[-60.8377,-51.9544],[-60.8519,-51.9626],[-60.8425,-51.9745],[-60.8325,-51.9751],[-60.8325,-51.9853],[-60.8192,-51.9858],[-60.8089,-52.0012],[-60.7987,-51.995],[-60.773,-51.9979],[-60.7603,-52.0019],[-60.7434,-52],[-60.7416,-52.0166],[-60.7492,-52.0227],[-60.7616,-52.0192],[-60.7789,-52.0242],[-60.7981,-52.0249],[-60.8099,-52.033],[-60.8323,-52.0348],[-60.8558,-52.0406],[-60.8587,-52.0349],[-60.8798,-52.0257],[-60.8936,-52.0317],[-60.8805,-52.0403],[-60.8822,-52.0519],[-60.8785,-52.0638],[-60.8565,-52.0699],[-60.8429,-52.0642],[-60.8377,-52.0742],[-60.8507,-52.077],[-60.8781,-52.0715],[-60.8868,-52.0637],[-60.8871,-52.0403],[-60.9038,-52.0348],[-60.9244,-52.0349],[-60.9434,-52.0435],[-60.9887,-52.0418],[-61.0005,-52.0367],[-60.999,-52.0237],[-60.9881,-52.0227],[-60.9834,-52.0143],[-60.993,-52.0099],[-61.0059,-52.0165],[-61.0198,-52.0063],[-61.0366,-52.0109],[-61.0539,-52.0114],[-61.0627,-52.0065],[-61.0747,-52.0093],[-61.0685,-52.0175],[-61.0431,-52.0129],[-61.0402,-52.0423],[-61.0474,-52.0517],[-61.038,-52.0597],[-61.0401,-52.0723],[-61.0231,-52.0703],[-61.0178,-52.08],[-61.0031,-52.0673],[-61.0187,-52.0565],[-61.0133,-52.0506],[-60.995,-52.0568],[-60.9933,-52.0733],[-60.9727,-52.0764],[-60.9737,-52.0872],[-60.9617,-52.086],[-60.943,-52.0903],[-60.9427,-52.1032],[-60.9272,-52.1086],[-60.9274,-52.1164],[-60.9006,-52.1143],[-60.8779,-52.117],[-60.8539,-52.1265],[-60.8583,-52.1311],[-60.8554,-52.1437],[-60.8139,-52.1502],[-60.8094,-52.16],[-60.8213,-52.1717],[-60.8118,-52.1835],[-60.7953,-52.1887],[-60.7499,-52.184],[-60.7255,-52.1863],[-60.7241,-52.1756],[-60.7351,-52.1739],[-60.7829,-52.1493],[-60.7922,-52.139],[-60.8169,-52.1371],[-60.8247,-52.1305],[-60.8402,-52.1266],[-60.8484,-52.1168],[-60.846,-52.1075],[-60.827,-52.1046],[-60.8078,-52.1111],[-60.7847,-52.1081],[-60.7646,-52.1089],[-60.7588,-52.1207],[-60.7407,-52.1239],[-60.7174,-52.113],[-60.6905,-52.1226],[-60.6996,-52.1317],[-60.7117,-52.1285],[-60.7281,-52.1325],[-60.726,-52.139],[-60.7385,-52.1435],[-60.7216,-52.1599],[-60.7021,-52.1526],[-60.7076,-52.1675],[-60.6866,-52.1763],[-60.6849,-52.1845],[-60.6339,-52.205],[-60.6439,-52.2103],[-60.6621,-52.1996],[-60.6856,-52.2007],[-60.6908,-52.2136],[-60.6817,-52.2187],[-60.6646,-52.2191],[-60.6789,-52.2297],[-60.6574,-52.2415],[-60.6383,-52.2603],[-60.6287,-52.2558],[-60.6106,-52.2578],[-60.6112,-52.2498],[-60.6,-52.2474],[-60.591,-52.235],[-60.5701,-52.2338],[-60.5321,-52.2152],[-60.5211,-52.2121],[-60.5073,-52.2023],[-60.4997,-52.2025],[-60.5029,-52.1806],[-60.4893,-52.1848],[-60.4883,-52.1702],[-60.5145,-52.1589],[-60.5279,-52.1463],[-60.5385,-52.1421],[-60.5525,-52.148],[-60.5528,-52.1347],[-60.5807,-52.126],[-60.5501,-52.1204],[-60.5009,-52.1587],[-60.4895,-52.1608],[-60.4608,-52.1782],[-60.4451,-52.1769],[-60.4387,-52.1691],[-60.4552,-52.1667],[-60.4627,-52.1591],[-60.4393,-52.1503],[-60.417,-52.1469],[-60.4023,-52.1501],[-60.4086,-52.1657],[-60.4021,-52.1729],[-60.3663,-52.176],[-60.3607,-52.1645],[-60.3829,-52.1555],[-60.3794,-52.1421],[-60.3918,-52.1358],[-60.4023,-52.1235],[-60.4155,-52.1188],[-60.4291,-52.1203],[-60.4438,-52.1156],[-60.461,-52.1176],[-60.4815,-52.1147],[-60.4548,-52.1035],[-60.449,-52.1112],[-60.4323,-52.1184],[-60.4149,-52.1174],[-60.396,-52.1242],[-60.3895,-52.1319],[-60.3766,-52.1264],[-60.3764,-52.1108],[-60.3937,-52.1008],[-60.3857,-52.0947],[-60.3695,-52.1017],[-60.3477,-52.1024],[-60.3373,-52.0982],[-60.33,-52.1075],[-60.3432,-52.1135],[-60.3588,-52.1072],[-60.3724,-52.1064],[-60.3738,-52.1224],[-60.3795,-52.1371],[-60.3727,-52.1436],[-60.3762,-52.1528],[-60.3548,-52.1524],[-60.348,-52.1597],[-60.3252,-52.1496],[-60.3165,-52.1359],[-60.2951,-52.1149],[-60.2889,-52.113],[-60.2772,-52.0938],[-60.2612,-52.0891],[-60.2503,-52.0401],[-60.2588,-52.0439],[-60.2656,-52.079],[-60.279,-52.0776],[-60.2684,-52.0412],[-60.2773,-52.0194],[-60.2986,-52.0122],[-60.2975,-52.0066],[-60.3206,-51.9985],[-60.3304,-51.9926],[-60.3244,-51.9882],[-60.3266,-51.9752],[-60.3238,-51.9672],[-60.3547,-51.9538],[-60.3645,-51.9384],[-60.3429,-51.9357],[-60.3348,-51.9403],[-60.3168,-51.9359],[-60.3052,-51.9409],[-60.3055,-51.95],[-60.3161,-51.9582],[-60.3242,-51.9748],[-60.3225,-51.9944],[-60.3075,-52.0011],[-60.2793,-52.0077],[-60.2727,-51.9999],[-60.2475,-51.9905],[-60.2341,-51.9941],[-60.2176,-51.9899],[-60.1973,-51.9928],[-60.2333,-52.0071],[-60.2269,-52.0126],[-60.2084,-52.0087],[-60.1469,-52.0018],[-60.1149,-52.008],[-60.0976,-52.0061],[-60.0824,-51.9975],[-60.0923,-51.9869],[-60.0822,-51.971],[-60.0837,-51.9546],[-60.0715,-51.9434],[-60.0622,-51.9491],[-60.0715,-51.9553],[-60.0331,-51.969],[-60.0253,-51.9611],[-59.992,-51.9822],[-59.9998,-51.9938],[-60.0002,-52.006],[-59.9645,-51.9975],[-59.9437,-51.9888],[-59.9153,-51.9667],[-59.886,-51.9728],[-59.8543,-51.9642],[-59.8438,-51.9506],[-59.8478,-51.9422],[-59.8314,-51.8993],[-59.8125,-51.8803],[-59.8012,-51.8783],[-59.7778,-51.8609],[-59.7786,-51.8528],[-59.7574,-51.8289],[-59.7431,-51.8182],[-59.7392,-51.8099],[-59.7216,-51.8129],[-59.6884,-51.7905],[-59.6246,-51.7542],[-59.6255,-51.7403],[-59.6137,-51.731],[-59.6027,-51.7287],[-59.5969,-51.7157],[-59.5814,-51.7055],[-59.5831,-51.6926],[-59.5683,-51.6895],[-59.5664,-51.6811],[-59.5379,-51.6477],[-59.5801,-51.6662],[-59.585,-51.6612],[-59.562,-51.65],[-59.56,-51.6457],[-59.5341,-51.6291],[-59.5315,-51.6234],[-59.5137,-51.6208],[-59.5063,-51.6281],[-59.4859,-51.6212],[-59.4658,-51.6207],[-59.4768,-51.6324],[-59.4524,-51.6399],[-59.4381,-51.6374],[-59.4232,-51.6221],[-59.4006,-51.6097],[-59.3826,-51.6033],[-59.3862,-51.5908],[-59.3718,-51.5682],[-59.3338,-51.5287],[-59.3396,-51.5221],[-59.3623,-51.5267],[-59.3482,-51.5112],[-59.3462,-51.4986],[-59.3317,-51.4936],[-59.3229,-51.4981],[-59.3366,-51.5122],[-59.3294,-51.5241],[-59.3017,-51.5019],[-59.2841,-51.4901],[-59.2812,-51.4826],[-59.2554,-51.4689],[-59.2311,-51.4598],[-59.2054,-51.4446],[-59.2048,-51.4391],[-59.2632,-51.4615],[-59.2737,-51.4482],[-59.2614,-51.4459],[-59.2799,-51.4331],[-59.2613,-51.422],[-59.2521,-51.4243],[-59.216,-51.4146],[-59.2028,-51.4051],[-59.2342,-51.3958],[-59.2469,-51.389],[-59.2804,-51.3781],[-59.3051,-51.3751],[-59.3567,-51.3565],[-59.3604,-51.347],[-59.377,-51.3375],[-59.4127,-51.3397],[-59.4021,-51.3497],[-59.4099,-51.3605],[-59.4454,-51.3514],[-59.4503,-51.3563],[-59.4298,-51.3805],[-59.4391,-51.394],[-59.4687,-51.3989],[-59.4682,-51.406],[-59.4296,-51.4056],[-59.3986,-51.4199],[-59.391,-51.4203],[-59.3783,-51.4325],[-59.394,-51.4343],[-59.4214,-51.4482],[-59.4427,-51.4505],[-59.4434,-51.457],[-59.4605,-51.4628],[-59.4681,-51.4568],[-59.5045,-51.4583],[-59.5259,-51.4491],[-59.5371,-51.4503],[-59.5262,-51.4666],[-59.5425,-51.4665],[-59.5515,-51.4621],[-59.584,-51.4574],[-59.595,-51.4479],[-59.5735,-51.4413],[-59.542,-51.437],[-59.4963,-51.4169],[-59.4818,-51.4159],[-59.4869,-51.4072],[-59.4809,-51.3976],[-59.5005,-51.3933],[-59.5274,-51.4135],[-59.5482,-51.4252],[-59.5686,-51.4335],[-59.5903,-51.4382],[-59.617,-51.4339],[-59.6782,-51.4453],[-59.6994,-51.4512],[-59.7202,-51.4525],[-59.7275,-51.4593],[-59.751,-51.4675],[-59.7736,-51.4802],[-59.792,-51.4764],[-59.8008,-51.4641],[-59.7966,-51.4574],[-59.8109,-51.4386],[-59.745,-51.4253],[-59.742,-51.4128],[-59.7593,-51.4087],[-59.7648,-51.4179],[-59.8096,-51.4103],[-59.8224,-51.4152],[-59.8575,-51.4125],[-59.8593,-51.4022],[-59.8889,-51.4108],[-59.8638,-51.389],[-59.8763,-51.3824],[-59.8955,-51.3802],[-59.9309,-51.3895],[-59.9457,-51.39],[-59.9605,-51.4014],[-59.9791,-51.4087],[-59.9778,-51.4201],[-59.9964,-51.4206],[-60.0108,-51.4115],[-59.9968,-51.3979],[-59.9944,-51.3872],[-60.0038,-51.3799],[-60.0454,-51.3857],[-60.0416,-51.399],[-60.032,-51.406],[-60.0292,-51.4159],[-60.0677,-51.4081],[-60.0711,-51.4293],[-60.0871,-51.4345],[-60.0869,-51.4489],[-60.0395,-51.4532],[-60.0109,-51.4529],[-59.9938,-51.4653],[-59.9868,-51.4755],[-60.0376,-51.4795],[-60.0531,-51.4866],[-60.0714,-51.4864],[-60.0875,-51.4908],[-60.0906,-51.5003],[-60.1415,-51.5015],[-60.1625,-51.4999],[-60.1731,-51.4899],[-60.1981,-51.4979],[-60.225,-51.4961],[-60.2477,-51.491],[-60.2811,-51.4786],[-60.2927,-51.4764],[-60.3448,-51.4559],[-60.3753,-51.4418],[-60.3926,-51.4241],[-60.4303,-51.4068],[-60.4708,-51.3944],[-60.481,-51.3874],[-60.5371,-51.3694],[-60.5436,-51.3703],[-60.5844,-51.3594],[-60.6036,-51.3496],[-60.6245,-51.3433],[-60.63,-51.348],[-60.6091,-51.3631],[-60.6573,-51.3571],[-60.6606,-51.3614],[-60.6261,-51.3797],[-60.6267,-51.3881],[-60.6038,-51.4041],[-60.6042,-51.411],[-60.6301,-51.4032],[-60.639,-51.41],[-60.5981,-51.4211],[-60.5915,-51.4267],[-60.5903,-51.4407],[-60.5583,-51.4414],[-60.5455,-51.4458],[-60.5333,-51.4443],[-60.5149,-51.4515],[-60.4842,-51.4465],[-60.4653,-51.4369],[-60.4504,-51.4376],[-60.4436,-51.453],[-60.4292,-51.457],[-60.4177,-51.4552],[-60.406,-51.4705],[-60.3959,-51.4739],[-60.3928,-51.483],[-60.3817,-51.4845],[-60.3782,-51.4992],[-60.3827,-51.505],[-60.3993,-51.5046],[-60.4504,-51.4935],[-60.4773,-51.4932],[-60.4953,-51.4966],[-60.5098,-51.504],[-60.4994,-51.529],[-60.4896,-51.5398],[-60.4776,-51.5322],[-60.4462,-51.5405],[-60.4176,-51.55],[-60.3896,-51.5689],[-60.3543,-51.5784],[-60.3288,-51.5805],[-60.3094,-51.577]]],[[[-37.6907,-53.9769],[-37.737,-53.9846],[-37.7636,-54.0053],[-37.7989,-54.0153],[-37.8355,-54.0201],[-37.8764,-54.0026],[-37.9195,-53.9996],[-37.9486,-54.0025],[-37.9836,-54.0144],[-37.9956,-54.0093],[-38.0158,-54.0135],[-38.0018,-54.0257],[-38.0088,-54.0414],[-38.0075,-54.0584],[-38.0005,-54.0697],[-37.9548,-54.0466],[-37.9256,-54.0431],[-37.9028,-54.0566],[-37.8368,-54.0594],[-37.7542,-54.0594],[-37.6875,-54.0562],[-37.7034,-54.0944],[-37.7288,-54.1198],[-37.6716,-54.1547],[-37.6272,-54.161],[-37.5573,-54.1674],[-37.5065,-54.1325],[-37.4112,-54.1293],[-37.3096,-54.1483],[-37.3763,-54.1674],[-37.3827,-54.196],[-37.3414,-54.2214],[-37.3858,-54.2658],[-37.2683,-54.2627],[-37.2271,-54.2373],[-37.1254,-54.2658],[-37.0905,-54.3008],[-37.0683,-54.342],[-36.8936,-54.3547],[-36.8142,-54.4024],[-36.7952,-54.45],[-36.6332,-54.5199],[-36.5793,-54.5072],[-36.5062,-54.5294],[-36.4395,-54.5993],[-36.3443,-54.6755],[-36.2681,-54.7644],[-36.195,-54.8247],[-36.1124,-54.8692],[-36.0331,-54.8851],[-35.9346,-54.8565],[-35.8775,-54.812],[-35.7981,-54.7834],[-35.7981,-54.7644],[-35.8584,-54.7295],[-35.9187,-54.685],[-35.9124,-54.6183],[-35.887,-54.5707],[-35.941,-54.558],[-36.0331,-54.558],[-36.0807,-54.5389],[-36.0553,-54.5072],[-36.0394,-54.4722],[-36.0553,-54.4627],[-36.1442,-54.4405],[-36.1728,-54.3897],[-36.2458,-54.2849],[-36.3252,-54.25],[-36.4014,-54.2404],[-36.3887,-54.2912],[-36.3506,-54.323],[-36.3506,-54.3547],[-36.4427,-54.3071],[-36.4618,-54.3103],[-36.4745,-54.2722],[-36.4681,-54.25],[-36.5221,-54.2277],[-36.5634,-54.2373],[-36.6205,-54.2658],[-36.6459,-54.2468],[-36.5697,-54.2055],[-36.5253,-54.1864],[-36.5507,-54.161],[-36.5951,-54.1579],[-36.6428,-54.1674],[-36.6205,-54.1102],[-36.6555,-54.1039],[-36.7857,-54.1134],[-36.8269,-54.088],[-36.9508,-54.088],[-36.9921,-54.0562],[-37.1191,-54.1071],[-37.1191,-54.0781],[-37.1079,-54.0502],[-37.134,-54.0339],[-37.183,-54.0567],[-37.2715,-54.0689],[-37.3541,-54.0499],[-37.4271,-54.0404],[-37.4367,-54.0245],[-37.3795,-54.0023],[-37.4017,-53.98],[-37.4811,-53.9927],[-37.5224,-54.015],[-37.6335,-54.0023],[-37.6907,-53.9769]]],[[[-60.882,-51.7639],[-60.895,-51.7753],[-60.9118,-51.7781],[-60.9067,-51.7907],[-60.8852,-51.8102],[-60.8837,-51.8199],[-60.9016,-51.8294],[-60.9119,-51.8306],[-60.946,-51.8419],[-60.9516,-51.8626],[-60.9695,-51.8607],[-60.9792,-51.8694],[-61.0242,-51.8712],[-61.029,-51.8606],[-61.0152,-51.85],[-60.9981,-51.8488],[-60.9955,-51.8437],[-60.9752,-51.8306],[-60.9572,-51.8266],[-60.9492,-51.8185],[-60.935,-51.8198],[-60.9346,-51.8028],[-60.9446,-51.7982],[-60.9628,-51.802],[-60.9784,-51.7836],[-61.0035,-51.7851],[-61.0095,-51.7793],[-61.0255,-51.7783],[-61.0346,-51.784],[-61.0315,-51.7933],[-61.0391,-51.7977],[-61.0504,-51.8187],[-61.0613,-51.8302],[-61.098,-51.8197],[-61.1292,-51.8185],[-61.1368,-51.8316],[-61.1559,-51.8338],[-61.1574,-51.8507],[-61.1348,-51.8433],[-61.127,-51.8497],[-61.1095,-51.8452],[-61.0915,-51.8469],[-61.1296,-51.8592],[-61.1334,-51.8695],[-61.1309,-51.8819],[-61.1179,-51.8865],[-61.1287,-51.8929],[-61.1308,-51.9015],[-61.1128,-51.9092],[-61.0961,-51.9002],[-61.1058,-51.9228],[-61.0887,-51.9289],[-61.0759,-51.9255],[-61.0662,-51.9365],[-61.0409,-51.9502],[-61.0193,-51.9739],[-61.0082,-51.974],[-60.9958,-51.9892],[-60.9818,-51.987],[-60.9674,-51.979],[-60.955,-51.9636],[-60.9424,-51.9623],[-60.9327,-51.9551],[-60.9123,-51.9579],[-60.891,-51.9507],[-60.9102,-51.9389],[-60.8859,-51.9365],[-60.886,-51.9255],[-60.878,-51.9176],[-60.866,-51.9163],[-60.8651,-51.9013],[-60.888,-51.9086],[-60.9037,-51.8987],[-60.8672,-51.8871],[-60.8851,-51.8846],[-60.8767,-51.8766],[-60.882,-51.8623],[-60.8799,-51.8466],[-60.8704,-51.8293],[-60.8737,-51.8172],[-60.8605,-51.8164],[-60.8516,-51.7935],[-60.8577,-51.7852],[-60.8572,-51.7649],[-60.882,-51.7639]]],[[[-26.2314,-58.3746],[-26.2961,-58.3552],[-26.3382,-58.339],[-26.403,-58.352],[-26.4742,-58.3973],[-26.4904,-58.4265],[-26.4516,-58.4588],[-26.3933,-58.4491],[-26.3253,-58.4621],[-26.2832,-58.4783],[-26.2411,-58.4815],[-26.2152,-58.4265],[-26.2314,-58.3746]]],[[[-26.5455,-59.0676],[-26.4645,-59.0547],[-26.4289,-59.0288],[-26.458,-58.9964],[-26.4904,-58.9705],[-26.5228,-58.9608],[-26.5876,-58.9543],[-26.6588,-58.9737],[-26.7171,-58.9931],[-26.7462,-59.0126],[-26.7106,-59.0352],[-26.662,-59.0417],[-26.6038,-59.0676],[-26.5455,-59.0676]]],[[[-60.29,-51.2638],[-60.298,-51.2682],[-60.3181,-51.2659],[-60.308,-51.2842],[-60.2952,-51.2864],[-60.2905,-51.2982],[-60.28,-51.3042],[-60.2379,-51.308],[-60.2242,-51.325],[-60.2094,-51.336],[-60.183,-51.3485],[-60.1574,-51.3555],[-60.1453,-51.3639],[-60.1241,-51.3608],[-60.1251,-51.3833],[-60.136,-51.391],[-60.162,-51.3926],[-60.178,-51.3907],[-60.1725,-51.3811],[-60.1866,-51.3664],[-60.1898,-51.3575],[-60.2058,-51.3463],[-60.2255,-51.3378],[-60.2388,-51.3599],[-60.2682,-51.3636],[-60.2812,-51.3694],[-60.2819,-51.3812],[-60.2701,-51.3934],[-60.2971,-51.3928],[-60.2802,-51.4021],[-60.2794,-51.4068],[-60.2594,-51.4128],[-60.2321,-51.4141],[-60.2194,-51.4045],[-60.1981,-51.3995],[-60.1707,-51.4045],[-60.1367,-51.4044],[-60.1108,-51.402],[-60.1167,-51.3952],[-60.1057,-51.3863],[-60.0798,-51.3788],[-60.0724,-51.3735],[-60.0775,-51.3623],[-60.0577,-51.3544],[-60.0418,-51.3328],[-60.064,-51.3317],[-60.0736,-51.328],[-60.0571,-51.3134],[-60.0788,-51.3132],[-60.093,-51.304],[-60.1156,-51.3055],[-60.1539,-51.3156],[-60.1804,-51.3148],[-60.2113,-51.3067],[-60.2225,-51.3069],[-60.2448,-51.2996],[-60.2596,-51.2803],[-60.2622,-51.2701],[-60.2825,-51.2618],[-60.29,-51.2638]]],[[[-59.7502,-51.2451],[-59.7688,-51.2514],[-59.784,-51.2504],[-59.8002,-51.2541],[-59.8201,-51.2532],[-59.8298,-51.2675],[-59.807,-51.2791],[-59.7657,-51.283],[-59.7543,-51.2924],[-59.7296,-51.2929],[-59.703,-51.2988],[-59.6747,-51.2934],[-59.6687,-51.2977],[-59.6472,-51.3008],[-59.6289,-51.3068],[-59.6127,-51.305],[-59.6031,-51.3163],[-59.5955,-51.3332],[-59.5828,-51.3429],[-59.5468,-51.3463],[-59.5267,-51.3427],[-59.5099,-51.3469],[-59.4986,-51.3425],[-59.4791,-51.3423],[-59.4559,-51.3506],[-59.454,-51.3444],[-59.4806,-51.3319],[-59.4618,-51.3145],[-59.4559,-51.3269],[-59.4292,-51.3388],[-59.4178,-51.3343],[-59.4438,-51.3197],[-59.4684,-51.3007],[-59.4742,-51.2882],[-59.4702,-51.2832],[-59.4975,-51.2728],[-59.5118,-51.285],[-59.5411,-51.2759],[-59.5365,-51.2853],[-59.5444,-51.2907],[-59.5428,-51.3014],[-59.5591,-51.3091],[-59.5789,-51.3109],[-59.5954,-51.3025],[-59.5889,-51.2966],[-59.5977,-51.2802],[-59.5822,-51.2693],[-59.6132,-51.2673],[-59.6493,-51.2624],[-59.6691,-51.2706],[-59.6918,-51.2714],[-59.7071,-51.2668],[-59.7415,-51.2637],[-59.7502,-51.2451]]],[[[-27.1834,-59.4821],[-27.1237,-59.4702],[-27.1109,-59.4425],[-27.1818,-59.3877],[-27.2162,-59.3895],[-27.2531,-59.4141],[-27.2673,-59.4638],[-27.2308,-59.4886],[-27.1834,-59.4821]]],[[[-26.4062,-57.7594],[-26.4418,-57.7367],[-26.4937,-57.7367],[-26.5422,-57.782],[-26.526,-57.8015],[-26.4354,-57.8274],[-26.3609,-57.8015],[-26.4062,-57.7594]]],[[[-27.3064,-59.4425],[-27.3277,-59.4034],[-27.3426,-59.3898],[-27.3906,-59.4012],[-27.4198,-59.4141],[-27.4165,-59.4594],[-27.3647,-59.4854],[-27.3342,-59.4884],[-27.2957,-59.4781],[-27.3064,-59.4425]]],[[[-58.4193,-51.9871],[-58.4158,-52.0002],[-58.4212,-52.0053],[-58.4456,-51.9944],[-58.4854,-51.9892],[-58.482,-51.9952],[-58.496,-52.0032],[-58.5199,-52.008],[-58.5496,-52.0215],[-58.5451,-52.0285],[-58.5241,-52.0339],[-58.5135,-52.0485],[-58.5165,-52.0585],[-58.4818,-52.0708],[-58.4646,-52.0842],[-58.4485,-52.0732],[-58.438,-52.0754],[-58.4396,-52.0852],[-58.4581,-52.0881],[-58.4582,-52.0981],[-58.4221,-52.1012],[-58.4338,-52.0888],[-58.4219,-52.0775],[-58.4217,-52.0685],[-58.433,-52.0669],[-58.4373,-52.0386],[-58.4567,-52.0384],[-58.4504,-52.0296],[-58.4373,-52.0277],[-58.4516,-52.0072],[-58.4411,-52.0074],[-58.4167,-52.0143],[-58.3998,-52.0102],[-58.4057,-51.9956],[-58.4193,-51.9871]]],[[[-59.7689,-52.1636],[-59.7683,-52.1521],[-59.7808,-52.151],[-59.7937,-52.1613],[-59.7882,-52.1812],[-59.7732,-52.1825],[-59.7563,-52.1792],[-59.7487,-52.1842],[-59.7414,-52.2012],[-59.7315,-52.2102],[-59.7428,-52.2359],[-59.7407,-52.2491],[-59.7491,-52.2515],[-59.7583,-52.2687],[-59.7525,-52.2729],[-59.7498,-52.2869],[-59.7422,-52.296],[-59.7275,-52.2852],[-59.7318,-52.2712],[-59.7255,-52.2608],[-59.7126,-52.2658],[-59.7036,-52.2566],[-59.6774,-52.2447],[-59.6841,-52.2279],[-59.6652,-52.2208],[-59.6738,-52.2151],[-59.687,-52.2171],[-59.6896,-52.2053],[-59.6835,-52.2009],[-59.6792,-52.1816],[-59.6879,-52.1709],[-59.697,-52.1683],[-59.7166,-52.1709],[-59.7436,-52.1682],[-59.7626,-52.1714],[-59.7689,-52.1636]]],[[[-27.0895,-56.7167],[-27.0668,-56.6908],[-27.0992,-56.6746],[-27.1478,-56.6713],[-27.2028,-56.681],[-27.2255,-56.7134],[-27.1866,-56.7231],[-27.1219,-56.7296],[-27.0895,-56.7167]]],[[[-59.9519,-51.2836],[-59.9744,-51.2919],[-59.9825,-51.2856],[-60.0035,-51.2981],[-60.0252,-51.299],[-60.0379,-51.3065],[-60.0309,-51.3169],[-59.9882,-51.3444],[-59.9507,-51.3524],[-59.9477,-51.3571],[-59.9252,-51.3556],[-59.9174,-51.344],[-59.9358,-51.3308],[-59.931,-51.3233],[-59.9119,-51.3262],[-59.9021,-51.3219],[-59.9192,-51.3072],[-59.9413,-51.3],[-59.9519,-51.2836]]],[[[-61.2286,-51.7943],[-61.2394,-51.8023],[-61.2346,-51.8084],[-61.2511,-51.818],[-61.2525,-51.828],[-61.2659,-51.8304],[-61.2923,-51.8088],[-61.3081,-51.8206],[-61.3239,-51.8185],[-61.3422,-51.8237],[-61.3421,-51.836],[-61.3262,-51.835],[-61.3103,-51.8413],[-61.2993,-51.856],[-61.2713,-51.8669],[-61.2552,-51.8684],[-61.2369,-51.8779],[-61.2193,-51.8725],[-61.2117,-51.8621],[-61.2024,-51.8591],[-61.2038,-51.8505],[-61.2481,-51.8375],[-61.2443,-51.8264],[-61.2029,-51.8199],[-61.2124,-51.812],[-61.2168,-51.7979],[-61.2286,-51.7943]]],[[[-59.6819,-52.3061],[-59.6945,-52.3037],[-59.7391,-52.3112],[-59.7571,-52.3114],[-59.7616,-52.3204],[-59.7575,-52.3408],[-59.793,-52.3446],[-59.8123,-52.3561],[-59.8107,-52.3626],[-59.7859,-52.364],[-59.7861,-52.3762],[-59.7571,-52.3834],[-59.7478,-52.3782],[-59.731,-52.3578],[-59.738,-52.3467],[-59.7263,-52.3346],[-59.7158,-52.3353],[-59.7089,-52.325],[-59.7095,-52.3143],[-59.694,-52.3158],[-59.6819,-52.3061]]],[[[-58.824,-52.1583],[-58.8212,-52.149],[-58.8386,-52.1481],[-58.8379,-52.1584],[-58.8476,-52.1621],[-58.8513,-52.1742],[-58.8488,-52.2054],[-58.8795,-52.216],[-58.8924,-52.2141],[-58.9131,-52.2208],[-58.9177,-52.2272],[-58.9409,-52.2267],[-58.9552,-52.2352],[-58.9767,-52.2217],[-58.9877,-52.2367],[-58.9597,-52.2439],[-58.9269,-52.2396],[-58.8958,-52.2302],[-58.8631,-52.2259],[-58.8429,-52.2099],[-58.8296,-52.2087],[-58.8217,-52.1998],[-58.8418,-52.1834],[-58.8375,-52.1624],[-58.824,-52.1583]]],[[[-59.7341,-51.3175],[-59.7481,-51.3186],[-59.7578,-51.3264],[-59.7716,-51.3305],[-59.7647,-51.338],[-59.8109,-51.3559],[-59.7992,-51.3732],[-59.7873,-51.3688],[-59.7949,-51.3576],[-59.7861,-51.3552],[-59.7686,-51.3612],[-59.7685,-51.3667],[-59.7378,-51.3751],[-59.7313,-51.3611],[-59.7163,-51.3647],[-59.7121,-51.3577],[-59.7182,-51.345],[-59.7401,-51.3354],[-59.7341,-51.3175]]],[[[-26.6912,-57.1053],[-26.6394,-57.0761],[-26.6523,-57.0534],[-26.7031,-57.0552],[-26.7191,-57.0834],[-26.6987,-57.1062],[-26.6912,-57.1053]]],[[[-61.2562,-51.6757],[-61.2601,-51.6915],[-61.2736,-51.695],[-61.2941,-51.6931],[-61.3212,-51.7],[-61.3044,-51.7135],[-61.3042,-51.7242],[-61.3131,-51.7429],[-61.2951,-51.7556],[-61.2789,-51.7604],[-61.277,-51.7437],[-61.2998,-51.7401],[-61.2919,-51.7288],[-61.2748,-51.7198],[-61.2888,-51.7126],[-61.2884,-51.7057],[-61.2667,-51.6977],[-61.2534,-51.7065],[-61.2243,-51.6996],[-61.2332,-51.6891],[-61.2453,-51.6901],[-61.2562,-51.6757]]],[[[-60.588,-51.2492],[-60.5966,-51.2449],[-60.5991,-51.2728],[-60.5886,-51.283],[-60.5649,-51.2969],[-60.5475,-51.2921],[-60.5289,-51.2996],[-60.5271,-51.3135],[-60.5055,-51.3061],[-60.5203,-51.2856],[-60.5383,-51.2798],[-60.5568,-51.2686],[-60.5633,-51.261],[-60.588,-51.2492]]],[[[-27.5526,-56.3119],[-27.5266,-56.2957],[-27.4943,-56.2827],[-27.5687,-56.2795],[-27.5979,-56.286],[-27.5979,-56.3119],[-27.5526,-56.3119]]],[[[-60.8662,-51.9662],[-60.8973,-51.9769],[-60.9124,-51.9909],[-60.9197,-51.9879],[-60.9421,-51.9921],[-60.9319,-51.999],[-60.9218,-51.9933],[-60.9111,-52.0041],[-60.8862,-52.0064],[-60.848,-52.013],[-60.8402,-52.0057],[-60.8625,-51.9958],[-60.8502,-51.9834],[-60.8589,-51.9674],[-60.8662,-51.9662]]],[[[-26.7534,-57.113],[-26.7374,-57.0761],[-26.7309,-57.0562],[-26.7462,-57.0567],[-26.798,-57.0858],[-26.7689,-57.115],[-26.7534,-57.113]]],[[[-61.1197,-51.0229],[-61.127,-51.0253],[-61.1224,-51.0369],[-61.1093,-51.0408],[-61.1012,-51.0489],[-61.1249,-51.056],[-61.1204,-51.0624],[-61.0937,-51.0695],[-61.092,-51.0773],[-61.0687,-51.0808],[-61.0527,-51.078],[-61.0521,-51.07],[-61.0707,-51.0653],[-61.076,-51.0532],[-61.0933,-51.0423],[-61.0888,-51.035],[-61.1122,-51.0308],[-61.1197,-51.0229]]],[[[-59.5509,-51.7792],[-59.5428,-51.758],[-59.5735,-51.782],[-59.5915,-51.7864],[-59.604,-51.7834],[-59.6204,-51.7885],[-59.6256,-51.7969],[-59.6091,-51.8059],[-59.5841,-51.8014],[-59.563,-51.8005],[-59.5483,-51.7918],[-59.5509,-51.7792]]],[[[-59.651,-52.3492],[-59.6654,-52.3509],[-59.6627,-52.3628],[-59.6826,-52.3677],[-59.7115,-52.367],[-59.7287,-52.3726],[-59.7381,-52.3869],[-59.725,-52.3934],[-59.7036,-52.3973],[-59.6911,-52.3965],[-59.687,-52.3793],[-59.642,-52.3666],[-59.659,-52.3588],[-59.651,-52.3492]]],[[[-59.6894,-51.9328],[-59.7034,-51.9359],[-59.7106,-51.9425],[-59.7125,-51.9539],[-59.704,-51.9628],[-59.7164,-51.9668],[-59.7192,-51.9739],[-59.7021,-51.976],[-59.6911,-51.9866],[-59.6662,-51.9836],[-59.6615,-51.9751],[-59.6664,-51.967],[-59.6959,-51.9553],[-59.6757,-51.9447],[-59.6894,-51.9328]]],[[[-60.7139,-51.334],[-60.7309,-51.3359],[-60.7099,-51.3506],[-60.7097,-51.3581],[-60.6997,-51.3807],[-60.6832,-51.3748],[-60.6801,-51.3657],[-60.6637,-51.354],[-60.6776,-51.3425],[-60.7062,-51.3312],[-60.7139,-51.334]]],[[[-59.0693,-52.419],[-59.079,-52.4219],[-59.0984,-52.4207],[-59.1055,-52.4263],[-59.1233,-52.4253],[-59.1475,-52.434],[-59.1471,-52.4389],[-59.1167,-52.4489],[-59.1047,-52.4449],[-59.1024,-52.4376],[-59.0518,-52.4277],[-59.0693,-52.419]]],[[[-59.7108,-51.389],[-59.7219,-51.3885],[-59.7271,-51.3999],[-59.7216,-51.42],[-59.7085,-51.4207],[-59.678,-51.4063],[-59.6816,-51.3896],[-59.7108,-51.389]]],[[[-28.1447,-56.6514],[-28.1354,-56.6297],[-28.1572,-56.6297],[-28.1851,-56.639],[-28.1923,-56.6583],[-28.1665,-56.6608],[-28.1447,-56.6514]]],[[[-27.0636,-59.4433],[-27.0447,-59.4317],[-27.0505,-59.4176],[-27.0861,-59.4141],[-27.0932,-59.4283],[-27.0742,-59.4494],[-27.0636,-59.4433]]],[[[-60.6933,-51.6032],[-60.6942,-51.6116],[-60.685,-51.6178],[-60.6828,-51.6269],[-60.6852,-51.6461],[-60.6822,-51.6548],[-60.6886,-51.6672],[-60.6748,-51.6741],[-60.6568,-51.6599],[-60.6706,-51.6459],[-60.6744,-51.6192],[-60.6933,-51.6032]]],[[[-59.692,-51.332],[-59.7116,-51.3352],[-59.7017,-51.3505],[-59.6634,-51.3568],[-59.659,-51.346],[-59.6338,-51.356],[-59.6354,-51.3407],[-59.6574,-51.3424],[-59.6695,-51.3347],[-59.6783,-51.3356],[-59.6798,-51.3491],[-59.701,-51.3434],[-59.692,-51.332]]],[[[-60.8068,-51.5671],[-60.8133,-51.5763],[-60.7987,-51.5826],[-60.7676,-51.5831],[-60.7471,-51.5866],[-60.736,-51.5788],[-60.7569,-51.5708],[-60.8068,-51.5671]]],[[[-59.7233,-52.0897],[-59.7157,-52.0765],[-59.7185,-52.0655],[-59.7086,-52.0547],[-59.7133,-52.0485],[-59.7319,-52.0567],[-59.7434,-52.0751],[-59.7433,-52.0898],[-59.7233,-52.0897]]],[[[-37.0937,-54.4918],[-37.0806,-54.5043],[-37.0648,-54.5076],[-37.0524,-54.4984],[-37.0655,-54.4787],[-37.0825,-54.4807],[-37.0937,-54.4918]]],[[[-59.8841,-51.2371],[-59.8972,-51.238],[-59.8856,-51.2573],[-59.8638,-51.2608],[-59.8583,-51.2673],[-59.8357,-51.2628],[-59.8457,-51.2537],[-59.86,-51.2497],[-59.8688,-51.2404],[-59.8841,-51.2371]]],[[[-59.6414,-51.3677],[-59.6547,-51.3745],[-59.6615,-51.3843],[-59.6136,-51.3806],[-59.6179,-51.3682],[-59.6414,-51.3677]]],[[[-60.4878,-51.8309],[-60.5015,-51.8275],[-60.5073,-51.835],[-60.495,-51.8405],[-60.49,-51.8505],[-60.4744,-51.8493],[-60.4654,-51.8376],[-60.4664,-51.8313],[-60.4878,-51.8309]]],[[[-58.3917,-51.9024],[-58.3956,-51.9129],[-58.4281,-51.9127],[-58.4604,-51.9078],[-58.4625,-51.9214],[-58.4426,-51.9248],[-58.4288,-51.9208],[-58.4071,-51.9207],[-58.3924,-51.9139],[-58.3917,-51.9024]]],[[[-59.5983,-51.4038],[-59.6333,-51.4082],[-59.6259,-51.4187],[-59.5891,-51.4263],[-59.5901,-51.4089],[-59.5983,-51.4038]]],[[[-61.1673,-51.8739],[-61.1957,-51.8867],[-61.2062,-51.9102],[-61.19,-51.904],[-61.1846,-51.8971],[-61.1653,-51.8842],[-61.1673,-51.8739]]],[[[-60.8377,-51.1939],[-60.8781,-51.1992],[-60.9099,-51.2078],[-60.8836,-51.2105],[-60.8488,-51.2022],[-60.8377,-51.1939]]],[[[-60.8988,-51.0887],[-60.9179,-51.0888],[-60.888,-51.1045],[-60.8841,-51.1152],[-60.8575,-51.1225],[-60.8599,-51.1126],[-60.8768,-51.1095],[-60.8908,-51.101],[-60.8988,-51.0887]]],[[[-60.3935,-51.1419],[-60.4079,-51.1466],[-60.406,-51.1522],[-60.3794,-51.1527],[-60.3769,-51.1463],[-60.3935,-51.1419]]],[[[-58.3785,-51.9969],[-58.3802,-52.0012],[-58.3628,-52.0112],[-58.352,-52.004],[-58.3785,-51.9969]]],[[[-59.8556,-51.365],[-59.8665,-51.3742],[-59.8284,-51.3789],[-59.8275,-51.3653],[-59.8556,-51.365]]],[[[-61.161,-51.9039],[-61.16,-51.89],[-61.1785,-51.8982],[-61.1893,-51.909],[-61.182,-51.9124],[-61.161,-51.9039]]],[[[-58.487,-51.9705],[-58.4642,-51.984],[-58.4594,-51.9763],[-58.487,-51.9705]]],[[[-60.8326,-51.1515],[-60.8556,-51.1559],[-60.8565,-51.1653],[-60.826,-51.1609],[-60.8326,-51.1515]]],[[[-58.0723,-51.5494],[-58.086,-51.5578],[-58.0603,-51.5616],[-58.0535,-51.552],[-58.0723,-51.5494]]],[[[-59.6436,-51.7914],[-59.6261,-51.7804],[-59.6196,-51.7677],[-59.661,-51.7914],[-59.6436,-51.7914]]],[[[-59.5845,-51.8614],[-59.6108,-51.8607],[-59.618,-51.8677],[-59.598,-51.8758],[-59.5871,-51.8693],[-59.5845,-51.8614]]],[[[-61.179,-51.847],[-61.1902,-51.8491],[-61.1995,-51.8636],[-61.1832,-51.8634],[-61.1638,-51.8556],[-61.179,-51.847]]],[[[-60.3997,-51.3551],[-60.4041,-51.3596],[-60.3766,-51.3723],[-60.3678,-51.3662],[-60.3846,-51.3575],[-60.3997,-51.3551]]],[[[-61.0313,-51.7758],[-61.0677,-51.7807],[-61.0575,-51.7925],[-61.0313,-51.7758]]],[[[-60.7191,-51.4647],[-60.7252,-51.4698],[-60.6955,-51.4827],[-60.6873,-51.477],[-60.6972,-51.4711],[-60.7191,-51.4647]]],[[[-60.485,-51.5476],[-60.5021,-51.5563],[-60.4869,-51.5595],[-60.485,-51.5476]]],[[[-60.8836,-51.5555],[-60.8825,-51.5627],[-60.8696,-51.5678],[-60.8645,-51.5582],[-60.8836,-51.5555]]],[[[-58.7169,-51.9212],[-58.7327,-51.9231],[-58.7278,-51.933],[-58.7041,-51.9353],[-58.7169,-51.9212]]],[[[-60.3332,-51.6403],[-60.3418,-51.6296],[-60.3568,-51.6364],[-60.3472,-51.6411],[-60.3332,-51.6403]]],[[[-58.5276,-51.9028],[-58.5198,-51.9134],[-58.5024,-51.9063],[-58.5276,-51.9028]]],[[[-59.6447,-51.9147],[-59.6532,-51.9221],[-59.6413,-51.9286],[-59.63,-51.9235],[-59.6447,-51.9147]]],[[[-59.6634,-51.8852],[-59.6811,-51.8948],[-59.6642,-51.8977],[-59.6566,-51.8925],[-59.6634,-51.8852]]],[[[-60.7583,-52.1464],[-60.7682,-52.1336],[-60.7762,-52.1416],[-60.7583,-52.1464]]]]},"properties":{"id":489,"departamento":"ISLAS DEL ATLANTICO SUR","cabecera":"","provincia":"TIERRA DEL FUEGO"}}
]}