{"type":"FeatureCollection", "features": [
{"type":"Feature","geometry":{"type":"Polygon","coordinates":[[[-65.5352,-27.6215],[-65.5363,-27.6203],[-65.537,-27.6178],[-65.5384,-27.6149],[-65.5381,-27.6131],[-65.5407,-27.6105],[-65.5447,-27.6092],[-65.5496,-27.609],[-65.5518,-27.6094],[-65.5565,-27.6128],[-65.5603,-27.6138],[-65.563,-27.615],[-65.567,-27.616],[-65.5689,-27.6172],[-65.5703,-27.6146],[-65.5715,-27.6145],[-65.5746,-27.6175],[-65.5783,-27.62],[-65.5837,-27.6213],[-65.5846,-27.6229],[-65.5868,-27.6233],[-65.5881,-27.6228],[-65.5878,-27.6202],[-65.5889,-27.6182],[-65.5921,-27.6155],[-65.5944,-27.6159],[-65.5965,-27.6148],[-65.597,-27.6168],[-65.5951,-27.618],[-65.5961,-27.6192],[-65.5979,-27.6193],[-65.5997,-27.62],[-65.5996,-27.6214],[-65.5978,-27.6224],[-65.598,-27.6243],[-65.6029,-27.6242],[-65.6057,-27.6251],[-65.608,-27.6244],[-65.6104,-27.6245],[-65.6115,-27.6257],[-65.6111,-27.6295],[-65.6163,-27.6307],[-65.6187,-27.6322],[-65.6197,-27.6319],[-65.6212,-27.6295],[-65.6232,-27.6293],[-65.6276,-27.6311],[-65.6302,-27.6308],[-65.6319,-27.6312],[-65.6335,-27.6329],[-65.6365,-27.6303],[-65.6391,-27.63],[-65.6421,-27.6321],[-65.6466,-27.6341],[-65.6494,-27.6334],[-65.653,-27.6345],[-65.6581,-27.6338],[-65.661,-27.6353],[-65.6643,-27.636],[-65.6668,-27.6348],[-65.6701,-27.6352],[-65.6721,-27.6362],[-65.6771,-27.6345],[-65.6815,-27.6353],[-65.6838,-27.6326],[-65.6873,-27.6311],[-65.6911,-27.631],[-65.6941,-27.6268],[-65.6949,-27.6221],[-65.6947,-27.6207],[-65.6961,-27.6184],[-65.7006,-27.6179],[-65.7032,-27.6163],[-65.7073,-27.6118],[-65.71,-27.6098],[-65.7118,-27.6106],[-65.7173,-27.6094],[-65.7207,-27.6092],[-65.7246,-27.6105],[-65.7324,-27.6114],[-65.7343,-27.613],[-65.7351,-27.6142],[-65.7362,-27.6188],[-65.7375,-27.6211],[-65.7406,-27.6249],[-65.7418,-27.628],[-65.7438,-27.6298],[-65.7446,-27.6313],[-65.7439,-27.6332],[-65.742,-27.6348],[-65.7427,-27.6354],[-65.7455,-27.6359],[-65.7488,-27.6381],[-65.7501,-27.6407],[-65.7503,-27.647],[-65.75,-27.6496],[-65.7511,-27.6513],[-65.7517,-27.6553],[-65.7527,-27.657],[-65.7512,-27.6613],[-65.7517,-27.6634],[-65.7499,-27.6668],[-65.7498,-27.6685],[-65.7481,-27.6712],[-65.7451,-27.6743],[-65.7448,-27.676],[-65.7431,-27.6773],[-65.7426,-27.6791],[-65.7463,-27.6789],[-65.7457,-27.681],[-65.7467,-27.6823],[-65.7458,-27.6844],[-65.7468,-27.6869],[-65.7472,-27.6901],[-65.7467,-27.6927],[-65.7495,-27.6961],[-65.752,-27.6962],[-65.7533,-27.6975],[-65.7513,-27.6997],[-65.7515,-27.7009],[-65.753,-27.7013],[-65.7545,-27.7026],[-65.7539,-27.7039],[-65.7548,-27.7061],[-65.756,-27.7078],[-65.757,-27.7105],[-65.7564,-27.7133],[-65.758,-27.7207],[-65.7619,-27.7208],[-65.7621,-27.722],[-65.7611,-27.7231],[-65.7609,-27.7275],[-65.7625,-27.7277],[-65.7631,-27.7288],[-65.7609,-27.7316],[-65.7635,-27.7333],[-65.7625,-27.7372],[-65.7659,-27.7384],[-65.7696,-27.7404],[-65.7698,-27.7418],[-65.7674,-27.7417],[-65.7655,-27.7442],[-65.7643,-27.7473],[-65.7592,-27.7473],[-65.76,-27.7483],[-65.7591,-27.7499],[-65.7595,-27.7517],[-65.7592,-27.7545],[-65.7581,-27.7561],[-65.757,-27.7561],[-65.7565,-27.7602],[-65.7569,-27.762],[-65.759,-27.7638],[-65.759,-27.7659],[-65.757,-27.7672],[-65.7567,-27.7692],[-65.7548,-27.7705],[-65.7532,-27.77],[-65.7463,-27.7756],[-65.7363,-27.7849],[-65.7343,-27.7878],[-65.7291,-27.7923],[-65.7243,-27.7945],[-65.7214,-27.7975],[-65.7198,-27.8061],[-65.7198,-27.8161],[-65.7039,-27.8081],[-65.7052,-27.8119],[-65.7051,-27.8143],[-65.7032,-27.8165],[-65.706,-27.8229],[-65.7037,-27.8258],[-65.7031,-27.8284],[-65.7042,-27.8311],[-65.7018,-27.8343],[-65.7004,-27.8392],[-65.6993,-27.844],[-65.6991,-27.8478],[-65.6967,-27.851],[-65.6971,-27.8558],[-65.6978,-27.8603],[-65.6995,-27.8651],[-65.7009,-27.8683],[-65.6987,-27.8716],[-65.6986,-27.8853],[-65.6989,-27.8896],[-65.6974,-27.8928],[-65.6957,-27.8948],[-65.6951,-27.8982],[-65.6909,-27.9005],[-65.6898,-27.9041],[-65.6878,-27.908],[-65.6868,-27.9135],[-65.6809,-27.9179],[-65.679,-27.9218],[-65.6765,-27.9254],[-65.6747,-27.9285],[-65.675,-27.9329],[-65.6742,-27.9375],[-65.673,-27.9398],[-65.6742,-27.9422],[-65.6715,-27.946],[-65.6705,-27.9506],[-65.6691,-27.954],[-65.6683,-27.9604],[-65.6686,-27.9649],[-65.6663,-27.9732],[-65.6247,-27.9733],[-65.6233,-27.9732],[-65.6214,-27.9718],[-65.6199,-27.9714],[-65.6175,-27.9717],[-65.6165,-27.9737],[-65.6182,-27.9763],[-65.6181,-27.9775],[-65.6165,-27.9819],[-65.6157,-27.9834],[-65.6138,-27.9891],[-65.6123,-27.9911],[-65.6094,-27.9912],[-65.6072,-27.9922],[-65.6058,-27.9936],[-65.6056,-27.9957],[-65.6039,-27.996],[-65.6023,-27.9981],[-65.5989,-27.9986],[-65.5984,-27.9995],[-65.5964,-27.9993],[-65.5946,-27.9999],[-65.5931,-27.9983],[-65.5891,-27.9988],[-65.5881,-28.0019],[-65.587,-28.0037],[-65.5833,-28.0072],[-65.5785,-28.0098],[-65.5776,-28.013],[-65.5766,-28.0137],[-65.5739,-28.0139],[-65.5692,-28.0128],[-65.5667,-28.0114],[-65.5642,-28.0093],[-65.5632,-28.009],[-65.561,-28.0065],[-65.5597,-28.0034],[-65.5594,-27.9973],[-65.5573,-27.9948],[-65.5545,-27.9946],[-65.5533,-27.9937],[-65.5532,-27.992],[-65.5509,-27.99],[-65.5481,-27.9902],[-65.5463,-27.9895],[-65.5448,-27.9842],[-65.5457,-27.9795],[-65.5448,-27.9772],[-65.5427,-27.9763],[-65.5424,-27.9754],[-65.5396,-27.9731],[-65.5379,-27.9754],[-65.5344,-27.9742],[-65.5294,-27.973],[-65.5279,-27.9724],[-65.5279,-27.9705],[-65.5296,-27.9693],[-65.5311,-27.9664],[-65.5294,-27.965],[-65.5224,-27.9643],[-65.5211,-27.9627],[-65.5213,-27.9609],[-65.5207,-27.9579],[-65.5233,-27.9556],[-65.5232,-27.9522],[-65.5219,-27.9494],[-65.5201,-27.9482],[-65.5186,-27.9465],[-65.5157,-27.9457],[-65.5128,-27.9439],[-65.5114,-27.9416],[-65.5087,-27.9384],[-65.507,-27.9375],[-65.5059,-27.9354],[-65.5065,-27.9329],[-65.5077,-27.9298],[-65.506,-27.9287],[-65.5043,-27.9303],[-65.5026,-27.9313],[-65.4993,-27.9305],[-65.5006,-27.9258],[-65.5005,-27.9246],[-65.498,-27.9223],[-65.4959,-27.9221],[-65.494,-27.9213],[-65.4906,-27.9183],[-65.4895,-27.916],[-65.4882,-27.9152],[-65.4837,-27.9145],[-65.4797,-27.913],[-65.4772,-27.9115],[-65.4759,-27.9095],[-65.4735,-27.9038],[-65.4709,-27.9018],[-65.467,-27.8997],[-65.4647,-27.8994],[-65.4608,-27.8967],[-65.4558,-27.8953],[-65.4518,-27.8949],[-65.4467,-27.8936],[-65.444,-27.8919],[-65.4432,-27.8906],[-65.4387,-27.8884],[-65.4373,-27.8875],[-65.4348,-27.8795],[-65.4312,-27.8611],[-65.4309,-27.8606],[-65.4242,-27.8275],[-65.423,-27.8211],[-65.4193,-27.8029],[-65.4157,-27.7984],[-65.4149,-27.7965],[-65.43,-27.7934],[-65.4601,-27.7898],[-65.4728,-27.7883],[-65.464,-27.7607],[-65.4832,-27.7563],[-65.4803,-27.7426],[-65.5039,-27.7382],[-65.5028,-27.7329],[-65.4942,-27.6943],[-65.5053,-27.6922],[-65.4994,-27.6672],[-65.5203,-27.6635],[-65.516,-27.6426],[-65.5159,-27.6423],[-65.5126,-27.6274],[-65.5164,-27.6254],[-65.5211,-27.6236],[-65.5222,-27.6216],[-65.5178,-27.6196],[-65.5153,-27.6178],[-65.5141,-27.6183],[-65.5121,-27.6177],[-65.5113,-27.6141],[-65.5126,-27.6127],[-65.515,-27.6117],[-65.5172,-27.6116],[-65.52,-27.6136],[-65.5214,-27.6164],[-65.5231,-27.6179],[-65.525,-27.6188],[-65.5306,-27.6225],[-65.5333,-27.6226],[-65.5352,-27.6215]]]},"properties":{"id":472,"departamento":"LA COCHA","cabecera":"LA COCHA","provincia":"TUCUMAN"}},
{"type":"Feature","geometry":{"type":"Polygon","coordinates":[[[-65.4373,-27.8875],[-65.4345,-27.885],[-65.4308,-27.8842],[-65.4282,-27.8844],[-65.4272,-27.884],[-65.4232,-27.8841],[-65.4202,-27.8827],[-65.4187,-27.8809],[-65.4152,-27.8779],[-65.4115,-27.8761],[-65.4054,-27.8727],[-65.403,-27.8698],[-65.4006,-27.868],[-65.3973,-27.8643],[-65.3958,-27.8598],[-65.3941,-27.8569],[-65.3926,-27.8566],[-65.3898,-27.8551],[-65.3879,-27.8551],[-65.383,-27.8542],[-65.3819,-27.8524],[-65.3801,-27.851],[-65.3752,-27.8482],[-65.3738,-27.8482],[-65.3721,-27.8466],[-65.3704,-27.846],[-65.3682,-27.8466],[-65.3647,-27.8458],[-65.1873,-27.9379],[-65.1708,-27.9465],[-65.1782,-27.916],[-65.1695,-27.9174],[-65.1591,-27.8772],[-65.1422,-27.8811],[-65.1432,-27.8846],[-65.1071,-27.8932],[-65.0919,-27.8927],[-65.039,-27.8792],[-65.0299,-27.8408],[-65.0168,-27.7934],[-65.0167,-27.7892],[-65.0187,-27.7809],[-65.0281,-27.7527],[-65.003,-27.746],[-64.986,-27.7416],[-65.0019,-27.6854],[-65.0185,-27.6267],[-65.0271,-27.5871],[-65.0356,-27.5802],[-65.0353,-27.5779],[-65.0392,-27.5766],[-65.0443,-27.5784],[-65.0462,-27.5787],[-65.0518,-27.577],[-65.0543,-27.5766],[-65.0555,-27.575],[-65.0573,-27.5745],[-65.0588,-27.5764],[-65.0615,-27.577],[-65.062,-27.579],[-65.0618,-27.5811],[-65.065,-27.5818],[-65.0665,-27.5828],[-65.0683,-27.5852],[-65.0711,-27.587],[-65.0725,-27.5858],[-65.0744,-27.5832],[-65.0784,-27.5828],[-65.0792,-27.5821],[-65.0826,-27.5823],[-65.0869,-27.5816],[-65.0912,-27.5814],[-65.0937,-27.5823],[-65.0955,-27.5815],[-65.0969,-27.5799],[-65.0976,-27.5771],[-65.0986,-27.5762],[-65.098,-27.5723],[-65.1004,-27.5702],[-65.1031,-27.57],[-65.1055,-27.5691],[-65.1075,-27.5695],[-65.11,-27.5706],[-65.1121,-27.5699],[-65.1144,-27.5683],[-65.1169,-27.5701],[-65.1155,-27.571],[-65.1157,-27.5725],[-65.1188,-27.5763],[-65.1245,-27.5782],[-65.1255,-27.5777],[-65.1279,-27.578],[-65.1329,-27.5799],[-65.1349,-27.5814],[-65.1365,-27.5814],[-65.1395,-27.5823],[-65.1424,-27.5842],[-65.1441,-27.5842],[-65.1481,-27.5876],[-65.1525,-27.5878],[-65.1533,-27.5865],[-65.157,-27.5853],[-65.1591,-27.5857],[-65.1599,-27.5836],[-65.1623,-27.5817],[-65.1614,-27.5795],[-65.1636,-27.5775],[-65.1639,-27.5758],[-65.1653,-27.5749],[-65.1652,-27.5736],[-65.1678,-27.5703],[-65.1675,-27.5691],[-65.1698,-27.5668],[-65.173,-27.5666],[-65.1726,-27.5681],[-65.1751,-27.5685],[-65.1787,-27.5666],[-65.1794,-27.5645],[-65.1836,-27.5649],[-65.1838,-27.5665],[-65.1881,-27.5671],[-65.1897,-27.5664],[-65.1925,-27.5676],[-65.1949,-27.5675],[-65.1964,-27.5643],[-65.202,-27.5621],[-65.2042,-27.5627],[-65.2075,-27.5627],[-65.2101,-27.5621],[-65.2106,-27.5635],[-65.2178,-27.5635],[-65.2231,-27.5617],[-65.2237,-27.5605],[-65.2256,-27.5606],[-65.2294,-27.5592],[-65.2308,-27.5584],[-65.2325,-27.5597],[-65.2344,-27.5603],[-65.2363,-27.5595],[-65.2403,-27.5606],[-65.2459,-27.56],[-65.2506,-27.5614],[-65.2538,-27.5609],[-65.2554,-27.5637],[-65.2568,-27.5625],[-65.2582,-27.5637],[-65.2608,-27.562],[-65.2625,-27.5627],[-65.2659,-27.5616],[-65.2662,-27.5595],[-65.2696,-27.559],[-65.2697,-27.5573],[-65.2713,-27.5576],[-65.2726,-27.5551],[-65.2781,-27.5533],[-65.2794,-27.552],[-65.2805,-27.5498],[-65.2795,-27.5483],[-65.2819,-27.5461],[-65.2828,-27.5472],[-65.2846,-27.5463],[-65.2872,-27.5467],[-65.2882,-27.546],[-65.291,-27.5455],[-65.2919,-27.5462],[-65.2951,-27.5447],[-65.2949,-27.5429],[-65.3,-27.5432],[-65.3016,-27.5401],[-65.3064,-27.5393],[-65.3079,-27.5382],[-65.3097,-27.538],[-65.3154,-27.5406],[-65.3176,-27.5412],[-65.3188,-27.5406],[-65.3221,-27.5422],[-65.3245,-27.5422],[-65.3274,-27.5402],[-65.3301,-27.5398],[-65.3333,-27.5372],[-65.3341,-27.5361],[-65.3374,-27.5377],[-65.3419,-27.5369],[-65.3426,-27.5359],[-65.3453,-27.5345],[-65.346,-27.529],[-65.3452,-27.5258],[-65.3482,-27.5243],[-65.35,-27.5255],[-65.353,-27.5254],[-65.3541,-27.5262],[-65.3566,-27.5265],[-65.3589,-27.5262],[-65.3603,-27.5279],[-65.3601,-27.5293],[-65.3613,-27.5303],[-65.3633,-27.5297],[-65.3672,-27.5298],[-65.3676,-27.5288],[-65.3693,-27.5279],[-65.3719,-27.528],[-65.3749,-27.5298],[-65.3794,-27.5309],[-65.3817,-27.531],[-65.3852,-27.5302],[-65.3884,-27.5319],[-65.3909,-27.532],[-65.3934,-27.534],[-65.3945,-27.5339],[-65.3971,-27.5323],[-65.3976,-27.5332],[-65.4,-27.5327],[-65.4009,-27.5343],[-65.401,-27.5376],[-65.4022,-27.5373],[-65.4032,-27.5385],[-65.4058,-27.5365],[-65.4073,-27.5404],[-65.41,-27.5383],[-65.4116,-27.5394],[-65.413,-27.5389],[-65.4146,-27.5407],[-65.4161,-27.5406],[-65.4168,-27.5395],[-65.4194,-27.5408],[-65.4206,-27.5409],[-65.4234,-27.5388],[-65.4262,-27.5402],[-65.4277,-27.5396],[-65.433,-27.5405],[-65.435,-27.5405],[-65.4365,-27.5397],[-65.4403,-27.5386],[-65.4419,-27.5387],[-65.443,-27.5399],[-65.4447,-27.5402],[-65.4467,-27.5389],[-65.451,-27.5401],[-65.4524,-27.5394],[-65.452,-27.5369],[-65.4553,-27.5369],[-65.4582,-27.5373],[-65.4577,-27.5384],[-65.4587,-27.5397],[-65.4611,-27.5381],[-65.4634,-27.5394],[-65.4645,-27.5394],[-65.47,-27.5415],[-65.4716,-27.5405],[-65.4718,-27.5391],[-65.4739,-27.5381],[-65.4763,-27.5396],[-65.4793,-27.5391],[-65.4787,-27.5429],[-65.48,-27.543],[-65.4795,-27.5385],[-65.4835,-27.5389],[-65.4843,-27.5431],[-65.4852,-27.5447],[-65.4872,-27.5444],[-65.4866,-27.5418],[-65.4895,-27.5409],[-65.4936,-27.541],[-65.4949,-27.5416],[-65.5024,-27.5405],[-65.5051,-27.5411],[-65.5067,-27.542],[-65.5138,-27.5424],[-65.5169,-27.5433],[-65.5185,-27.5498],[-65.5168,-27.5504],[-65.5197,-27.5617],[-65.5204,-27.5616],[-65.5268,-27.587],[-65.5299,-27.5998],[-65.532,-27.6092],[-65.5352,-27.6215],[-65.5333,-27.6226],[-65.5306,-27.6225],[-65.525,-27.6188],[-65.5231,-27.6179],[-65.5214,-27.6164],[-65.52,-27.6136],[-65.5172,-27.6116],[-65.515,-27.6117],[-65.5126,-27.6127],[-65.5113,-27.6141],[-65.5121,-27.6177],[-65.5141,-27.6183],[-65.5153,-27.6178],[-65.5178,-27.6196],[-65.5222,-27.6216],[-65.5211,-27.6236],[-65.5164,-27.6254],[-65.5126,-27.6274],[-65.5159,-27.6423],[-65.516,-27.6426],[-65.5203,-27.6635],[-65.4994,-27.6672],[-65.5053,-27.6922],[-65.4942,-27.6943],[-65.5028,-27.7329],[-65.5039,-27.7382],[-65.4803,-27.7426],[-65.4832,-27.7563],[-65.464,-27.7607],[-65.4728,-27.7883],[-65.4601,-27.7898],[-65.43,-27.7934],[-65.4149,-27.7965],[-65.4157,-27.7984],[-65.4193,-27.8029],[-65.423,-27.8211],[-65.4242,-27.8275],[-65.4309,-27.8606],[-65.4312,-27.8611],[-65.4348,-27.8795],[-65.4373,-27.8875]]]},"properties":{"id":473,"departamento":"GRANEROS","cabecera":"GRANEROS","provincia":"TUCUMAN"}},
{"type":"Feature","geometry":{"type":"Polygon","coordinates":[[[-65.5352,-27.6215],[-65.532,-27.6092],[-65.5299,-27.5998],[-65.5268,-27.587],[-65.5204,-27.5616],[-65.5197,-27.5617],[-65.5168,-27.5504],[-65.5185,-27.5498],[-65.5169,-27.5433],[-65.5194,-27.5449],[-65.5225,-27.5456],[-65.5272,-27.544],[-65.5319,-27.5434],[-65.5354,-27.5415],[-65.5379,-27.5424],[-65.5394,-27.5421],[-65.544,-27.5423],[-65.5451,-27.5416],[-65.548,-27.5404],[-65.5511,-27.5396],[-65.5529,-27.5383],[-65.5544,-27.5362],[-65.5591,-27.5347],[-65.5615,-27.5316],[-65.5651,-27.5292],[-65.5679,-27.5289],[-65.5699,-27.5278],[-65.5729,-27.5272],[-65.5736,-27.5262],[-65.5768,-27.5244],[-65.5776,-27.5221],[-65.5769,-27.5205],[-65.5791,-27.5186],[-65.5809,-27.5192],[-65.5841,-27.5195],[-65.5874,-27.5188],[-65.5888,-27.5178],[-65.5935,-27.5165],[-65.5958,-27.5173],[-65.5987,-27.5169],[-65.6028,-27.5172],[-65.6061,-27.5171],[-65.6087,-27.516],[-65.6097,-27.517],[-65.6119,-27.5169],[-65.6139,-27.5188],[-65.615,-27.5191],[-65.6162,-27.5177],[-65.6177,-27.5195],[-65.6169,-27.5214],[-65.6227,-27.5215],[-65.6248,-27.5209],[-65.6254,-27.52],[-65.6285,-27.5193],[-65.6302,-27.5174],[-65.6313,-27.5177],[-65.6347,-27.5173],[-65.6394,-27.5188],[-65.6402,-27.5179],[-65.642,-27.5195],[-65.6434,-27.5191],[-65.6438,-27.5177],[-65.6474,-27.5207],[-65.6479,-27.522],[-65.6496,-27.5224],[-65.6494,-27.5243],[-65.6512,-27.5241],[-65.6518,-27.5252],[-65.6545,-27.527],[-65.6577,-27.5274],[-65.6629,-27.5272],[-65.663,-27.5252],[-65.6647,-27.5231],[-65.6662,-27.522],[-65.6674,-27.5229],[-65.6678,-27.5246],[-65.671,-27.5252],[-65.6733,-27.5273],[-65.6717,-27.5286],[-65.6735,-27.5295],[-65.6753,-27.5316],[-65.6788,-27.5316],[-65.6809,-27.5342],[-65.6877,-27.5354],[-65.688,-27.537],[-65.6898,-27.5361],[-65.6904,-27.5345],[-65.6927,-27.5361],[-65.6946,-27.5355],[-65.7018,-27.5377],[-65.7035,-27.5362],[-65.7074,-27.5368],[-65.7098,-27.5348],[-65.713,-27.535],[-65.711,-27.5363],[-65.7121,-27.5372],[-65.7142,-27.5363],[-65.7201,-27.5374],[-65.7235,-27.5405],[-65.727,-27.5413],[-65.7278,-27.5391],[-65.7308,-27.5406],[-65.733,-27.5399],[-65.7347,-27.5385],[-65.7361,-27.5396],[-65.7384,-27.5396],[-65.7405,-27.5403],[-65.7402,-27.5387],[-65.743,-27.5382],[-65.7436,-27.5397],[-65.747,-27.5388],[-65.7494,-27.5386],[-65.7486,-27.5363],[-65.7494,-27.5346],[-65.7505,-27.534],[-65.7496,-27.5324],[-65.7518,-27.5325],[-65.7518,-27.5283],[-65.7538,-27.5285],[-65.7565,-27.5294],[-65.758,-27.527],[-65.7589,-27.529],[-65.7585,-27.53],[-65.7611,-27.5309],[-65.7631,-27.5305],[-65.7637,-27.5322],[-65.7652,-27.5311],[-65.7677,-27.5301],[-65.7701,-27.531],[-65.7711,-27.5323],[-65.7736,-27.5332],[-65.7764,-27.5324],[-65.7772,-27.5312],[-65.7792,-27.5322],[-65.7807,-27.532],[-65.8787,-27.5146],[-65.8912,-27.5077],[-65.8986,-27.5021],[-65.9094,-27.4962],[-65.9135,-27.4929],[-65.921,-27.4823],[-65.9268,-27.4767],[-65.9316,-27.4691],[-65.932,-27.4591],[-65.9313,-27.4509],[-65.93,-27.44],[-65.9332,-27.4372],[-65.937,-27.4353],[-65.9733,-27.4204],[-65.9724,-27.4252],[-65.9703,-27.428],[-65.968,-27.4294],[-65.9735,-27.4366],[-65.9747,-27.4403],[-65.9749,-27.4428],[-65.9741,-27.4489],[-65.975,-27.454],[-65.9744,-27.4627],[-65.9725,-27.4675],[-65.9729,-27.4734],[-65.9734,-27.4773],[-65.973,-27.4807],[-65.9732,-27.4853],[-65.9738,-27.4897],[-65.9757,-27.4935],[-65.9742,-27.4996],[-65.9738,-27.5025],[-65.9722,-27.5072],[-65.9705,-27.5087],[-65.9687,-27.5127],[-65.9684,-27.5155],[-65.9668,-27.5178],[-65.9678,-27.5193],[-65.9704,-27.5218],[-65.9707,-27.5253],[-65.9691,-27.5284],[-65.9653,-27.5378],[-65.9653,-27.5401],[-65.9659,-27.5436],[-65.9644,-27.5456],[-65.9625,-27.5468],[-65.9598,-27.5497],[-65.9597,-27.5511],[-65.9581,-27.5535],[-65.9565,-27.5547],[-65.9503,-27.5618],[-65.9505,-27.5664],[-65.9559,-27.5708],[-65.956,-27.5723],[-65.9547,-27.5764],[-65.9516,-27.5788],[-65.9512,-27.5814],[-65.9494,-27.5863],[-65.9488,-27.5888],[-65.944,-27.5951],[-65.9428,-27.6036],[-65.94,-27.6093],[-65.9399,-27.6163],[-65.939,-27.6189],[-65.9362,-27.6212],[-65.9346,-27.6263],[-65.9347,-27.6287],[-65.9336,-27.6308],[-65.9328,-27.636],[-65.9311,-27.6396],[-65.9289,-27.6419],[-65.929,-27.6439],[-65.9279,-27.6465],[-65.9261,-27.6486],[-65.9243,-27.6497],[-65.9229,-27.6533],[-65.9225,-27.6557],[-65.9202,-27.659],[-65.9193,-27.662],[-65.9168,-27.6633],[-65.9156,-27.6658],[-65.9154,-27.6691],[-65.8754,-27.6725],[-65.8743,-27.6758],[-65.8712,-27.682],[-65.8655,-27.689],[-65.8651,-27.6924],[-65.8655,-27.6992],[-65.8652,-27.7019],[-65.8632,-27.706],[-65.8647,-27.7088],[-65.8641,-27.7112],[-65.8624,-27.7149],[-65.8618,-27.7198],[-65.8609,-27.7235],[-65.8589,-27.7279],[-65.8553,-27.7333],[-65.8534,-27.7405],[-65.8525,-27.7428],[-65.8484,-27.7506],[-65.847,-27.7547],[-65.8454,-27.761],[-65.8459,-27.7648],[-65.8445,-27.7713],[-65.8412,-27.7802],[-65.8414,-27.7838],[-65.8391,-27.7876],[-65.8384,-27.7937],[-65.8359,-27.7973],[-65.8346,-27.8013],[-65.8341,-27.8073],[-65.8328,-27.8088],[-65.8324,-27.8111],[-65.8301,-27.8123],[-65.8288,-27.8142],[-65.8287,-27.8204],[-65.8313,-27.83],[-65.8329,-27.8375],[-65.8327,-27.8433],[-65.8318,-27.8488],[-65.8323,-27.8512],[-65.8306,-27.8514],[-65.8293,-27.8505],[-65.8284,-27.8481],[-65.8263,-27.8463],[-65.8251,-27.8439],[-65.8249,-27.8424],[-65.8234,-27.8392],[-65.8203,-27.8353],[-65.819,-27.8328],[-65.8187,-27.83],[-65.8199,-27.8277],[-65.8189,-27.8263],[-65.8165,-27.8274],[-65.8149,-27.8259],[-65.8195,-27.8239],[-65.8213,-27.8241],[-65.8207,-27.8204],[-65.8195,-27.8196],[-65.8184,-27.8207],[-65.8156,-27.8209],[-65.8136,-27.8207],[-65.811,-27.8197],[-65.8085,-27.8204],[-65.8091,-27.8167],[-65.8089,-27.8156],[-65.8072,-27.8152],[-65.8052,-27.817],[-65.8027,-27.8157],[-65.7994,-27.8093],[-65.7983,-27.8057],[-65.7955,-27.8069],[-65.7945,-27.806],[-65.7951,-27.8044],[-65.7949,-27.8003],[-65.7977,-27.7991],[-65.7992,-27.7965],[-65.7996,-27.7943],[-65.7983,-27.7922],[-65.7993,-27.7872],[-65.7962,-27.7847],[-65.7936,-27.7836],[-65.793,-27.7826],[-65.7548,-27.7705],[-65.7567,-27.7692],[-65.757,-27.7672],[-65.759,-27.7659],[-65.759,-27.7638],[-65.7569,-27.762],[-65.7565,-27.7602],[-65.757,-27.7561],[-65.7581,-27.7561],[-65.7592,-27.7545],[-65.7595,-27.7517],[-65.7591,-27.7499],[-65.76,-27.7483],[-65.7592,-27.7473],[-65.7643,-27.7473],[-65.7655,-27.7442],[-65.7674,-27.7417],[-65.7698,-27.7418],[-65.7696,-27.7404],[-65.7659,-27.7384],[-65.7625,-27.7372],[-65.7635,-27.7333],[-65.7609,-27.7316],[-65.7631,-27.7288],[-65.7625,-27.7277],[-65.7609,-27.7275],[-65.7611,-27.7231],[-65.7621,-27.722],[-65.7619,-27.7208],[-65.758,-27.7207],[-65.7564,-27.7133],[-65.757,-27.7105],[-65.756,-27.7078],[-65.7548,-27.7061],[-65.7539,-27.7039],[-65.7545,-27.7026],[-65.753,-27.7013],[-65.7515,-27.7009],[-65.7513,-27.6997],[-65.7533,-27.6975],[-65.752,-27.6962],[-65.7495,-27.6961],[-65.7467,-27.6927],[-65.7472,-27.6901],[-65.7468,-27.6869],[-65.7458,-27.6844],[-65.7467,-27.6823],[-65.7457,-27.681],[-65.7463,-27.6789],[-65.7426,-27.6791],[-65.7431,-27.6773],[-65.7448,-27.676],[-65.7451,-27.6743],[-65.7481,-27.6712],[-65.7498,-27.6685],[-65.7499,-27.6668],[-65.7517,-27.6634],[-65.7512,-27.6613],[-65.7527,-27.657],[-65.7517,-27.6553],[-65.7511,-27.6513],[-65.75,-27.6496],[-65.7503,-27.647],[-65.7501,-27.6407],[-65.7488,-27.6381],[-65.7455,-27.6359],[-65.7427,-27.6354],[-65.742,-27.6348],[-65.7439,-27.6332],[-65.7446,-27.6313],[-65.7438,-27.6298],[-65.7418,-27.628],[-65.7406,-27.6249],[-65.7375,-27.6211],[-65.7362,-27.6188],[-65.7351,-27.6142],[-65.7343,-27.613],[-65.7324,-27.6114],[-65.7246,-27.6105],[-65.7207,-27.6092],[-65.7173,-27.6094],[-65.7118,-27.6106],[-65.71,-27.6098],[-65.7073,-27.6118],[-65.7032,-27.6163],[-65.7006,-27.6179],[-65.6961,-27.6184],[-65.6947,-27.6207],[-65.6949,-27.6221],[-65.6941,-27.6268],[-65.6911,-27.631],[-65.6873,-27.6311],[-65.6838,-27.6326],[-65.6815,-27.6353],[-65.6771,-27.6345],[-65.6721,-27.6362],[-65.6701,-27.6352],[-65.6668,-27.6348],[-65.6643,-27.636],[-65.661,-27.6353],[-65.6581,-27.6338],[-65.653,-27.6345],[-65.6494,-27.6334],[-65.6466,-27.6341],[-65.6421,-27.6321],[-65.6391,-27.63],[-65.6365,-27.6303],[-65.6335,-27.6329],[-65.6319,-27.6312],[-65.6302,-27.6308],[-65.6276,-27.6311],[-65.6232,-27.6293],[-65.6212,-27.6295],[-65.6197,-27.6319],[-65.6187,-27.6322],[-65.6163,-27.6307],[-65.6111,-27.6295],[-65.6115,-27.6257],[-65.6104,-27.6245],[-65.608,-27.6244],[-65.6057,-27.6251],[-65.6029,-27.6242],[-65.598,-27.6243],[-65.5978,-27.6224],[-65.5996,-27.6214],[-65.5997,-27.62],[-65.5979,-27.6193],[-65.5961,-27.6192],[-65.5951,-27.618],[-65.597,-27.6168],[-65.5965,-27.6148],[-65.5944,-27.6159],[-65.5921,-27.6155],[-65.5889,-27.6182],[-65.5878,-27.6202],[-65.5881,-27.6228],[-65.5868,-27.6233],[-65.5846,-27.6229],[-65.5837,-27.6213],[-65.5783,-27.62],[-65.5746,-27.6175],[-65.5715,-27.6145],[-65.5703,-27.6146],[-65.5689,-27.6172],[-65.567,-27.616],[-65.563,-27.615],[-65.5603,-27.6138],[-65.5565,-27.6128],[-65.5518,-27.6094],[-65.5496,-27.609],[-65.5447,-27.6092],[-65.5407,-27.6105],[-65.5381,-27.6131],[-65.5384,-27.6149],[-65.537,-27.6178],[-65.5363,-27.6203],[-65.5352,-27.6215]]]},"properties":{"id":474,"departamento":"JUAN BAUTISTA ALBERDI","cabecera":"JUAN BAUTISTA ALBERDI","provincia":"TUCUMAN"}},
{"type":"Feature","geometry":{"type":"Polygon","coordinates":[[[-65.5451,-27.5416],[-65.5432,-27.5337],[-65.5387,-27.5134],[-65.5346,-27.496],[-65.5322,-27.4849],[-65.5337,-27.4845],[-65.5358,-27.4806],[-65.5382,-27.4803],[-65.5394,-27.4817],[-65.5395,-27.4845],[-65.5383,-27.4871],[-65.5385,-27.4896],[-65.5401,-27.4907],[-65.5421,-27.4897],[-65.5433,-27.4867],[-65.5454,-27.4855],[-65.5499,-27.4865],[-65.5524,-27.4877],[-65.5554,-27.4869],[-65.5563,-27.4848],[-65.5553,-27.4835],[-65.5556,-27.4822],[-65.5584,-27.48],[-65.5509,-27.4505],[-65.5505,-27.4479],[-65.5494,-27.4343],[-65.5489,-27.4308],[-65.5502,-27.4279],[-65.5535,-27.4245],[-65.5539,-27.4225],[-65.5557,-27.4209],[-65.5537,-27.4183],[-65.554,-27.4167],[-65.5556,-27.416],[-65.5589,-27.4166],[-65.561,-27.4191],[-65.5619,-27.4212],[-65.5659,-27.4217],[-65.5691,-27.4186],[-65.5712,-27.4187],[-65.5738,-27.4221],[-65.5749,-27.4224],[-65.5757,-27.4206],[-65.5773,-27.4189],[-65.5811,-27.4165],[-65.5837,-27.4175],[-65.5862,-27.4181],[-65.5889,-27.4173],[-65.5945,-27.4176],[-65.5992,-27.4191],[-65.5994,-27.4117],[-65.603,-27.41],[-65.6047,-27.41],[-65.608,-27.4125],[-65.6079,-27.4149],[-65.6062,-27.4178],[-65.6062,-27.4192],[-65.6097,-27.4212],[-65.6098,-27.4154],[-65.6087,-27.4122],[-65.6094,-27.4107],[-65.6091,-27.4094],[-65.6126,-27.4093],[-65.613,-27.4112],[-65.6171,-27.4203],[-65.6192,-27.4197],[-65.6232,-27.4161],[-65.6259,-27.4143],[-65.6264,-27.4135],[-65.6258,-27.4118],[-65.6274,-27.411],[-65.6283,-27.4132],[-65.6292,-27.4131],[-65.6313,-27.4101],[-65.6349,-27.4113],[-65.6374,-27.4113],[-65.6376,-27.4088],[-65.6384,-27.4081],[-65.6415,-27.4094],[-65.6412,-27.4134],[-65.6421,-27.4135],[-65.6438,-27.411],[-65.6434,-27.4049],[-65.6428,-27.4046],[-65.6433,-27.402],[-65.6456,-27.401],[-65.6481,-27.4021],[-65.6493,-27.4065],[-65.6546,-27.4077],[-65.6575,-27.4058],[-65.6586,-27.4046],[-65.6591,-27.4007],[-65.6598,-27.3989],[-65.662,-27.3981],[-65.6647,-27.3981],[-65.6657,-27.3969],[-65.6685,-27.3955],[-65.67,-27.3925],[-65.6731,-27.391],[-65.6754,-27.3885],[-65.6778,-27.3837],[-65.6796,-27.3812],[-65.6814,-27.3807],[-65.6837,-27.3791],[-65.6854,-27.3786],[-65.6867,-27.3764],[-65.69,-27.3754],[-65.6923,-27.3735],[-65.6947,-27.3726],[-65.6958,-27.3708],[-65.6998,-27.3682],[-65.7028,-27.3675],[-65.7083,-27.3667],[-65.7109,-27.3642],[-65.7118,-27.3625],[-65.7142,-27.3599],[-65.7183,-27.358],[-65.7194,-27.3571],[-65.7219,-27.3567],[-65.7237,-27.3557],[-65.7273,-27.3557],[-65.7299,-27.3553],[-65.733,-27.3564],[-65.7384,-27.3565],[-65.7405,-27.3573],[-65.7434,-27.3592],[-65.7487,-27.3597],[-65.751,-27.3588],[-65.7535,-27.3566],[-65.7555,-27.3569],[-65.758,-27.3585],[-65.7592,-27.358],[-65.7626,-27.3584],[-65.7672,-27.3604],[-65.7699,-27.3595],[-65.7721,-27.3582],[-65.7758,-27.3572],[-65.7784,-27.3578],[-65.7799,-27.359],[-65.7831,-27.359],[-65.7847,-27.3584],[-65.7871,-27.3586],[-65.7901,-27.3578],[-65.7944,-27.3553],[-65.7972,-27.3554],[-65.801,-27.3566],[-65.8022,-27.3576],[-65.8056,-27.3583],[-65.8076,-27.3575],[-65.8119,-27.357],[-65.8167,-27.3584],[-65.8191,-27.3597],[-65.8249,-27.362],[-65.8267,-27.3623],[-65.8319,-27.3623],[-65.8371,-27.3643],[-65.8415,-27.3633],[-65.8435,-27.3618],[-65.8472,-27.3615],[-65.8493,-27.3623],[-65.8518,-27.3614],[-65.8552,-27.362],[-65.8574,-27.3646],[-65.8584,-27.3652],[-65.8609,-27.3682],[-65.8633,-27.3694],[-65.8667,-27.3693],[-65.8695,-27.3696],[-65.8721,-27.371],[-65.8755,-27.3702],[-65.8782,-27.3678],[-65.8804,-27.3687],[-65.8862,-27.3702],[-65.8887,-27.3701],[-65.8919,-27.3673],[-65.8929,-27.369],[-65.897,-27.3707],[-65.8973,-27.369],[-65.8994,-27.3674],[-65.9005,-27.3672],[-65.9023,-27.3682],[-65.9027,-27.3698],[-65.9095,-27.3746],[-65.9114,-27.3754],[-65.9135,-27.3774],[-65.9161,-27.3772],[-65.9169,-27.3778],[-65.9179,-27.3803],[-65.9196,-27.3802],[-65.92,-27.3831],[-65.9224,-27.3843],[-65.9243,-27.3834],[-65.9295,-27.3829],[-65.9306,-27.3837],[-65.9304,-27.3858],[-65.9272,-27.3887],[-65.928,-27.3897],[-65.9323,-27.3923],[-65.9353,-27.3933],[-65.9325,-27.3973],[-65.9318,-27.4001],[-65.9332,-27.401],[-65.9341,-27.403],[-65.9353,-27.4029],[-65.9372,-27.4017],[-65.9386,-27.4035],[-65.9409,-27.401],[-65.9436,-27.4019],[-65.9457,-27.3992],[-65.9473,-27.3989],[-65.9484,-27.3978],[-65.952,-27.3986],[-65.9539,-27.3981],[-65.9574,-27.3989],[-65.9581,-27.3995],[-65.9576,-27.4015],[-65.9605,-27.402],[-65.9651,-27.3991],[-65.9675,-27.3991],[-65.9692,-27.4064],[-65.9719,-27.4102],[-65.9736,-27.412],[-65.9744,-27.4149],[-65.9734,-27.4181],[-65.9733,-27.4204],[-65.937,-27.4353],[-65.9332,-27.4372],[-65.93,-27.44],[-65.9313,-27.4509],[-65.932,-27.4591],[-65.9316,-27.4691],[-65.9268,-27.4767],[-65.921,-27.4823],[-65.9135,-27.4929],[-65.9094,-27.4962],[-65.8986,-27.5021],[-65.8912,-27.5077],[-65.8787,-27.5146],[-65.7807,-27.532],[-65.7792,-27.5322],[-65.7772,-27.5312],[-65.7764,-27.5324],[-65.7736,-27.5332],[-65.7711,-27.5323],[-65.7701,-27.531],[-65.7677,-27.5301],[-65.7652,-27.5311],[-65.7637,-27.5322],[-65.7631,-27.5305],[-65.7611,-27.5309],[-65.7585,-27.53],[-65.7589,-27.529],[-65.758,-27.527],[-65.7565,-27.5294],[-65.7538,-27.5285],[-65.7518,-27.5283],[-65.7518,-27.5325],[-65.7496,-27.5324],[-65.7505,-27.534],[-65.7494,-27.5346],[-65.7486,-27.5363],[-65.7494,-27.5386],[-65.747,-27.5388],[-65.7436,-27.5397],[-65.743,-27.5382],[-65.7402,-27.5387],[-65.7405,-27.5403],[-65.7384,-27.5396],[-65.7361,-27.5396],[-65.7347,-27.5385],[-65.733,-27.5399],[-65.7308,-27.5406],[-65.7278,-27.5391],[-65.727,-27.5413],[-65.7235,-27.5405],[-65.7201,-27.5374],[-65.7142,-27.5363],[-65.7121,-27.5372],[-65.711,-27.5363],[-65.713,-27.535],[-65.7098,-27.5348],[-65.7074,-27.5368],[-65.7035,-27.5362],[-65.7018,-27.5377],[-65.6946,-27.5355],[-65.6927,-27.5361],[-65.6904,-27.5345],[-65.6898,-27.5361],[-65.688,-27.537],[-65.6877,-27.5354],[-65.6809,-27.5342],[-65.6788,-27.5316],[-65.6753,-27.5316],[-65.6735,-27.5295],[-65.6717,-27.5286],[-65.6733,-27.5273],[-65.671,-27.5252],[-65.6678,-27.5246],[-65.6674,-27.5229],[-65.6662,-27.522],[-65.6647,-27.5231],[-65.663,-27.5252],[-65.6629,-27.5272],[-65.6577,-27.5274],[-65.6545,-27.527],[-65.6518,-27.5252],[-65.6512,-27.5241],[-65.6494,-27.5243],[-65.6496,-27.5224],[-65.6479,-27.522],[-65.6474,-27.5207],[-65.6438,-27.5177],[-65.6434,-27.5191],[-65.642,-27.5195],[-65.6402,-27.5179],[-65.6394,-27.5188],[-65.6347,-27.5173],[-65.6313,-27.5177],[-65.6302,-27.5174],[-65.6285,-27.5193],[-65.6254,-27.52],[-65.6248,-27.5209],[-65.6227,-27.5215],[-65.6169,-27.5214],[-65.6177,-27.5195],[-65.6162,-27.5177],[-65.615,-27.5191],[-65.6139,-27.5188],[-65.6119,-27.5169],[-65.6097,-27.517],[-65.6087,-27.516],[-65.6061,-27.5171],[-65.6028,-27.5172],[-65.5987,-27.5169],[-65.5958,-27.5173],[-65.5935,-27.5165],[-65.5888,-27.5178],[-65.5874,-27.5188],[-65.5841,-27.5195],[-65.5809,-27.5192],[-65.5791,-27.5186],[-65.5769,-27.5205],[-65.5776,-27.5221],[-65.5768,-27.5244],[-65.5736,-27.5262],[-65.5729,-27.5272],[-65.5699,-27.5278],[-65.5679,-27.5289],[-65.5651,-27.5292],[-65.5615,-27.5316],[-65.5591,-27.5347],[-65.5544,-27.5362],[-65.5529,-27.5383],[-65.5511,-27.5396],[-65.548,-27.5404],[-65.5451,-27.5416]]]},"properties":{"id":475,"departamento":"RIO CHICO","cabecera":"AGUILARES","provincia":"TUCUMAN"}},
{"type":"Feature","geometry":{"type":"Polygon","coordinates":[[[-65.5489,-27.4308],[-65.5456,-27.4325],[-65.5414,-27.4314],[-65.5387,-27.4324],[-65.537,-27.4324],[-65.5348,-27.4306],[-65.5337,-27.4319],[-65.5322,-27.4321],[-65.5311,-27.4331],[-65.5288,-27.4318],[-65.5262,-27.4272],[-65.5224,-27.4272],[-65.5199,-27.4294],[-65.5199,-27.4314],[-65.5176,-27.433],[-65.5152,-27.4321],[-65.513,-27.4292],[-65.511,-27.4297],[-65.5112,-27.4312],[-65.5096,-27.434],[-65.5071,-27.4355],[-65.5059,-27.4354],[-65.5029,-27.4331],[-65.4982,-27.4327],[-65.4954,-27.4214],[-65.4916,-27.4222],[-65.4872,-27.4048],[-65.4843,-27.4061],[-65.482,-27.406],[-65.4807,-27.4066],[-65.4792,-27.4086],[-65.4824,-27.422],[-65.4761,-27.4217],[-65.4715,-27.4217],[-65.4693,-27.4122],[-65.4677,-27.4128],[-65.466,-27.4075],[-65.4653,-27.4063],[-65.4629,-27.3962],[-65.4617,-27.3939],[-65.4657,-27.3951],[-65.4676,-27.3964],[-65.4695,-27.3963],[-65.4714,-27.3946],[-65.4728,-27.3902],[-65.4741,-27.3891],[-65.4778,-27.3867],[-65.4783,-27.3817],[-65.4765,-27.378],[-65.4743,-27.3751],[-65.4724,-27.3672],[-65.4645,-27.3369],[-65.4642,-27.3369],[-65.4609,-27.327],[-65.4627,-27.3265],[-65.4624,-27.3251],[-65.4699,-27.3236],[-65.4691,-27.3198],[-65.4679,-27.3197],[-65.4647,-27.3062],[-65.4641,-27.3032],[-65.4658,-27.3026],[-65.4656,-27.3011],[-65.4701,-27.3],[-65.4729,-27.2984],[-65.4769,-27.2983],[-65.4803,-27.2991],[-65.4815,-27.3011],[-65.4827,-27.2989],[-65.4838,-27.2981],[-65.4864,-27.2975],[-65.4903,-27.2987],[-65.4928,-27.2982],[-65.4928,-27.2951],[-65.4932,-27.2937],[-65.4944,-27.2926],[-65.4964,-27.2923],[-65.499,-27.2933],[-65.5008,-27.2958],[-65.5021,-27.2968],[-65.5069,-27.2951],[-65.5085,-27.2926],[-65.5102,-27.2917],[-65.5094,-27.2887],[-65.5109,-27.2887],[-65.5131,-27.2898],[-65.5137,-27.2909],[-65.5166,-27.2915],[-65.5167,-27.2896],[-65.5181,-27.288],[-65.5203,-27.2877],[-65.5241,-27.2895],[-65.5281,-27.2878],[-65.5293,-27.2864],[-65.5287,-27.284],[-65.529,-27.2815],[-65.5302,-27.2783],[-65.5321,-27.2762],[-65.5347,-27.276],[-65.5364,-27.2773],[-65.5372,-27.2794],[-65.5374,-27.2818],[-65.5383,-27.2839],[-65.5409,-27.285],[-65.5433,-27.2855],[-65.5481,-27.2847],[-65.5562,-27.2838],[-65.5657,-27.2808],[-65.5691,-27.2811],[-65.5722,-27.2795],[-65.5756,-27.2785],[-65.5776,-27.2775],[-65.579,-27.2782],[-65.5821,-27.2773],[-65.5831,-27.2749],[-65.5845,-27.2732],[-65.588,-27.2713],[-65.5889,-27.2684],[-65.5901,-27.2668],[-65.5929,-27.2665],[-65.595,-27.2647],[-65.5989,-27.2652],[-65.6018,-27.2646],[-65.6047,-27.2633],[-65.6081,-27.2597],[-65.6106,-27.2601],[-65.6124,-27.2584],[-65.6147,-27.2579],[-65.617,-27.2583],[-65.6194,-27.2565],[-65.6213,-27.2543],[-65.6226,-27.2538],[-65.6245,-27.2549],[-65.6269,-27.2523],[-65.6309,-27.2503],[-65.633,-27.2499],[-65.634,-27.2489],[-65.6355,-27.2463],[-65.6388,-27.2432],[-65.6427,-27.2416],[-65.6467,-27.2412],[-65.6499,-27.24],[-65.6528,-27.2385],[-65.6558,-27.2393],[-65.659,-27.2389],[-65.6648,-27.237],[-65.6691,-27.2346],[-65.6721,-27.2317],[-65.6756,-27.2305],[-65.6778,-27.2292],[-65.68,-27.2274],[-65.6836,-27.2265],[-65.6866,-27.2242],[-65.689,-27.2217],[-65.69,-27.2194],[-65.6896,-27.214],[-65.6911,-27.2113],[-65.6934,-27.2089],[-65.6944,-27.2072],[-65.6948,-27.204],[-65.6969,-27.2016],[-65.7017,-27.2008],[-65.7044,-27.201],[-65.7058,-27.1996],[-65.7095,-27.199],[-65.7127,-27.1999],[-65.7166,-27.1989],[-65.7192,-27.1995],[-65.7212,-27.1972],[-65.7223,-27.1968],[-65.7242,-27.198],[-65.7281,-27.1988],[-65.7314,-27.198],[-65.7353,-27.1983],[-65.7368,-27.1973],[-65.739,-27.1973],[-65.7412,-27.1979],[-65.7433,-27.1961],[-65.746,-27.1965],[-65.7477,-27.1976],[-65.7507,-27.1982],[-65.7544,-27.2006],[-65.7577,-27.2004],[-65.7616,-27.2019],[-65.7652,-27.2013],[-65.7666,-27.1998],[-65.7697,-27.1998],[-65.7709,-27.1992],[-65.7745,-27.1958],[-65.7767,-27.1948],[-65.7784,-27.1953],[-65.7789,-27.1936],[-65.7823,-27.1952],[-65.7835,-27.1962],[-65.7857,-27.1945],[-65.7882,-27.1949],[-65.7899,-27.194],[-65.7923,-27.1952],[-65.7943,-27.1945],[-65.7959,-27.1951],[-65.7973,-27.1936],[-65.7951,-27.1919],[-65.7976,-27.1905],[-65.7968,-27.1884],[-65.7978,-27.1864],[-65.7983,-27.1823],[-65.7999,-27.1806],[-65.7975,-27.1791],[-65.7971,-27.1782],[-65.7982,-27.1768],[-65.7981,-27.1756],[-65.7999,-27.1726],[-65.799,-27.1697],[-65.7971,-27.1684],[-65.7979,-27.1664],[-65.7975,-27.1641],[-65.7981,-27.1633],[-65.7999,-27.1636],[-65.8005,-27.1624],[-65.7992,-27.1616],[-65.8006,-27.1588],[-65.8047,-27.1564],[-65.8059,-27.1567],[-65.8087,-27.1559],[-65.8124,-27.1552],[-65.8131,-27.1527],[-65.8147,-27.151],[-65.8173,-27.1499],[-65.8182,-27.1478],[-65.8182,-27.1443],[-65.8201,-27.1414],[-65.8213,-27.1387],[-65.8231,-27.1369],[-65.825,-27.1361],[-65.8276,-27.1362],[-65.8286,-27.137],[-65.8611,-27.1182],[-65.8686,-27.1169],[-65.872,-27.1171],[-65.8807,-27.1123],[-65.884,-27.111],[-65.8884,-27.1112],[-65.8907,-27.1083],[-65.8939,-27.1048],[-65.8978,-27.1018],[-65.9017,-27.1002],[-65.9183,-27.0977],[-65.9229,-27.0957],[-65.9267,-27.0922],[-65.9313,-27.0875],[-65.973,-27.0541],[-65.9741,-27.0546],[-65.975,-27.0565],[-65.9741,-27.0579],[-65.9741,-27.0651],[-65.9715,-27.0676],[-65.9711,-27.0687],[-65.9719,-27.0717],[-65.9738,-27.0749],[-65.9744,-27.0796],[-65.9767,-27.0838],[-65.9777,-27.0878],[-65.9812,-27.0911],[-65.9829,-27.0949],[-65.9859,-27.0974],[-65.9882,-27.1031],[-65.991,-27.1056],[-65.9942,-27.1059],[-65.9959,-27.1056],[-65.9991,-27.1032],[-66.0003,-27.1035],[-66.0052,-27.1065],[-66.0065,-27.109],[-66.0091,-27.111],[-66.0111,-27.1111],[-66.0181,-27.1126],[-66.0209,-27.1141],[-66.0203,-27.1178],[-66.0208,-27.1196],[-66.0229,-27.1212],[-66.0278,-27.1222],[-66.0316,-27.1241],[-66.036,-27.1251],[-66.0394,-27.1284],[-66.0389,-27.1323],[-66.0415,-27.1352],[-66.0425,-27.1358],[-66.0469,-27.1399],[-66.0471,-27.1409],[-66.0503,-27.142],[-66.0547,-27.1441],[-66.056,-27.1523],[-66.0556,-27.1557],[-66.0595,-27.1579],[-66.061,-27.1591],[-66.0637,-27.1623],[-66.064,-27.1636],[-66.062,-27.1678],[-66.0642,-27.1702],[-66.0652,-27.172],[-66.0676,-27.1752],[-66.0682,-27.1767],[-66.0682,-27.1792],[-66.069,-27.187],[-66.07,-27.1891],[-66.0728,-27.1903],[-66.0753,-27.191],[-66.0775,-27.1943],[-66.0798,-27.1958],[-66.0824,-27.1983],[-66.0825,-27.2005],[-66.0813,-27.2048],[-66.0795,-27.2079],[-66.0779,-27.2092],[-66.0826,-27.2112],[-66.0893,-27.213],[-66.0927,-27.2134],[-66.0976,-27.2127],[-66.1005,-27.2145],[-66.1036,-27.216],[-66.1103,-27.2158],[-66.1156,-27.2216],[-66.1175,-27.2248],[-66.1218,-27.2274],[-66.123,-27.2337],[-66.123,-27.2366],[-66.125,-27.2377],[-66.1295,-27.2386],[-66.1325,-27.2399],[-66.1337,-27.2436],[-66.1342,-27.2483],[-66.1328,-27.2529],[-66.1366,-27.2544],[-66.1387,-27.2564],[-66.1408,-27.2611],[-66.1358,-27.2642],[-66.1327,-27.2658],[-66.1307,-27.2657],[-66.1297,-27.265],[-66.1262,-27.2647],[-66.1231,-27.2663],[-66.1207,-27.2659],[-66.1172,-27.2664],[-66.115,-27.2681],[-66.1106,-27.2726],[-66.1055,-27.2741],[-66.1043,-27.2748],[-66.1022,-27.2749],[-66.0965,-27.2771],[-66.0927,-27.277],[-66.0908,-27.2782],[-66.0886,-27.2811],[-66.0864,-27.2823],[-66.0854,-27.2835],[-66.0824,-27.2847],[-66.0804,-27.2865],[-66.0786,-27.2867],[-66.0771,-27.2879],[-66.0741,-27.2884],[-66.0729,-27.2897],[-66.0691,-27.2904],[-66.0661,-27.2917],[-66.063,-27.2916],[-66.0611,-27.291],[-66.059,-27.2931],[-66.0567,-27.2931],[-66.0536,-27.2939],[-66.0513,-27.2955],[-66.0461,-27.2952],[-66.0405,-27.2961],[-66.0388,-27.296],[-66.0339,-27.2973],[-66.0313,-27.2976],[-66.0298,-27.2984],[-66.0275,-27.2988],[-66.0263,-27.3],[-66.022,-27.3023],[-66.0175,-27.304],[-66.0153,-27.3054],[-66.0129,-27.309],[-66.0105,-27.3101],[-66.0066,-27.311],[-66.0046,-27.3117],[-65.9982,-27.3131],[-65.9956,-27.3141],[-65.9932,-27.316],[-65.9926,-27.3171],[-65.9902,-27.3184],[-65.9871,-27.3225],[-65.9852,-27.3234],[-65.983,-27.3258],[-65.9802,-27.3277],[-65.9796,-27.3288],[-65.9738,-27.3311],[-65.9717,-27.3338],[-65.9698,-27.3492],[-65.9672,-27.3566],[-65.9653,-27.3586],[-65.965,-27.3605],[-65.9661,-27.3625],[-65.9675,-27.3692],[-65.9674,-27.372],[-65.966,-27.3783],[-65.9648,-27.3819],[-65.9648,-27.3845],[-65.9664,-27.3925],[-65.9675,-27.3991],[-65.9651,-27.3991],[-65.9605,-27.402],[-65.9576,-27.4015],[-65.9581,-27.3995],[-65.9574,-27.3989],[-65.9539,-27.3981],[-65.952,-27.3986],[-65.9484,-27.3978],[-65.9473,-27.3989],[-65.9457,-27.3992],[-65.9436,-27.4019],[-65.9409,-27.401],[-65.9386,-27.4035],[-65.9372,-27.4017],[-65.9353,-27.4029],[-65.9341,-27.403],[-65.9332,-27.401],[-65.9318,-27.4001],[-65.9325,-27.3973],[-65.9353,-27.3933],[-65.9323,-27.3923],[-65.928,-27.3897],[-65.9272,-27.3887],[-65.9304,-27.3858],[-65.9306,-27.3837],[-65.9295,-27.3829],[-65.9243,-27.3834],[-65.9224,-27.3843],[-65.92,-27.3831],[-65.9196,-27.3802],[-65.9179,-27.3803],[-65.9169,-27.3778],[-65.9161,-27.3772],[-65.9135,-27.3774],[-65.9114,-27.3754],[-65.9095,-27.3746],[-65.9027,-27.3698],[-65.9023,-27.3682],[-65.9005,-27.3672],[-65.8994,-27.3674],[-65.8973,-27.369],[-65.897,-27.3707],[-65.8929,-27.369],[-65.8919,-27.3673],[-65.8887,-27.3701],[-65.8862,-27.3702],[-65.8804,-27.3687],[-65.8782,-27.3678],[-65.8755,-27.3702],[-65.8721,-27.371],[-65.8695,-27.3696],[-65.8667,-27.3693],[-65.8633,-27.3694],[-65.8609,-27.3682],[-65.8584,-27.3652],[-65.8574,-27.3646],[-65.8552,-27.362],[-65.8518,-27.3614],[-65.8493,-27.3623],[-65.8472,-27.3615],[-65.8435,-27.3618],[-65.8415,-27.3633],[-65.8371,-27.3643],[-65.8319,-27.3623],[-65.8267,-27.3623],[-65.8249,-27.362],[-65.8191,-27.3597],[-65.8167,-27.3584],[-65.8119,-27.357],[-65.8076,-27.3575],[-65.8056,-27.3583],[-65.8022,-27.3576],[-65.801,-27.3566],[-65.7972,-27.3554],[-65.7944,-27.3553],[-65.7901,-27.3578],[-65.7871,-27.3586],[-65.7847,-27.3584],[-65.7831,-27.359],[-65.7799,-27.359],[-65.7784,-27.3578],[-65.7758,-27.3572],[-65.7721,-27.3582],[-65.7699,-27.3595],[-65.7672,-27.3604],[-65.7626,-27.3584],[-65.7592,-27.358],[-65.758,-27.3585],[-65.7555,-27.3569],[-65.7535,-27.3566],[-65.751,-27.3588],[-65.7487,-27.3597],[-65.7434,-27.3592],[-65.7405,-27.3573],[-65.7384,-27.3565],[-65.733,-27.3564],[-65.7299,-27.3553],[-65.7273,-27.3557],[-65.7237,-27.3557],[-65.7219,-27.3567],[-65.7194,-27.3571],[-65.7183,-27.358],[-65.7142,-27.3599],[-65.7118,-27.3625],[-65.7109,-27.3642],[-65.7083,-27.3667],[-65.7028,-27.3675],[-65.6998,-27.3682],[-65.6958,-27.3708],[-65.6947,-27.3726],[-65.6923,-27.3735],[-65.69,-27.3754],[-65.6867,-27.3764],[-65.6854,-27.3786],[-65.6837,-27.3791],[-65.6814,-27.3807],[-65.6796,-27.3812],[-65.6778,-27.3837],[-65.6754,-27.3885],[-65.6731,-27.391],[-65.67,-27.3925],[-65.6685,-27.3955],[-65.6657,-27.3969],[-65.6647,-27.3981],[-65.662,-27.3981],[-65.6598,-27.3989],[-65.6591,-27.4007],[-65.6586,-27.4046],[-65.6575,-27.4058],[-65.6546,-27.4077],[-65.6493,-27.4065],[-65.6481,-27.4021],[-65.6456,-27.401],[-65.6433,-27.402],[-65.6428,-27.4046],[-65.6434,-27.4049],[-65.6438,-27.411],[-65.6421,-27.4135],[-65.6412,-27.4134],[-65.6415,-27.4094],[-65.6384,-27.4081],[-65.6376,-27.4088],[-65.6374,-27.4113],[-65.6349,-27.4113],[-65.6313,-27.4101],[-65.6292,-27.4131],[-65.6283,-27.4132],[-65.6274,-27.411],[-65.6258,-27.4118],[-65.6264,-27.4135],[-65.6259,-27.4143],[-65.6232,-27.4161],[-65.6192,-27.4197],[-65.6171,-27.4203],[-65.613,-27.4112],[-65.6126,-27.4093],[-65.6091,-27.4094],[-65.6094,-27.4107],[-65.6087,-27.4122],[-65.6098,-27.4154],[-65.6097,-27.4212],[-65.6062,-27.4192],[-65.6062,-27.4178],[-65.6079,-27.4149],[-65.608,-27.4125],[-65.6047,-27.41],[-65.603,-27.41],[-65.5994,-27.4117],[-65.5992,-27.4191],[-65.5945,-27.4176],[-65.5889,-27.4173],[-65.5862,-27.4181],[-65.5837,-27.4175],[-65.5811,-27.4165],[-65.5773,-27.4189],[-65.5757,-27.4206],[-65.5749,-27.4224],[-65.5738,-27.4221],[-65.5712,-27.4187],[-65.5691,-27.4186],[-65.5659,-27.4217],[-65.5619,-27.4212],[-65.561,-27.4191],[-65.5589,-27.4166],[-65.5556,-27.416],[-65.554,-27.4167],[-65.5537,-27.4183],[-65.5557,-27.4209],[-65.5539,-27.4225],[-65.5535,-27.4245],[-65.5502,-27.4279],[-65.5489,-27.4308]]]},"properties":{"id":476,"departamento":"CHICLIGASTA","cabecera":"CONCEPCION","provincia":"TUCUMAN"}},
{"type":"Feature","geometry":{"type":"Polygon","coordinates":[[[-65.0271,-27.5871],[-65.0259,-27.5846],[-65.0243,-27.5779],[-65.0207,-27.5758],[-65.0152,-27.5763],[-65.0129,-27.5732],[-65.0117,-27.5642],[-65.0109,-27.5618],[-65.0093,-27.5613],[-65.005,-27.5622],[-65.0033,-27.5632],[-64.9969,-27.5694],[-64.995,-27.5706],[-64.9917,-27.5713],[-64.9888,-27.5696],[-64.9876,-27.5679],[-64.9812,-27.5675],[-64.9784,-27.5665],[-64.9767,-27.5646],[-64.9736,-27.5627],[-64.9705,-27.5582],[-64.9674,-27.5541],[-64.9662,-27.5513],[-64.9655,-27.5477],[-64.9653,-27.5382],[-64.9662,-27.5349],[-64.9651,-27.5263],[-64.965,-27.523],[-64.9665,-27.5192],[-64.9665,-27.5137],[-64.9669,-27.5094],[-64.9681,-27.5054],[-64.9705,-27.5032],[-64.9726,-27.4987],[-64.975,-27.4975],[-64.9784,-27.4947],[-64.9822,-27.493],[-64.9857,-27.4918],[-64.991,-27.4906],[-64.9926,-27.4899],[-64.9971,-27.4889],[-65.0007,-27.4889],[-65.006,-27.4882],[-65.0076,-27.4864],[-65.0089,-27.4837],[-65.0265,-27.4834],[-65.0303,-27.4828],[-65.0357,-27.4804],[-65.0404,-27.4777],[-65.0437,-27.474],[-65.0455,-27.4705],[-65.0478,-27.468],[-65.0498,-27.4619],[-65.0517,-27.4593],[-65.0537,-27.4575],[-65.0568,-27.4556],[-65.0576,-27.453],[-65.0594,-27.4514],[-65.061,-27.4487],[-65.0628,-27.4448],[-65.0619,-27.4518],[-65.0633,-27.452],[-65.0635,-27.4546],[-65.0622,-27.4552],[-65.0619,-27.4587],[-65.0632,-27.4615],[-65.0641,-27.4612],[-65.0656,-27.4587],[-65.0676,-27.4588],[-65.0711,-27.4575],[-65.0763,-27.4581],[-65.0803,-27.4576],[-65.0812,-27.4562],[-65.0845,-27.4543],[-65.0865,-27.4527],[-65.0917,-27.4549],[-65.0942,-27.454],[-65.0962,-27.451],[-65.0949,-27.4483],[-65.0958,-27.4469],[-65.0992,-27.4463],[-65.1031,-27.4478],[-65.1042,-27.4469],[-65.1043,-27.4455],[-65.1017,-27.4433],[-65.0998,-27.4429],[-65.0941,-27.4426],[-65.0886,-27.4386],[-65.0888,-27.4339],[-65.0884,-27.43],[-65.0886,-27.4285],[-65.0907,-27.4273],[-65.0921,-27.4242],[-65.0921,-27.4219],[-65.0945,-27.4203],[-65.0964,-27.4214],[-65.0971,-27.4229],[-65.0964,-27.4257],[-65.0965,-27.4278],[-65.098,-27.4286],[-65.0998,-27.4287],[-65.106,-27.4271],[-65.108,-27.4276],[-65.1115,-27.4264],[-65.1133,-27.4248],[-65.1139,-27.4232],[-65.1137,-27.4204],[-65.1144,-27.4182],[-65.1164,-27.4157],[-65.1171,-27.4133],[-65.1171,-27.4099],[-65.1182,-27.4082],[-65.1216,-27.406],[-65.1234,-27.4062],[-65.1244,-27.4081],[-65.1269,-27.408],[-65.1278,-27.4052],[-65.1288,-27.4038],[-65.1328,-27.401],[-65.1376,-27.3981],[-65.1413,-27.3964],[-65.1439,-27.3941],[-65.143,-27.3911],[-65.1435,-27.387],[-65.1458,-27.3831],[-65.1511,-27.3806],[-65.1536,-27.3781],[-65.1561,-27.3729],[-65.1572,-27.372],[-65.1622,-27.3711],[-65.1671,-27.3717],[-65.169,-27.3685],[-65.1676,-27.3679],[-65.1705,-27.3656],[-65.1715,-27.3643],[-65.1739,-27.3641],[-65.1752,-27.3633],[-65.1798,-27.3631],[-65.1858,-27.3658],[-65.1899,-27.3639],[-65.1934,-27.3618],[-65.1935,-27.359],[-65.1957,-27.3548],[-65.1979,-27.3545],[-65.2017,-27.3526],[-65.2005,-27.3499],[-65.2031,-27.3492],[-65.2047,-27.3493],[-65.2076,-27.3478],[-65.2082,-27.3456],[-65.2134,-27.3424],[-65.2126,-27.3415],[-65.2134,-27.3378],[-65.2163,-27.3347],[-65.2191,-27.3337],[-65.2197,-27.3322],[-65.2177,-27.3312],[-65.2166,-27.3286],[-65.2178,-27.3258],[-65.2171,-27.3218],[-65.2162,-27.3202],[-65.2161,-27.3184],[-65.2171,-27.3157],[-65.2187,-27.3146],[-65.2229,-27.3147],[-65.2273,-27.3163],[-65.2307,-27.3167],[-65.2331,-27.3117],[-65.2354,-27.3093],[-65.2395,-27.3059],[-65.2406,-27.3045],[-65.2419,-27.3044],[-65.2442,-27.3022],[-65.2469,-27.2983],[-65.2506,-27.2949],[-65.2536,-27.2928],[-65.2597,-27.2893],[-65.2625,-27.2886],[-65.265,-27.2875],[-65.2721,-27.2838],[-65.2739,-27.2825],[-65.2871,-27.2695],[-65.288,-27.2692],[-65.2954,-27.2689],[-65.2984,-27.2684],[-65.3008,-27.2673],[-65.3012,-27.2665],[-65.3007,-27.2628],[-65.2988,-27.2612],[-65.2978,-27.2584],[-65.2979,-27.2565],[-65.2998,-27.2535],[-65.2991,-27.2525],[-65.3001,-27.2505],[-65.3047,-27.2479],[-65.3059,-27.2456],[-65.3053,-27.2437],[-65.3037,-27.2431],[-65.3032,-27.2414],[-65.3045,-27.2396],[-65.3051,-27.2368],[-65.3025,-27.2353],[-65.3011,-27.2337],[-65.2994,-27.2303],[-65.2992,-27.2285],[-65.3,-27.2254],[-65.3028,-27.2231],[-65.3074,-27.2214],[-65.309,-27.2203],[-65.3102,-27.2211],[-65.3143,-27.2211],[-65.3156,-27.2218],[-65.318,-27.2217],[-65.3201,-27.2209],[-65.3222,-27.2172],[-65.3245,-27.2158],[-65.3261,-27.2157],[-65.3293,-27.2176],[-65.3322,-27.218],[-65.335,-27.2165],[-65.3365,-27.2137],[-65.3345,-27.2102],[-65.3335,-27.2072],[-65.3335,-27.2048],[-65.3347,-27.2022],[-65.3373,-27.2009],[-65.3396,-27.2008],[-65.3416,-27.1997],[-65.3444,-27.1962],[-65.3461,-27.1934],[-65.3469,-27.1902],[-65.3481,-27.1871],[-65.3498,-27.184],[-65.3517,-27.1818],[-65.3544,-27.1802],[-65.3588,-27.1793],[-65.3601,-27.1802],[-65.3644,-27.18],[-65.3694,-27.1807],[-65.3733,-27.1824],[-65.3793,-27.1832],[-65.3844,-27.1819],[-65.3856,-27.1813],[-65.3915,-27.1769],[-65.3925,-27.1757],[-65.3948,-27.1744],[-65.4001,-27.1746],[-65.4012,-27.1755],[-65.4024,-27.1785],[-65.4079,-27.1831],[-65.4106,-27.1942],[-65.4124,-27.2045],[-65.4154,-27.204],[-65.4167,-27.211],[-65.4204,-27.2102],[-65.4215,-27.2111],[-65.4226,-27.2173],[-65.4363,-27.2093],[-65.4377,-27.2149],[-65.4387,-27.2201],[-65.4423,-27.2192],[-65.4424,-27.2179],[-65.4451,-27.2176],[-65.446,-27.2169],[-65.4483,-27.2272],[-65.4499,-27.2301],[-65.4506,-27.2345],[-65.4527,-27.2357],[-65.4561,-27.2343],[-65.459,-27.2463],[-65.4607,-27.246],[-65.4643,-27.2609],[-65.46,-27.2617],[-65.4611,-27.267],[-65.4585,-27.2675],[-65.4598,-27.2731],[-65.461,-27.2729],[-65.463,-27.2819],[-65.4655,-27.2943],[-65.4677,-27.2978],[-65.4696,-27.2977],[-65.4701,-27.3],[-65.4656,-27.3011],[-65.4658,-27.3026],[-65.4641,-27.3032],[-65.4647,-27.3062],[-65.4679,-27.3197],[-65.4691,-27.3198],[-65.4699,-27.3236],[-65.4624,-27.3251],[-65.4627,-27.3265],[-65.4609,-27.327],[-65.4642,-27.3369],[-65.4645,-27.3369],[-65.4724,-27.3672],[-65.4743,-27.3751],[-65.4765,-27.378],[-65.4783,-27.3817],[-65.4778,-27.3867],[-65.4741,-27.3891],[-65.4728,-27.3902],[-65.4714,-27.3946],[-65.4695,-27.3963],[-65.4676,-27.3964],[-65.4657,-27.3951],[-65.4617,-27.3939],[-65.4629,-27.3962],[-65.4653,-27.4063],[-65.466,-27.4075],[-65.4677,-27.4128],[-65.4693,-27.4122],[-65.4715,-27.4217],[-65.4761,-27.4217],[-65.4824,-27.422],[-65.4792,-27.4086],[-65.4807,-27.4066],[-65.482,-27.406],[-65.4843,-27.4061],[-65.4872,-27.4048],[-65.4916,-27.4222],[-65.4954,-27.4214],[-65.4982,-27.4327],[-65.5029,-27.4331],[-65.5059,-27.4354],[-65.5071,-27.4355],[-65.5096,-27.434],[-65.5112,-27.4312],[-65.511,-27.4297],[-65.513,-27.4292],[-65.5152,-27.4321],[-65.5176,-27.433],[-65.5199,-27.4314],[-65.5199,-27.4294],[-65.5224,-27.4272],[-65.5262,-27.4272],[-65.5288,-27.4318],[-65.5311,-27.4331],[-65.5322,-27.4321],[-65.5337,-27.4319],[-65.5348,-27.4306],[-65.537,-27.4324],[-65.5387,-27.4324],[-65.5414,-27.4314],[-65.5456,-27.4325],[-65.5489,-27.4308],[-65.5494,-27.4343],[-65.5505,-27.4479],[-65.5509,-27.4505],[-65.5584,-27.48],[-65.5556,-27.4822],[-65.5553,-27.4835],[-65.5563,-27.4848],[-65.5554,-27.4869],[-65.5524,-27.4877],[-65.5499,-27.4865],[-65.5454,-27.4855],[-65.5433,-27.4867],[-65.5421,-27.4897],[-65.5401,-27.4907],[-65.5385,-27.4896],[-65.5383,-27.4871],[-65.5395,-27.4845],[-65.5394,-27.4817],[-65.5382,-27.4803],[-65.5358,-27.4806],[-65.5337,-27.4845],[-65.5322,-27.4849],[-65.5346,-27.496],[-65.5387,-27.5134],[-65.5432,-27.5337],[-65.5451,-27.5416],[-65.544,-27.5423],[-65.5394,-27.5421],[-65.5379,-27.5424],[-65.5354,-27.5415],[-65.5319,-27.5434],[-65.5272,-27.544],[-65.5225,-27.5456],[-65.5194,-27.5449],[-65.5169,-27.5433],[-65.5138,-27.5424],[-65.5067,-27.542],[-65.5051,-27.5411],[-65.5024,-27.5405],[-65.4949,-27.5416],[-65.4936,-27.541],[-65.4895,-27.5409],[-65.4866,-27.5418],[-65.4872,-27.5444],[-65.4852,-27.5447],[-65.4843,-27.5431],[-65.4835,-27.5389],[-65.4795,-27.5385],[-65.48,-27.543],[-65.4787,-27.5429],[-65.4793,-27.5391],[-65.4763,-27.5396],[-65.4739,-27.5381],[-65.4718,-27.5391],[-65.4716,-27.5405],[-65.47,-27.5415],[-65.4645,-27.5394],[-65.4634,-27.5394],[-65.4611,-27.5381],[-65.4587,-27.5397],[-65.4577,-27.5384],[-65.4582,-27.5373],[-65.4553,-27.5369],[-65.452,-27.5369],[-65.4524,-27.5394],[-65.451,-27.5401],[-65.4467,-27.5389],[-65.4447,-27.5402],[-65.443,-27.5399],[-65.4419,-27.5387],[-65.4403,-27.5386],[-65.4365,-27.5397],[-65.435,-27.5405],[-65.433,-27.5405],[-65.4277,-27.5396],[-65.4262,-27.5402],[-65.4234,-27.5388],[-65.4206,-27.5409],[-65.4194,-27.5408],[-65.4168,-27.5395],[-65.4161,-27.5406],[-65.4146,-27.5407],[-65.413,-27.5389],[-65.4116,-27.5394],[-65.41,-27.5383],[-65.4073,-27.5404],[-65.4058,-27.5365],[-65.4032,-27.5385],[-65.4022,-27.5373],[-65.401,-27.5376],[-65.4009,-27.5343],[-65.4,-27.5327],[-65.3976,-27.5332],[-65.3971,-27.5323],[-65.3945,-27.5339],[-65.3934,-27.534],[-65.3909,-27.532],[-65.3884,-27.5319],[-65.3852,-27.5302],[-65.3817,-27.531],[-65.3794,-27.5309],[-65.3749,-27.5298],[-65.3719,-27.528],[-65.3693,-27.5279],[-65.3676,-27.5288],[-65.3672,-27.5298],[-65.3633,-27.5297],[-65.3613,-27.5303],[-65.3601,-27.5293],[-65.3603,-27.5279],[-65.3589,-27.5262],[-65.3566,-27.5265],[-65.3541,-27.5262],[-65.353,-27.5254],[-65.35,-27.5255],[-65.3482,-27.5243],[-65.3452,-27.5258],[-65.346,-27.529],[-65.3453,-27.5345],[-65.3426,-27.5359],[-65.3419,-27.5369],[-65.3374,-27.5377],[-65.3341,-27.5361],[-65.3333,-27.5372],[-65.3301,-27.5398],[-65.3274,-27.5402],[-65.3245,-27.5422],[-65.3221,-27.5422],[-65.3188,-27.5406],[-65.3176,-27.5412],[-65.3154,-27.5406],[-65.3097,-27.538],[-65.3079,-27.5382],[-65.3064,-27.5393],[-65.3016,-27.5401],[-65.3,-27.5432],[-65.2949,-27.5429],[-65.2951,-27.5447],[-65.2919,-27.5462],[-65.291,-27.5455],[-65.2882,-27.546],[-65.2872,-27.5467],[-65.2846,-27.5463],[-65.2828,-27.5472],[-65.2819,-27.5461],[-65.2795,-27.5483],[-65.2805,-27.5498],[-65.2794,-27.552],[-65.2781,-27.5533],[-65.2726,-27.5551],[-65.2713,-27.5576],[-65.2697,-27.5573],[-65.2696,-27.559],[-65.2662,-27.5595],[-65.2659,-27.5616],[-65.2625,-27.5627],[-65.2608,-27.562],[-65.2582,-27.5637],[-65.2568,-27.5625],[-65.2554,-27.5637],[-65.2538,-27.5609],[-65.2506,-27.5614],[-65.2459,-27.56],[-65.2403,-27.5606],[-65.2363,-27.5595],[-65.2344,-27.5603],[-65.2325,-27.5597],[-65.2308,-27.5584],[-65.2294,-27.5592],[-65.2256,-27.5606],[-65.2237,-27.5605],[-65.2231,-27.5617],[-65.2178,-27.5635],[-65.2106,-27.5635],[-65.2101,-27.5621],[-65.2075,-27.5627],[-65.2042,-27.5627],[-65.202,-27.5621],[-65.1964,-27.5643],[-65.1949,-27.5675],[-65.1925,-27.5676],[-65.1897,-27.5664],[-65.1881,-27.5671],[-65.1838,-27.5665],[-65.1836,-27.5649],[-65.1794,-27.5645],[-65.1787,-27.5666],[-65.1751,-27.5685],[-65.1726,-27.5681],[-65.173,-27.5666],[-65.1698,-27.5668],[-65.1675,-27.5691],[-65.1678,-27.5703],[-65.1652,-27.5736],[-65.1653,-27.5749],[-65.1639,-27.5758],[-65.1636,-27.5775],[-65.1614,-27.5795],[-65.1623,-27.5817],[-65.1599,-27.5836],[-65.1591,-27.5857],[-65.157,-27.5853],[-65.1533,-27.5865],[-65.1525,-27.5878],[-65.1481,-27.5876],[-65.1441,-27.5842],[-65.1424,-27.5842],[-65.1395,-27.5823],[-65.1365,-27.5814],[-65.1349,-27.5814],[-65.1329,-27.5799],[-65.1279,-27.578],[-65.1255,-27.5777],[-65.1245,-27.5782],[-65.1188,-27.5763],[-65.1157,-27.5725],[-65.1155,-27.571],[-65.1169,-27.5701],[-65.1144,-27.5683],[-65.1121,-27.5699],[-65.11,-27.5706],[-65.1075,-27.5695],[-65.1055,-27.5691],[-65.1031,-27.57],[-65.1004,-27.5702],[-65.098,-27.5723],[-65.0986,-27.5762],[-65.0976,-27.5771],[-65.0969,-27.5799],[-65.0955,-27.5815],[-65.0937,-27.5823],[-65.0912,-27.5814],[-65.0869,-27.5816],[-65.0826,-27.5823],[-65.0792,-27.5821],[-65.0784,-27.5828],[-65.0744,-27.5832],[-65.0725,-27.5858],[-65.0711,-27.587],[-65.0683,-27.5852],[-65.0665,-27.5828],[-65.065,-27.5818],[-65.0618,-27.5811],[-65.062,-27.579],[-65.0615,-27.577],[-65.0588,-27.5764],[-65.0573,-27.5745],[-65.0555,-27.575],[-65.0543,-27.5766],[-65.0518,-27.577],[-65.0462,-27.5787],[-65.0443,-27.5784],[-65.0392,-27.5766],[-65.0353,-27.5779],[-65.0356,-27.5802],[-65.0271,-27.5871]]]},"properties":{"id":477,"departamento":"SIMOCA","cabecera":"SIMOCA","provincia":"TUCUMAN"}},
{"type":"Feature","geometry":{"type":"Polygon","coordinates":[[[-65.4318,-26.8085],[-65.4366,-26.8059],[-65.4372,-26.8048],[-65.4396,-26.8031],[-65.4421,-26.8024],[-65.4445,-26.7997],[-65.4478,-26.7983],[-65.4508,-26.7945],[-65.4511,-26.791],[-65.4505,-26.7897],[-65.4514,-26.787],[-65.4528,-26.7855],[-65.4569,-26.7773],[-65.4584,-26.7734],[-65.4623,-26.7704],[-65.4647,-26.7693],[-65.4722,-26.7669],[-65.4739,-26.7676],[-65.4753,-26.767],[-65.4787,-26.7628],[-65.4829,-26.7595],[-65.4906,-26.7567],[-65.4921,-26.7573],[-65.4943,-26.7571],[-65.4959,-26.7561],[-65.4985,-26.7556],[-65.5008,-26.7561],[-65.5029,-26.7545],[-65.5051,-26.7559],[-65.5073,-26.7556],[-65.5076,-26.7545],[-65.5099,-26.753],[-65.5123,-26.7537],[-65.5137,-26.7532],[-65.5145,-26.7518],[-65.5145,-26.7495],[-65.5158,-26.7481],[-65.5192,-26.7497],[-65.5202,-26.7497],[-65.5226,-26.7514],[-65.5239,-26.7539],[-65.5274,-26.7549],[-65.5286,-26.7562],[-65.5293,-26.7584],[-65.5317,-26.7594],[-65.5343,-26.7578],[-65.5355,-26.7586],[-65.5386,-26.7579],[-65.5403,-26.759],[-65.5409,-26.761],[-65.5453,-26.7641],[-65.5483,-26.7633],[-65.5497,-26.7603],[-65.5515,-26.7601],[-65.5515,-26.7623],[-65.5559,-26.7599],[-65.5566,-26.7589],[-65.5587,-26.7582],[-65.5613,-26.7581],[-65.5625,-26.756],[-65.5637,-26.7559],[-65.5659,-26.7535],[-65.566,-26.7508],[-65.5679,-26.7509],[-65.5678,-26.7495],[-65.5703,-26.7489],[-65.5722,-26.7475],[-65.5723,-26.7461],[-65.5739,-26.7441],[-65.576,-26.7442],[-65.5806,-26.7436],[-65.5837,-26.7415],[-65.584,-26.7398],[-65.5864,-26.7379],[-65.5885,-26.7376],[-65.5922,-26.7365],[-65.5929,-26.7356],[-65.5975,-26.7332],[-65.5995,-26.7333],[-65.6019,-26.7325],[-65.6031,-26.731],[-65.6049,-26.7307],[-65.6058,-26.7291],[-65.6082,-26.7285],[-65.6113,-26.7285],[-65.614,-26.7291],[-65.6213,-26.7348],[-65.6246,-26.7364],[-65.6263,-26.7363],[-65.6278,-26.7378],[-65.6306,-26.7385],[-65.633,-26.738],[-65.6355,-26.7405],[-65.6367,-26.7435],[-65.6378,-26.7442],[-65.6401,-26.7441],[-65.6415,-26.7462],[-65.639,-26.7483],[-65.6412,-26.7495],[-65.6415,-26.7506],[-65.6402,-26.7519],[-65.6417,-26.7531],[-65.6466,-26.7526],[-65.6486,-26.7557],[-65.6514,-26.7568],[-65.6557,-26.7547],[-65.6568,-26.7534],[-65.6606,-26.7537],[-65.6629,-26.7534],[-65.6664,-26.7521],[-65.6671,-26.7513],[-65.6706,-26.7509],[-65.6717,-26.7497],[-65.6714,-26.748],[-65.6724,-26.7469],[-65.671,-26.7451],[-65.6747,-26.7415],[-65.678,-26.7408],[-65.6837,-26.7392],[-65.6869,-26.7403],[-65.6891,-26.7394],[-65.691,-26.7382],[-65.6933,-26.7384],[-65.6963,-26.7403],[-65.6995,-26.74],[-65.7028,-26.7403],[-65.706,-26.7411],[-65.7073,-26.7386],[-65.7108,-26.7388],[-65.6957,-26.7737],[-65.6931,-26.7808],[-65.6902,-26.7875],[-65.6883,-26.7929],[-65.6885,-26.795],[-65.68,-26.8129],[-65.6757,-26.8154],[-65.6574,-26.8114],[-65.6535,-26.8121],[-65.6531,-26.8157],[-65.6524,-26.8171],[-65.653,-26.8228],[-65.6551,-26.8305],[-65.6545,-26.8319],[-65.6526,-26.831],[-65.6504,-26.8275],[-65.649,-26.8263],[-65.6468,-26.8261],[-65.6425,-26.8264],[-65.6382,-26.8264],[-65.6317,-26.8261],[-65.624,-26.8253],[-65.6189,-26.8254],[-65.6179,-26.8269],[-65.6183,-26.8379],[-65.6167,-26.8377],[-65.6119,-26.841],[-65.6086,-26.8419],[-65.6042,-26.8439],[-65.6028,-26.8438],[-65.5994,-26.8445],[-65.5953,-26.8447],[-65.5899,-26.8436],[-65.587,-26.8452],[-65.5856,-26.8475],[-65.582,-26.8472],[-65.5789,-26.8463],[-65.578,-26.8466],[-65.5745,-26.8502],[-65.5735,-26.8531],[-65.57,-26.8542],[-65.5657,-26.8512],[-65.5639,-26.8495],[-65.5621,-26.8496],[-65.5604,-26.8505],[-65.5554,-26.8495],[-65.5539,-26.8501],[-65.5516,-26.8533],[-65.5474,-26.8534],[-65.5464,-26.8552],[-65.545,-26.8546],[-65.5403,-26.8543],[-65.5341,-26.8609],[-65.5311,-26.8609],[-65.5297,-26.862],[-65.5264,-26.8629],[-65.5214,-26.8636],[-65.5191,-26.8653],[-65.5176,-26.8648],[-65.5157,-26.8654],[-65.5136,-26.8649],[-65.5126,-26.8636],[-65.5101,-26.8648],[-65.5077,-26.8653],[-65.506,-26.8647],[-65.5038,-26.866],[-65.5002,-26.8657],[-65.4979,-26.866],[-65.4951,-26.8685],[-65.4927,-26.869],[-65.4904,-26.8704],[-65.4883,-26.8726],[-65.4861,-26.8738],[-65.485,-26.8758],[-65.4855,-26.8765],[-65.4832,-26.8797],[-65.4808,-26.8837],[-65.4785,-26.8828],[-65.4767,-26.8828],[-65.4754,-26.8817],[-65.473,-26.8821],[-65.47,-26.8834],[-65.4688,-26.8825],[-65.4665,-26.8824],[-65.466,-26.8845],[-65.4636,-26.8846],[-65.4636,-26.8863],[-65.4619,-26.8875],[-65.4618,-26.8912],[-65.4607,-26.8929],[-65.4589,-26.8928],[-65.4581,-26.8948],[-65.4555,-26.8959],[-65.4539,-26.8981],[-65.4522,-26.8986],[-65.4513,-26.9006],[-65.4489,-26.9012],[-65.4494,-26.9048],[-65.4486,-26.9067],[-65.4496,-26.9091],[-65.4489,-26.9121],[-65.4497,-26.914],[-65.4481,-26.9162],[-65.4471,-26.9188],[-65.4474,-26.9224],[-65.445,-26.9239],[-65.444,-26.9264],[-65.4416,-26.9289],[-65.4407,-26.928],[-65.437,-26.9268],[-65.4348,-26.9265],[-65.435,-26.925],[-65.433,-26.9248],[-65.4329,-26.9269],[-65.4308,-26.928],[-65.43,-26.9304],[-65.4275,-26.934],[-65.428,-26.9369],[-65.4265,-26.9374],[-65.4256,-26.9363],[-65.4236,-26.9362],[-65.4232,-26.938],[-65.4217,-26.9393],[-65.4219,-26.9412],[-65.4199,-26.9418],[-65.4182,-26.9441],[-65.4148,-26.9435],[-65.4112,-26.9451],[-65.4089,-26.9476],[-65.4092,-26.9527],[-65.4083,-26.9559],[-65.4072,-26.9564],[-65.4055,-26.9559],[-65.4064,-26.9543],[-65.4057,-26.9535],[-65.4032,-26.9533],[-65.4007,-26.9547],[-65.4004,-26.9524],[-65.3977,-26.9524],[-65.3945,-26.9555],[-65.3902,-26.956],[-65.3892,-26.9584],[-65.384,-26.9633],[-65.3819,-26.9643],[-65.3755,-26.9659],[-65.3748,-26.9663],[-65.3763,-26.9688],[-65.3753,-26.9702],[-65.3728,-26.9711],[-65.3737,-26.974],[-65.3725,-26.9791],[-65.3729,-26.9807],[-65.3708,-26.9837],[-65.3691,-26.984],[-65.3665,-26.9835],[-65.3667,-26.9868],[-65.3656,-26.9872],[-65.3629,-26.9861],[-65.3634,-26.9881],[-65.3649,-26.9892],[-65.3639,-26.9909],[-65.3643,-26.9938],[-65.3633,-26.9968],[-65.365,-26.9984],[-65.3637,-26.9991],[-65.3618,-26.9988],[-65.3607,-27],[-65.3604,-27.0016],[-65.3575,-27.0041],[-65.3558,-27.005],[-65.3548,-27.0065],[-65.355,-27.0077],[-65.3569,-27.0093],[-65.3552,-27.0098],[-65.3535,-27.0091],[-65.354,-27.0118],[-65.3506,-27.0137],[-65.351,-27.0159],[-65.3504,-27.0172],[-65.3488,-27.0181],[-65.346,-27.0212],[-65.344,-27.0215],[-65.3424,-27.0207],[-65.3403,-27.0206],[-65.3385,-27.0217],[-65.3371,-27.0214],[-65.3353,-27.023],[-65.3329,-27.0216],[-65.331,-27.0211],[-65.331,-27.0225],[-65.3292,-27.0243],[-65.3293,-27.026],[-65.3284,-27.0284],[-65.3261,-27.0296],[-65.3242,-27.0331],[-65.3202,-27.0336],[-65.3188,-27.0326],[-65.3191,-27.0298],[-65.3169,-27.0301],[-65.3164,-27.0278],[-65.312,-27.0274],[-65.3107,-27.0275],[-65.3106,-27.0236],[-65.3101,-27.0207],[-65.3112,-27.0204],[-65.3095,-27.0151],[-65.311,-27.0145],[-65.3104,-27.0126],[-65.312,-27.0117],[-65.3151,-27.0112],[-65.3148,-27.01],[-65.3131,-27.01],[-65.305,-27.0117],[-65.3048,-27.0095],[-65.303,-27.0098],[-65.3036,-27.0119],[-65.3013,-27.0112],[-65.2986,-27.0113],[-65.2981,-27.0123],[-65.3001,-27.014],[-65.3002,-27.0157],[-65.3017,-27.0187],[-65.2999,-27.0184],[-65.2959,-27.0128],[-65.2942,-27.0128],[-65.2938,-27.01],[-65.2919,-27.0052],[-65.2839,-26.9865],[-65.2948,-26.9841],[-65.2976,-26.9945],[-65.314,-26.9865],[-65.3094,-26.9789],[-65.3061,-26.9807],[-65.3036,-26.9792],[-65.3019,-26.9707],[-65.3051,-26.9707],[-65.3076,-26.9698],[-65.3073,-26.9673],[-65.3058,-26.9632],[-65.3042,-26.956],[-65.2998,-26.9373],[-65.2974,-26.9266],[-65.2963,-26.9254],[-65.2952,-26.9222],[-65.2929,-26.9236],[-65.2928,-26.9259],[-65.2897,-26.9273],[-65.2907,-26.9282],[-65.2881,-26.9302],[-65.2882,-26.9312],[-65.2912,-26.9303],[-65.2908,-26.9318],[-65.2884,-26.9321],[-65.2853,-26.9308],[-65.2848,-26.9337],[-65.2833,-26.9357],[-65.2848,-26.9363],[-65.2846,-26.9377],[-65.2829,-26.9375],[-65.2847,-26.94],[-65.2839,-26.9411],[-65.2799,-26.9419],[-65.2782,-26.9448],[-65.2762,-26.945],[-65.2758,-26.9433],[-65.2745,-26.9426],[-65.273,-26.9443],[-65.2743,-26.9465],[-65.2718,-26.9465],[-65.2671,-26.9503],[-65.2671,-26.9517],[-65.2645,-26.9527],[-65.2633,-26.9521],[-65.2612,-26.9525],[-65.2601,-26.9541],[-65.2616,-26.9551],[-65.263,-26.9539],[-65.2648,-26.9551],[-65.2627,-26.9565],[-65.261,-26.9562],[-65.2599,-26.9586],[-65.2578,-26.9594],[-65.2577,-26.9624],[-65.2584,-26.9641],[-65.2605,-26.966],[-65.2597,-26.9672],[-65.2575,-26.9666],[-65.2568,-26.9676],[-65.2589,-26.9699],[-65.2577,-26.9707],[-65.256,-26.9692],[-65.2541,-26.9696],[-65.2544,-26.9713],[-65.2555,-26.972],[-65.2546,-26.9735],[-65.2516,-26.9727],[-65.2524,-26.9782],[-65.2558,-26.9761],[-65.2582,-26.9769],[-65.2598,-26.9795],[-65.2597,-26.9811],[-65.2607,-26.9817],[-65.2598,-26.9852],[-65.2606,-26.9861],[-65.2644,-26.9863],[-65.265,-26.9875],[-65.2622,-26.989],[-65.2603,-26.9915],[-65.2594,-26.994],[-65.2601,-26.9949],[-65.2636,-26.9964],[-65.2632,-26.999],[-65.2612,-26.9984],[-65.2591,-26.9992],[-65.2591,-27.0016],[-65.261,-27.003],[-65.2603,-27.0042],[-65.2587,-27.004],[-65.2581,-27.0052],[-65.2588,-27.0068],[-65.2603,-27.0082],[-65.2607,-27.0099],[-65.2628,-27.0078],[-65.2628,-27.0064],[-65.2653,-27.0058],[-65.2658,-27.0076],[-65.2673,-27.0096],[-65.2648,-27.0106],[-65.264,-27.0088],[-65.2626,-27.0086],[-65.2626,-27.0102],[-65.2638,-27.0121],[-65.2638,-27.0138],[-65.2659,-27.0139],[-65.2678,-27.0116],[-65.2691,-27.0127],[-65.2668,-27.0144],[-65.2658,-27.0173],[-65.2667,-27.019],[-65.2687,-27.0184],[-65.27,-27.0203],[-65.2682,-27.0212],[-65.2664,-27.0202],[-65.2644,-27.0203],[-65.2636,-27.0217],[-65.2589,-27.0232],[-65.2566,-27.0224],[-65.257,-27.02],[-65.2597,-27.0181],[-65.2606,-27.0166],[-65.2604,-27.0153],[-65.2581,-27.0128],[-65.2555,-27.014],[-65.2547,-27.0127],[-65.2547,-27.0108],[-65.2522,-27.0077],[-65.25,-27.0083],[-65.2487,-27.0077],[-65.2475,-27.0051],[-65.2451,-27.0045],[-65.2439,-27.0026],[-65.2448,-27.0012],[-65.2469,-26.9997],[-65.2499,-27.0006],[-65.251,-27.0001],[-65.251,-26.9984],[-65.2496,-26.997],[-65.246,-26.9975],[-65.245,-26.9961],[-65.2458,-26.9928],[-65.2463,-26.9923],[-65.2496,-26.9916],[-65.2483,-26.9895],[-65.2429,-26.9877],[-65.2419,-26.9865],[-65.2418,-26.9851],[-65.2438,-26.9838],[-65.2422,-26.9802],[-65.2418,-26.977],[-65.2403,-26.9759],[-65.2381,-26.9763],[-65.2376,-26.9811],[-65.2348,-26.9806],[-65.2328,-26.9795],[-65.2325,-26.9774],[-65.2336,-26.9743],[-65.2355,-26.9712],[-65.2347,-26.9683],[-65.233,-26.9678],[-65.2288,-26.9686],[-65.2292,-26.9675],[-65.2258,-26.9656],[-65.224,-26.9636],[-65.2249,-26.9626],[-65.2241,-26.9611],[-65.2207,-26.9577],[-65.2205,-26.955],[-65.219,-26.9536],[-65.2167,-26.9536],[-65.2152,-26.9522],[-65.2154,-26.9498],[-65.2187,-26.9494],[-65.2165,-26.9478],[-65.2155,-26.9457],[-65.2164,-26.9439],[-65.2192,-26.9415],[-65.2183,-26.9398],[-65.2198,-26.9381],[-65.2198,-26.9369],[-65.2177,-26.9366],[-65.2172,-26.9392],[-65.2148,-26.9409],[-65.2127,-26.9386],[-65.2109,-26.9375],[-65.212,-26.9357],[-65.2141,-26.9342],[-65.2152,-26.9327],[-65.215,-26.9309],[-65.2121,-26.9297],[-65.2083,-26.9289],[-65.208,-26.928],[-65.21,-26.9263],[-65.2128,-26.9255],[-65.213,-26.9237],[-65.2113,-26.9223],[-65.2126,-26.9205],[-65.2148,-26.9193],[-65.2142,-26.9178],[-65.2102,-26.9177],[-65.2084,-26.9172],[-65.2079,-26.9158],[-65.2092,-26.9142],[-65.2135,-26.9124],[-65.2144,-26.9111],[-65.2144,-26.906],[-65.2166,-26.9037],[-65.221,-26.9003],[-65.2226,-26.8986],[-65.2258,-26.8937],[-65.2303,-26.8865],[-65.2306,-26.8848],[-65.23,-26.8781],[-65.23,-26.8685],[-65.2356,-26.8638],[-65.2432,-26.8623],[-65.2707,-26.8572],[-65.2714,-26.8553],[-65.2729,-26.8544],[-65.2748,-26.8505],[-65.2722,-26.8475],[-65.2698,-26.8464],[-65.2678,-26.8424],[-65.2693,-26.841],[-65.2708,-26.8367],[-65.2706,-26.8361],[-65.271,-26.8362],[-65.2929,-26.8327],[-65.2955,-26.8336],[-65.3,-26.8341],[-65.3067,-26.8331],[-65.3071,-26.8373],[-65.3077,-26.8391],[-65.3149,-26.8379],[-65.3141,-26.835],[-65.3139,-26.832],[-65.3167,-26.8289],[-65.3245,-26.8276],[-65.3408,-26.8252],[-65.3706,-26.82],[-65.3729,-26.8265],[-65.3776,-26.8265],[-65.4249,-26.817],[-65.4324,-26.8153],[-65.4314,-26.8088],[-65.4318,-26.8085]]]},"properties":{"id":478,"departamento":"LULES","cabecera":"LUNES","provincia":"TUCUMAN"}},
{"type":"Feature","geometry":{"type":"Polygon","coordinates":[[[-65.4701,-27.3],[-65.4696,-27.2977],[-65.4677,-27.2978],[-65.4655,-27.2943],[-65.463,-27.2819],[-65.461,-27.2729],[-65.4598,-27.2731],[-65.4585,-27.2675],[-65.4611,-27.267],[-65.46,-27.2617],[-65.4643,-27.2609],[-65.4607,-27.246],[-65.459,-27.2463],[-65.4561,-27.2343],[-65.4527,-27.2357],[-65.4506,-27.2345],[-65.4499,-27.2301],[-65.4483,-27.2272],[-65.446,-27.2169],[-65.4451,-27.2176],[-65.4424,-27.2179],[-65.4423,-27.2192],[-65.4387,-27.2201],[-65.4377,-27.2149],[-65.4363,-27.2093],[-65.4226,-27.2173],[-65.4215,-27.2111],[-65.4204,-27.2102],[-65.4167,-27.211],[-65.4154,-27.204],[-65.4124,-27.2045],[-65.4106,-27.1942],[-65.4079,-27.1831],[-65.4024,-27.1785],[-65.4012,-27.1755],[-65.4001,-27.1746],[-65.3948,-27.1744],[-65.3925,-27.1757],[-65.3915,-27.1769],[-65.3856,-27.1813],[-65.3844,-27.1819],[-65.3793,-27.1832],[-65.3733,-27.1824],[-65.3694,-27.1807],[-65.3644,-27.18],[-65.3623,-27.1765],[-65.3628,-27.1755],[-65.3661,-27.1768],[-65.3667,-27.176],[-65.365,-27.1743],[-65.3655,-27.1731],[-65.3692,-27.1732],[-65.3717,-27.1717],[-65.3709,-27.1708],[-65.3706,-27.1665],[-65.3696,-27.1651],[-65.369,-27.162],[-65.3703,-27.1617],[-65.3719,-27.1625],[-65.3731,-27.1593],[-65.3745,-27.159],[-65.3756,-27.1605],[-65.3754,-27.1628],[-65.3776,-27.163],[-65.3772,-27.1607],[-65.3795,-27.1603],[-65.3776,-27.1584],[-65.3782,-27.1565],[-65.3797,-27.157],[-65.3832,-27.1562],[-65.3872,-27.1545],[-65.3895,-27.1543],[-65.3907,-27.1527],[-65.3894,-27.1516],[-65.3867,-27.1532],[-65.385,-27.1526],[-65.3855,-27.1511],[-65.3907,-27.1493],[-65.3927,-27.1492],[-65.3943,-27.1499],[-65.397,-27.1495],[-65.3983,-27.1513],[-65.398,-27.1531],[-65.3996,-27.1531],[-65.4007,-27.1512],[-65.4006,-27.1499],[-65.404,-27.148],[-65.4049,-27.145],[-65.4065,-27.1443],[-65.4099,-27.1445],[-65.4113,-27.1432],[-65.4125,-27.1438],[-65.4132,-27.1456],[-65.415,-27.1448],[-65.415,-27.1433],[-65.4138,-27.1418],[-65.4122,-27.142],[-65.4097,-27.1412],[-65.4085,-27.1395],[-65.4094,-27.1375],[-65.4106,-27.1364],[-65.4133,-27.1353],[-65.4153,-27.1334],[-65.4174,-27.1322],[-65.4197,-27.1319],[-65.4213,-27.1304],[-65.4241,-27.1311],[-65.4246,-27.1306],[-65.4235,-27.1281],[-65.4239,-27.1267],[-65.4256,-27.1262],[-65.4265,-27.1277],[-65.4277,-27.1312],[-65.4292,-27.1314],[-65.431,-27.1297],[-65.4306,-27.1282],[-65.4288,-27.1251],[-65.4299,-27.1234],[-65.431,-27.1237],[-65.4314,-27.1259],[-65.4331,-27.1271],[-65.4337,-27.1248],[-65.4355,-27.1246],[-65.4366,-27.1258],[-65.438,-27.1238],[-65.4405,-27.124],[-65.4441,-27.1228],[-65.443,-27.1207],[-65.4427,-27.1187],[-65.4435,-27.118],[-65.4453,-27.118],[-65.4458,-27.1205],[-65.4473,-27.1204],[-65.448,-27.1183],[-65.4497,-27.1176],[-65.4514,-27.116],[-65.4538,-27.1157],[-65.4564,-27.1168],[-65.4584,-27.1167],[-65.4595,-27.1151],[-65.4576,-27.1149],[-65.4571,-27.1129],[-65.4611,-27.1127],[-65.4647,-27.111],[-65.4643,-27.1089],[-65.465,-27.108],[-65.4666,-27.1081],[-65.4697,-27.1095],[-65.4706,-27.1079],[-65.4688,-27.1068],[-65.4681,-27.1053],[-65.4664,-27.104],[-65.4674,-27.1013],[-65.4698,-27.1004],[-65.472,-27.1023],[-65.4756,-27.1009],[-65.4761,-27.0987],[-65.4749,-27.0972],[-65.4752,-27.0963],[-65.4791,-27.0952],[-65.4821,-27.0977],[-65.4851,-27.0956],[-65.4824,-27.0932],[-65.4837,-27.0912],[-65.486,-27.0902],[-65.4873,-27.0889],[-65.4885,-27.0845],[-65.4885,-27.0825],[-65.4879,-27.0803],[-65.485,-27.0758],[-65.485,-27.0738],[-65.4839,-27.0718],[-65.4805,-27.0701],[-65.4797,-27.0651],[-65.4782,-27.0623],[-65.4768,-27.0611],[-65.4768,-27.0582],[-65.4775,-27.0568],[-65.4774,-27.0549],[-65.4785,-27.0521],[-65.4779,-27.0469],[-65.4786,-27.0436],[-65.4804,-27.0424],[-65.4812,-27.0407],[-65.4835,-27.0388],[-65.4843,-27.0376],[-65.4832,-27.0337],[-65.4855,-27.0317],[-65.4857,-27.0306],[-65.4871,-27.0292],[-65.4867,-27.0279],[-65.4887,-27.0271],[-65.4893,-27.0235],[-65.4904,-27.0196],[-65.4948,-27.0161],[-65.495,-27.0197],[-65.4927,-27.024],[-65.4945,-27.025],[-65.4973,-27.0214],[-65.5003,-27.0199],[-65.5015,-27.0162],[-65.5076,-27.0113],[-65.51,-27.0123],[-65.5128,-27.0097],[-65.5154,-27.0051],[-65.5192,-27.0024],[-65.521,-27.0036],[-65.5276,-27.0018],[-65.5313,-26.9942],[-65.5301,-26.9927],[-65.5302,-26.9868],[-65.5358,-26.9827],[-65.5402,-26.9818],[-65.5479,-26.9708],[-65.5434,-26.9683],[-65.5493,-26.9645],[-65.5543,-26.9603],[-65.5637,-26.9587],[-65.5676,-26.9578],[-65.5735,-26.9521],[-65.574,-26.9497],[-65.5852,-26.94],[-65.5869,-26.9392],[-65.5924,-26.9335],[-65.6003,-26.9339],[-65.6003,-26.9324],[-65.6043,-26.9317],[-65.606,-26.9304],[-65.6066,-26.9286],[-65.6111,-26.9338],[-65.6399,-26.9222],[-65.6458,-26.9339],[-65.6569,-26.93],[-65.6566,-26.9343],[-65.6557,-26.9379],[-65.6521,-26.9406],[-65.6522,-26.945],[-65.6497,-26.9494],[-65.6481,-26.9529],[-65.6476,-26.9552],[-65.6625,-26.9528],[-65.6625,-26.9414],[-65.6725,-26.9423],[-65.6722,-26.9551],[-65.6808,-26.9776],[-65.6968,-26.9679],[-65.7092,-26.9717],[-65.6877,-26.9847],[-65.6898,-26.9863],[-65.6962,-26.9901],[-65.6992,-26.9923],[-65.7017,-26.9964],[-65.7029,-27.0006],[-65.7071,-27.0049],[-65.7113,-27.0096],[-65.7122,-27.0129],[-65.7145,-27.0179],[-65.7182,-27.0228],[-65.7194,-27.0253],[-65.7161,-27.0318],[-65.7213,-27.034],[-65.7303,-27.0356],[-65.7357,-27.0351],[-65.7424,-27.0352],[-65.7484,-27.0372],[-65.7526,-27.039],[-65.7636,-27.0422],[-65.7681,-27.0438],[-65.7801,-27.0472],[-65.7805,-27.0489],[-65.7795,-27.05],[-65.7803,-27.0537],[-65.7779,-27.0557],[-65.7785,-27.0578],[-65.7781,-27.059],[-65.7785,-27.0619],[-65.7772,-27.0665],[-65.7772,-27.0694],[-65.7757,-27.0715],[-65.7774,-27.0743],[-65.7761,-27.0778],[-65.7726,-27.0808],[-65.7725,-27.0819],[-65.7746,-27.0822],[-65.776,-27.0855],[-65.7759,-27.0885],[-65.7754,-27.0895],[-65.7735,-27.0903],[-65.7716,-27.0904],[-65.7705,-27.0924],[-65.7717,-27.0939],[-65.7749,-27.0934],[-65.7787,-27.0958],[-65.7808,-27.0983],[-65.781,-27.0997],[-65.7835,-27.0999],[-65.7864,-27.1008],[-65.7873,-27.1001],[-65.7875,-27.0975],[-65.7893,-27.0974],[-65.7906,-27.0981],[-65.7924,-27.097],[-65.7937,-27.0946],[-65.7915,-27.0931],[-65.7923,-27.091],[-65.7912,-27.0897],[-65.7927,-27.0887],[-65.7959,-27.0881],[-65.7972,-27.0866],[-65.7974,-27.0848],[-65.7961,-27.0831],[-65.7954,-27.0803],[-65.7965,-27.0791],[-65.7959,-27.0766],[-65.7949,-27.0752],[-65.7979,-27.075],[-65.8004,-27.0739],[-65.7997,-27.0723],[-65.7981,-27.071],[-65.7999,-27.0661],[-65.8016,-27.065],[-65.8021,-27.0636],[-65.8037,-27.0626],[-65.8055,-27.0627],[-65.8087,-27.0622],[-65.8103,-27.0633],[-65.8133,-27.0647],[-65.8151,-27.0647],[-65.8187,-27.0625],[-65.817,-27.0579],[-65.8174,-27.0562],[-65.8199,-27.0521],[-65.8174,-27.0501],[-65.8183,-27.0482],[-65.8184,-27.0464],[-65.8197,-27.0446],[-65.8227,-27.0439],[-65.8253,-27.0439],[-65.8232,-27.0393],[-65.8255,-27.0392],[-65.8271,-27.0381],[-65.8269,-27.0363],[-65.8287,-27.0366],[-65.8297,-27.0358],[-65.8296,-27.0341],[-65.8314,-27.0333],[-65.8328,-27.0339],[-65.8353,-27.0323],[-65.8351,-27.0309],[-65.8365,-27.0286],[-65.8392,-27.0279],[-65.8405,-27.0283],[-65.8421,-27.0276],[-65.8424,-27.0259],[-65.8458,-27.0248],[-65.8473,-27.023],[-65.8477,-27.0205],[-65.8517,-27.0183],[-65.8542,-27.0164],[-65.8542,-27.0149],[-65.8525,-27.0129],[-65.8525,-27.0102],[-65.8533,-27.008],[-65.8556,-27.0055],[-65.8551,-27.0037],[-65.8557,-27.0006],[-65.8558,-26.998],[-65.855,-26.9932],[-65.8552,-26.9914],[-65.857,-26.9888],[-65.8601,-26.9875],[-65.8609,-26.9866],[-65.8605,-26.9849],[-65.8615,-26.9833],[-65.8659,-26.9816],[-65.8689,-26.9814],[-65.8729,-26.9823],[-65.8751,-26.9816],[-65.8919,-26.9726],[-65.8912,-26.9751],[-65.896,-26.9781],[-65.8989,-26.9791],[-65.9036,-26.9787],[-65.9119,-26.9809],[-65.9138,-26.9826],[-65.9161,-26.9891],[-65.918,-26.9912],[-65.9157,-26.9929],[-65.9152,-26.9941],[-65.9152,-26.9968],[-65.9167,-26.999],[-65.9161,-27.0037],[-65.9145,-27.0051],[-65.9135,-27.0068],[-65.9153,-27.0123],[-65.9171,-27.0149],[-65.92,-27.0175],[-65.9218,-27.0182],[-65.9269,-27.0183],[-65.9315,-27.0172],[-65.9338,-27.0186],[-65.9385,-27.0194],[-65.9428,-27.0213],[-65.9464,-27.0234],[-65.9506,-27.0267],[-65.9518,-27.0281],[-65.9541,-27.0296],[-65.9562,-27.0325],[-65.9579,-27.033],[-65.9622,-27.0326],[-65.9643,-27.0331],[-65.9658,-27.0353],[-65.9648,-27.0382],[-65.9646,-27.0424],[-65.9653,-27.045],[-65.9651,-27.0485],[-65.9661,-27.0498],[-65.9683,-27.0514],[-65.9695,-27.0529],[-65.973,-27.0541],[-65.9313,-27.0875],[-65.9267,-27.0922],[-65.9229,-27.0957],[-65.9183,-27.0977],[-65.9017,-27.1002],[-65.8978,-27.1018],[-65.8939,-27.1048],[-65.8907,-27.1083],[-65.8884,-27.1112],[-65.884,-27.111],[-65.8807,-27.1123],[-65.872,-27.1171],[-65.8686,-27.1169],[-65.8611,-27.1182],[-65.8286,-27.137],[-65.8276,-27.1362],[-65.825,-27.1361],[-65.8231,-27.1369],[-65.8213,-27.1387],[-65.8201,-27.1414],[-65.8182,-27.1443],[-65.8182,-27.1478],[-65.8173,-27.1499],[-65.8147,-27.151],[-65.8131,-27.1527],[-65.8124,-27.1552],[-65.8087,-27.1559],[-65.8059,-27.1567],[-65.8047,-27.1564],[-65.8006,-27.1588],[-65.7992,-27.1616],[-65.8005,-27.1624],[-65.7999,-27.1636],[-65.7981,-27.1633],[-65.7975,-27.1641],[-65.7979,-27.1664],[-65.7971,-27.1684],[-65.799,-27.1697],[-65.7999,-27.1726],[-65.7981,-27.1756],[-65.7982,-27.1768],[-65.7971,-27.1782],[-65.7975,-27.1791],[-65.7999,-27.1806],[-65.7983,-27.1823],[-65.7978,-27.1864],[-65.7968,-27.1884],[-65.7976,-27.1905],[-65.7951,-27.1919],[-65.7973,-27.1936],[-65.7959,-27.1951],[-65.7943,-27.1945],[-65.7923,-27.1952],[-65.7899,-27.194],[-65.7882,-27.1949],[-65.7857,-27.1945],[-65.7835,-27.1962],[-65.7823,-27.1952],[-65.7789,-27.1936],[-65.7784,-27.1953],[-65.7767,-27.1948],[-65.7745,-27.1958],[-65.7709,-27.1992],[-65.7697,-27.1998],[-65.7666,-27.1998],[-65.7652,-27.2013],[-65.7616,-27.2019],[-65.7577,-27.2004],[-65.7544,-27.2006],[-65.7507,-27.1982],[-65.7477,-27.1976],[-65.746,-27.1965],[-65.7433,-27.1961],[-65.7412,-27.1979],[-65.739,-27.1973],[-65.7368,-27.1973],[-65.7353,-27.1983],[-65.7314,-27.198],[-65.7281,-27.1988],[-65.7242,-27.198],[-65.7223,-27.1968],[-65.7212,-27.1972],[-65.7192,-27.1995],[-65.7166,-27.1989],[-65.7127,-27.1999],[-65.7095,-27.199],[-65.7058,-27.1996],[-65.7044,-27.201],[-65.7017,-27.2008],[-65.6969,-27.2016],[-65.6948,-27.204],[-65.6944,-27.2072],[-65.6934,-27.2089],[-65.6911,-27.2113],[-65.6896,-27.214],[-65.69,-27.2194],[-65.689,-27.2217],[-65.6866,-27.2242],[-65.6836,-27.2265],[-65.68,-27.2274],[-65.6778,-27.2292],[-65.6756,-27.2305],[-65.6721,-27.2317],[-65.6691,-27.2346],[-65.6648,-27.237],[-65.659,-27.2389],[-65.6558,-27.2393],[-65.6528,-27.2385],[-65.6499,-27.24],[-65.6467,-27.2412],[-65.6427,-27.2416],[-65.6388,-27.2432],[-65.6355,-27.2463],[-65.634,-27.2489],[-65.633,-27.2499],[-65.6309,-27.2503],[-65.6269,-27.2523],[-65.6245,-27.2549],[-65.6226,-27.2538],[-65.6213,-27.2543],[-65.6194,-27.2565],[-65.617,-27.2583],[-65.6147,-27.2579],[-65.6124,-27.2584],[-65.6106,-27.2601],[-65.6081,-27.2597],[-65.6047,-27.2633],[-65.6018,-27.2646],[-65.5989,-27.2652],[-65.595,-27.2647],[-65.5929,-27.2665],[-65.5901,-27.2668],[-65.5889,-27.2684],[-65.588,-27.2713],[-65.5845,-27.2732],[-65.5831,-27.2749],[-65.5821,-27.2773],[-65.579,-27.2782],[-65.5776,-27.2775],[-65.5756,-27.2785],[-65.5722,-27.2795],[-65.5691,-27.2811],[-65.5657,-27.2808],[-65.5562,-27.2838],[-65.5481,-27.2847],[-65.5433,-27.2855],[-65.5409,-27.285],[-65.5383,-27.2839],[-65.5374,-27.2818],[-65.5372,-27.2794],[-65.5364,-27.2773],[-65.5347,-27.276],[-65.5321,-27.2762],[-65.5302,-27.2783],[-65.529,-27.2815],[-65.5287,-27.284],[-65.5293,-27.2864],[-65.5281,-27.2878],[-65.5241,-27.2895],[-65.5203,-27.2877],[-65.5181,-27.288],[-65.5167,-27.2896],[-65.5166,-27.2915],[-65.5137,-27.2909],[-65.5131,-27.2898],[-65.5109,-27.2887],[-65.5094,-27.2887],[-65.5102,-27.2917],[-65.5085,-27.2926],[-65.5069,-27.2951],[-65.5021,-27.2968],[-65.5008,-27.2958],[-65.499,-27.2933],[-65.4964,-27.2923],[-65.4944,-27.2926],[-65.4932,-27.2937],[-65.4928,-27.2951],[-65.4928,-27.2982],[-65.4903,-27.2987],[-65.4864,-27.2975],[-65.4838,-27.2981],[-65.4827,-27.2989],[-65.4815,-27.3011],[-65.4803,-27.2991],[-65.4769,-27.2983],[-65.4729,-27.2984],[-65.4701,-27.3]]]},"properties":{"id":479,"departamento":"MONTEROS","cabecera":"MONTEROS","provincia":"TUCUMAN"}},
{"type":"Feature","geometry":{"type":"Polygon","coordinates":[[[-65.0089,-27.4837],[-65.0011,-27.4517],[-64.9905,-27.4115],[-64.9743,-27.3506],[-64.9375,-27.3579],[-64.9344,-27.3444],[-64.8541,-27.3173],[-64.8419,-27.2632],[-64.8323,-27.2203],[-64.8279,-27.2222],[-64.8112,-27.1487],[-64.7985,-27.1506],[-64.7898,-27.1123],[-64.7812,-27.0766],[-64.8156,-27.0702],[-64.8143,-27.0641],[-64.8451,-27.0585],[-64.8564,-27.0565],[-64.8813,-27.0519],[-64.8839,-27.0515],[-64.8988,-27.0488],[-64.8985,-27.0471],[-64.9368,-27.04],[-64.9379,-27.0406],[-64.9419,-27.0376],[-64.9439,-27.0356],[-64.9466,-27.0348],[-64.9789,-27.0285],[-65.0053,-27.0232],[-65.0132,-27.0216],[-65.0465,-27.0151],[-65.0497,-27.0294],[-65.0588,-27.0276],[-65.0906,-27.0215],[-65.0977,-27.0203],[-65.1191,-27.0162],[-65.1213,-27.0259],[-65.1224,-27.0245],[-65.1319,-27.0226],[-65.1656,-27.0161],[-65.1654,-27.0147],[-65.1819,-27.0115],[-65.1814,-27.0097],[-65.1985,-27.0065],[-65.2034,-27.0057],[-65.2107,-27.0042],[-65.246,-26.9975],[-65.2496,-26.997],[-65.251,-26.9984],[-65.251,-27.0001],[-65.2499,-27.0006],[-65.2469,-26.9997],[-65.2448,-27.0012],[-65.2439,-27.0026],[-65.2451,-27.0045],[-65.2475,-27.0051],[-65.2487,-27.0077],[-65.25,-27.0083],[-65.2522,-27.0077],[-65.2547,-27.0108],[-65.2547,-27.0127],[-65.2555,-27.014],[-65.2581,-27.0128],[-65.2604,-27.0153],[-65.2606,-27.0166],[-65.2597,-27.0181],[-65.257,-27.02],[-65.2566,-27.0224],[-65.2589,-27.0232],[-65.2636,-27.0217],[-65.2644,-27.0203],[-65.2664,-27.0202],[-65.2682,-27.0212],[-65.27,-27.0203],[-65.2687,-27.0184],[-65.2667,-27.019],[-65.2658,-27.0173],[-65.2668,-27.0144],[-65.2691,-27.0127],[-65.2678,-27.0116],[-65.2659,-27.0139],[-65.2638,-27.0138],[-65.2638,-27.0121],[-65.2626,-27.0102],[-65.2626,-27.0086],[-65.264,-27.0088],[-65.2648,-27.0106],[-65.2673,-27.0096],[-65.2658,-27.0076],[-65.2653,-27.0058],[-65.2628,-27.0064],[-65.2628,-27.0078],[-65.2607,-27.0099],[-65.2603,-27.0082],[-65.2588,-27.0068],[-65.2581,-27.0052],[-65.2587,-27.004],[-65.2603,-27.0042],[-65.261,-27.003],[-65.2591,-27.0016],[-65.2591,-26.9992],[-65.2612,-26.9984],[-65.2632,-26.999],[-65.2636,-26.9964],[-65.2601,-26.9949],[-65.2594,-26.994],[-65.2603,-26.9915],[-65.2622,-26.989],[-65.265,-26.9875],[-65.2644,-26.9863],[-65.2606,-26.9861],[-65.2598,-26.9852],[-65.2607,-26.9817],[-65.2597,-26.9811],[-65.2598,-26.9795],[-65.2582,-26.9769],[-65.2558,-26.9761],[-65.2524,-26.9782],[-65.2516,-26.9727],[-65.2546,-26.9735],[-65.2555,-26.972],[-65.2544,-26.9713],[-65.2541,-26.9696],[-65.256,-26.9692],[-65.2577,-26.9707],[-65.2589,-26.9699],[-65.2568,-26.9676],[-65.2575,-26.9666],[-65.2597,-26.9672],[-65.2605,-26.966],[-65.2584,-26.9641],[-65.2577,-26.9624],[-65.2578,-26.9594],[-65.2599,-26.9586],[-65.261,-26.9562],[-65.2627,-26.9565],[-65.2648,-26.9551],[-65.263,-26.9539],[-65.2616,-26.9551],[-65.2601,-26.9541],[-65.2612,-26.9525],[-65.2633,-26.9521],[-65.2645,-26.9527],[-65.2671,-26.9517],[-65.2671,-26.9503],[-65.2718,-26.9465],[-65.2743,-26.9465],[-65.273,-26.9443],[-65.2745,-26.9426],[-65.2758,-26.9433],[-65.2762,-26.945],[-65.2782,-26.9448],[-65.2799,-26.9419],[-65.2839,-26.9411],[-65.2847,-26.94],[-65.2829,-26.9375],[-65.2846,-26.9377],[-65.2848,-26.9363],[-65.2833,-26.9357],[-65.2848,-26.9337],[-65.2853,-26.9308],[-65.2884,-26.9321],[-65.2908,-26.9318],[-65.2912,-26.9303],[-65.2882,-26.9312],[-65.2881,-26.9302],[-65.2907,-26.9282],[-65.2897,-26.9273],[-65.2928,-26.9259],[-65.2929,-26.9236],[-65.2952,-26.9222],[-65.2963,-26.9254],[-65.2974,-26.9266],[-65.2998,-26.9373],[-65.3042,-26.956],[-65.3058,-26.9632],[-65.3073,-26.9673],[-65.3076,-26.9698],[-65.3051,-26.9707],[-65.3019,-26.9707],[-65.3036,-26.9792],[-65.3061,-26.9807],[-65.3094,-26.9789],[-65.314,-26.9865],[-65.2976,-26.9945],[-65.2948,-26.9841],[-65.2839,-26.9865],[-65.2919,-27.0052],[-65.2938,-27.01],[-65.2942,-27.0128],[-65.2959,-27.0128],[-65.2999,-27.0184],[-65.3017,-27.0187],[-65.3002,-27.0157],[-65.3001,-27.014],[-65.2981,-27.0123],[-65.2986,-27.0113],[-65.3013,-27.0112],[-65.3036,-27.0119],[-65.303,-27.0098],[-65.3048,-27.0095],[-65.305,-27.0117],[-65.3131,-27.01],[-65.3148,-27.01],[-65.3151,-27.0112],[-65.312,-27.0117],[-65.3104,-27.0126],[-65.311,-27.0145],[-65.3095,-27.0151],[-65.3112,-27.0204],[-65.3101,-27.0207],[-65.3106,-27.0236],[-65.3107,-27.0275],[-65.312,-27.0274],[-65.3164,-27.0278],[-65.3169,-27.0301],[-65.3191,-27.0298],[-65.3188,-27.0326],[-65.3202,-27.0336],[-65.3242,-27.0331],[-65.3253,-27.0351],[-65.3257,-27.0373],[-65.3272,-27.0385],[-65.3265,-27.0395],[-65.3235,-27.0401],[-65.3224,-27.0414],[-65.3221,-27.0432],[-65.3241,-27.0429],[-65.3253,-27.0462],[-65.3246,-27.0488],[-65.3233,-27.0497],[-65.3264,-27.0505],[-65.3286,-27.0504],[-65.329,-27.0529],[-65.3302,-27.0548],[-65.3291,-27.0554],[-65.3307,-27.0577],[-65.3318,-27.0581],[-65.3331,-27.0562],[-65.3348,-27.0567],[-65.3318,-27.0596],[-65.3361,-27.0601],[-65.3376,-27.0624],[-65.3371,-27.0638],[-65.3373,-27.0663],[-65.3381,-27.0684],[-65.3374,-27.0698],[-65.3382,-27.0706],[-65.3412,-27.0713],[-65.3402,-27.073],[-65.3421,-27.0748],[-65.3448,-27.0753],[-65.3461,-27.0769],[-65.3448,-27.079],[-65.3429,-27.0795],[-65.344,-27.0812],[-65.3455,-27.0813],[-65.348,-27.0827],[-65.3487,-27.0859],[-65.3508,-27.0864],[-65.3514,-27.0874],[-65.3494,-27.0894],[-65.3491,-27.0907],[-65.3502,-27.0924],[-65.3499,-27.0941],[-65.3475,-27.0943],[-65.3457,-27.095],[-65.345,-27.0966],[-65.3457,-27.0985],[-65.3455,-27.1002],[-65.3431,-27.1019],[-65.343,-27.1031],[-65.3441,-27.1045],[-65.3485,-27.1036],[-65.3524,-27.1024],[-65.3511,-27.105],[-65.3517,-27.1082],[-65.3525,-27.109],[-65.354,-27.1076],[-65.3552,-27.1081],[-65.3579,-27.1072],[-65.36,-27.1055],[-65.3619,-27.1047],[-65.3607,-27.1036],[-65.3625,-27.1028],[-65.3635,-27.1032],[-65.3705,-27.1009],[-65.3736,-27.0995],[-65.3741,-27.0986],[-65.3765,-27.0982],[-65.3783,-27.0971],[-65.379,-27.0957],[-65.3841,-27.0929],[-65.39,-27.0887],[-65.3935,-27.1035],[-65.3934,-27.1047],[-65.3959,-27.104],[-65.4027,-27.1156],[-65.4052,-27.1148],[-65.4073,-27.1189],[-65.4093,-27.1189],[-65.4111,-27.1169],[-65.4122,-27.1174],[-65.4141,-27.1155],[-65.4189,-27.1144],[-65.42,-27.1125],[-65.4219,-27.1121],[-65.4236,-27.1186],[-65.4202,-27.1206],[-65.4224,-27.1278],[-65.4255,-27.1252],[-65.4265,-27.1277],[-65.4256,-27.1262],[-65.4239,-27.1267],[-65.4235,-27.1281],[-65.4246,-27.1306],[-65.4241,-27.1311],[-65.4213,-27.1304],[-65.4197,-27.1319],[-65.4174,-27.1322],[-65.4153,-27.1334],[-65.4133,-27.1353],[-65.4106,-27.1364],[-65.4094,-27.1375],[-65.4085,-27.1395],[-65.4097,-27.1412],[-65.4122,-27.142],[-65.4138,-27.1418],[-65.415,-27.1433],[-65.415,-27.1448],[-65.4132,-27.1456],[-65.4125,-27.1438],[-65.4113,-27.1432],[-65.4099,-27.1445],[-65.4065,-27.1443],[-65.4049,-27.145],[-65.404,-27.148],[-65.4006,-27.1499],[-65.4007,-27.1512],[-65.3996,-27.1531],[-65.398,-27.1531],[-65.3983,-27.1513],[-65.397,-27.1495],[-65.3943,-27.1499],[-65.3927,-27.1492],[-65.3907,-27.1493],[-65.3855,-27.1511],[-65.385,-27.1526],[-65.3867,-27.1532],[-65.3894,-27.1516],[-65.3907,-27.1527],[-65.3895,-27.1543],[-65.3872,-27.1545],[-65.3832,-27.1562],[-65.3797,-27.157],[-65.3782,-27.1565],[-65.3776,-27.1584],[-65.3795,-27.1603],[-65.3772,-27.1607],[-65.3776,-27.163],[-65.3754,-27.1628],[-65.3756,-27.1605],[-65.3745,-27.159],[-65.3731,-27.1593],[-65.3719,-27.1625],[-65.3703,-27.1617],[-65.369,-27.162],[-65.3696,-27.1651],[-65.3706,-27.1665],[-65.3709,-27.1708],[-65.3717,-27.1717],[-65.3692,-27.1732],[-65.3655,-27.1731],[-65.365,-27.1743],[-65.3667,-27.176],[-65.3661,-27.1768],[-65.3628,-27.1755],[-65.3623,-27.1765],[-65.3644,-27.18],[-65.3601,-27.1802],[-65.3588,-27.1793],[-65.3544,-27.1802],[-65.3517,-27.1818],[-65.3498,-27.184],[-65.3481,-27.1871],[-65.3469,-27.1902],[-65.3461,-27.1934],[-65.3444,-27.1962],[-65.3416,-27.1997],[-65.3396,-27.2008],[-65.3373,-27.2009],[-65.3347,-27.2022],[-65.3335,-27.2048],[-65.3335,-27.2072],[-65.3345,-27.2102],[-65.3365,-27.2137],[-65.335,-27.2165],[-65.3322,-27.218],[-65.3293,-27.2176],[-65.3261,-27.2157],[-65.3245,-27.2158],[-65.3222,-27.2172],[-65.3201,-27.2209],[-65.318,-27.2217],[-65.3156,-27.2218],[-65.3143,-27.2211],[-65.3102,-27.2211],[-65.309,-27.2203],[-65.3074,-27.2214],[-65.3028,-27.2231],[-65.3,-27.2254],[-65.2992,-27.2285],[-65.2994,-27.2303],[-65.3011,-27.2337],[-65.3025,-27.2353],[-65.3051,-27.2368],[-65.3045,-27.2396],[-65.3032,-27.2414],[-65.3037,-27.2431],[-65.3053,-27.2437],[-65.3059,-27.2456],[-65.3047,-27.2479],[-65.3001,-27.2505],[-65.2991,-27.2525],[-65.2998,-27.2535],[-65.2979,-27.2565],[-65.2978,-27.2584],[-65.2988,-27.2612],[-65.3007,-27.2628],[-65.3012,-27.2665],[-65.3008,-27.2673],[-65.2984,-27.2684],[-65.2954,-27.2689],[-65.288,-27.2692],[-65.2871,-27.2695],[-65.2739,-27.2825],[-65.2721,-27.2838],[-65.265,-27.2875],[-65.2625,-27.2886],[-65.2597,-27.2893],[-65.2536,-27.2928],[-65.2506,-27.2949],[-65.2469,-27.2983],[-65.2442,-27.3022],[-65.2419,-27.3044],[-65.2406,-27.3045],[-65.2395,-27.3059],[-65.2354,-27.3093],[-65.2331,-27.3117],[-65.2307,-27.3167],[-65.2273,-27.3163],[-65.2229,-27.3147],[-65.2187,-27.3146],[-65.2171,-27.3157],[-65.2161,-27.3184],[-65.2162,-27.3202],[-65.2171,-27.3218],[-65.2178,-27.3258],[-65.2166,-27.3286],[-65.2177,-27.3312],[-65.2197,-27.3322],[-65.2191,-27.3337],[-65.2163,-27.3347],[-65.2134,-27.3378],[-65.2126,-27.3415],[-65.2134,-27.3424],[-65.2082,-27.3456],[-65.2076,-27.3478],[-65.2047,-27.3493],[-65.2031,-27.3492],[-65.2005,-27.3499],[-65.2017,-27.3526],[-65.1979,-27.3545],[-65.1957,-27.3548],[-65.1935,-27.359],[-65.1934,-27.3618],[-65.1899,-27.3639],[-65.1858,-27.3658],[-65.1798,-27.3631],[-65.1752,-27.3633],[-65.1739,-27.3641],[-65.1715,-27.3643],[-65.1705,-27.3656],[-65.1676,-27.3679],[-65.169,-27.3685],[-65.1671,-27.3717],[-65.1622,-27.3711],[-65.1572,-27.372],[-65.1561,-27.3729],[-65.1536,-27.3781],[-65.1511,-27.3806],[-65.1458,-27.3831],[-65.1435,-27.387],[-65.143,-27.3911],[-65.1439,-27.3941],[-65.1413,-27.3964],[-65.1376,-27.3981],[-65.1328,-27.401],[-65.1288,-27.4038],[-65.1278,-27.4052],[-65.1269,-27.408],[-65.1244,-27.4081],[-65.1234,-27.4062],[-65.1216,-27.406],[-65.1182,-27.4082],[-65.1171,-27.4099],[-65.1171,-27.4133],[-65.1164,-27.4157],[-65.1144,-27.4182],[-65.1137,-27.4204],[-65.1139,-27.4232],[-65.1133,-27.4248],[-65.1115,-27.4264],[-65.108,-27.4276],[-65.106,-27.4271],[-65.0998,-27.4287],[-65.098,-27.4286],[-65.0965,-27.4278],[-65.0964,-27.4257],[-65.0971,-27.4229],[-65.0964,-27.4214],[-65.0945,-27.4203],[-65.0921,-27.4219],[-65.0921,-27.4242],[-65.0907,-27.4273],[-65.0886,-27.4285],[-65.0884,-27.43],[-65.0888,-27.4339],[-65.0886,-27.4386],[-65.0941,-27.4426],[-65.0998,-27.4429],[-65.1017,-27.4433],[-65.1043,-27.4455],[-65.1042,-27.4469],[-65.1031,-27.4478],[-65.0992,-27.4463],[-65.0958,-27.4469],[-65.0949,-27.4483],[-65.0962,-27.451],[-65.0942,-27.454],[-65.0917,-27.4549],[-65.0865,-27.4527],[-65.0845,-27.4543],[-65.0812,-27.4562],[-65.0803,-27.4576],[-65.0763,-27.4581],[-65.0711,-27.4575],[-65.0676,-27.4588],[-65.0656,-27.4587],[-65.0641,-27.4612],[-65.0632,-27.4615],[-65.0619,-27.4587],[-65.0622,-27.4552],[-65.0635,-27.4546],[-65.0633,-27.452],[-65.0619,-27.4518],[-65.0628,-27.4448],[-65.061,-27.4487],[-65.0594,-27.4514],[-65.0576,-27.453],[-65.0568,-27.4556],[-65.0537,-27.4575],[-65.0517,-27.4593],[-65.0498,-27.4619],[-65.0478,-27.468],[-65.0455,-27.4705],[-65.0437,-27.474],[-65.0404,-27.4777],[-65.0357,-27.4804],[-65.0303,-27.4828],[-65.0265,-27.4834],[-65.0089,-27.4837]]]},"properties":{"id":480,"departamento":"LEALES","cabecera":"BELLA VISTA","provincia":"TUCUMAN"}},
{"type":"Feature","geometry":{"type":"Polygon","coordinates":[[[-65.624,-26.8253],[-65.6231,-26.8268],[-65.6243,-26.8359],[-65.6244,-26.8391],[-65.627,-26.8415],[-65.6283,-26.8472],[-65.6298,-26.8499],[-65.6284,-26.8585],[-65.6273,-26.8637],[-65.6276,-26.8641],[-65.6283,-26.8703],[-65.628,-26.871],[-65.6287,-26.8763],[-65.6295,-26.8761],[-65.6316,-26.8774],[-65.6336,-26.8773],[-65.6368,-26.8807],[-65.6393,-26.8857],[-65.6389,-26.8941],[-65.6415,-26.8952],[-65.6475,-26.8921],[-65.6474,-26.891],[-65.6522,-26.8908],[-65.6569,-26.8993],[-65.6572,-26.9031],[-65.66,-26.9047],[-65.661,-26.9076],[-65.6632,-26.9102],[-65.6623,-26.9132],[-65.6585,-26.9231],[-65.6567,-26.9231],[-65.6562,-26.9278],[-65.6569,-26.93],[-65.6458,-26.9339],[-65.6399,-26.9222],[-65.6111,-26.9338],[-65.6066,-26.9286],[-65.606,-26.9304],[-65.6043,-26.9317],[-65.6003,-26.9324],[-65.6003,-26.9339],[-65.5924,-26.9335],[-65.5869,-26.9392],[-65.5852,-26.94],[-65.574,-26.9497],[-65.5735,-26.9521],[-65.5676,-26.9578],[-65.5637,-26.9587],[-65.5543,-26.9603],[-65.5493,-26.9645],[-65.5434,-26.9683],[-65.5479,-26.9708],[-65.5402,-26.9818],[-65.5358,-26.9827],[-65.5302,-26.9868],[-65.5301,-26.9927],[-65.5313,-26.9942],[-65.5276,-27.0018],[-65.521,-27.0036],[-65.5192,-27.0024],[-65.5154,-27.0051],[-65.5128,-27.0097],[-65.51,-27.0123],[-65.5076,-27.0113],[-65.5015,-27.0162],[-65.5003,-27.0199],[-65.4973,-27.0214],[-65.4945,-27.025],[-65.4927,-27.024],[-65.495,-27.0197],[-65.4948,-27.0161],[-65.4904,-27.0196],[-65.4893,-27.0235],[-65.4887,-27.0271],[-65.4867,-27.0279],[-65.4871,-27.0292],[-65.4857,-27.0306],[-65.4855,-27.0317],[-65.4832,-27.0337],[-65.4843,-27.0376],[-65.4835,-27.0388],[-65.4812,-27.0407],[-65.4804,-27.0424],[-65.4786,-27.0436],[-65.4779,-27.0469],[-65.4785,-27.0521],[-65.4774,-27.0549],[-65.4775,-27.0568],[-65.4768,-27.0582],[-65.4768,-27.0611],[-65.4782,-27.0623],[-65.4797,-27.0651],[-65.4805,-27.0701],[-65.4839,-27.0718],[-65.485,-27.0738],[-65.485,-27.0758],[-65.4879,-27.0803],[-65.4885,-27.0825],[-65.4885,-27.0845],[-65.4873,-27.0889],[-65.486,-27.0902],[-65.4837,-27.0912],[-65.4824,-27.0932],[-65.4851,-27.0956],[-65.4821,-27.0977],[-65.4791,-27.0952],[-65.4752,-27.0963],[-65.4749,-27.0972],[-65.4761,-27.0987],[-65.4756,-27.1009],[-65.472,-27.1023],[-65.4698,-27.1004],[-65.4674,-27.1013],[-65.4664,-27.104],[-65.4681,-27.1053],[-65.4688,-27.1068],[-65.4706,-27.1079],[-65.4697,-27.1095],[-65.4666,-27.1081],[-65.465,-27.108],[-65.4643,-27.1089],[-65.4647,-27.111],[-65.4611,-27.1127],[-65.4571,-27.1129],[-65.4576,-27.1149],[-65.4595,-27.1151],[-65.4584,-27.1167],[-65.4564,-27.1168],[-65.4538,-27.1157],[-65.4514,-27.116],[-65.4497,-27.1176],[-65.448,-27.1183],[-65.4473,-27.1204],[-65.4458,-27.1205],[-65.4453,-27.118],[-65.4435,-27.118],[-65.4427,-27.1187],[-65.443,-27.1207],[-65.4441,-27.1228],[-65.4405,-27.124],[-65.438,-27.1238],[-65.4366,-27.1258],[-65.4355,-27.1246],[-65.4337,-27.1248],[-65.4331,-27.1271],[-65.4314,-27.1259],[-65.431,-27.1237],[-65.4299,-27.1234],[-65.4288,-27.1251],[-65.4306,-27.1282],[-65.431,-27.1297],[-65.4292,-27.1314],[-65.4277,-27.1312],[-65.4265,-27.1277],[-65.4255,-27.1252],[-65.4224,-27.1278],[-65.4202,-27.1206],[-65.4236,-27.1186],[-65.4219,-27.1121],[-65.42,-27.1125],[-65.4189,-27.1144],[-65.4141,-27.1155],[-65.4122,-27.1174],[-65.4111,-27.1169],[-65.4093,-27.1189],[-65.4073,-27.1189],[-65.4052,-27.1148],[-65.4027,-27.1156],[-65.3959,-27.104],[-65.3934,-27.1047],[-65.3935,-27.1035],[-65.39,-27.0887],[-65.3841,-27.0929],[-65.379,-27.0957],[-65.3783,-27.0971],[-65.3765,-27.0982],[-65.3741,-27.0986],[-65.3736,-27.0995],[-65.3705,-27.1009],[-65.3635,-27.1032],[-65.3625,-27.1028],[-65.3607,-27.1036],[-65.3619,-27.1047],[-65.36,-27.1055],[-65.3579,-27.1072],[-65.3552,-27.1081],[-65.354,-27.1076],[-65.3525,-27.109],[-65.3517,-27.1082],[-65.3511,-27.105],[-65.3524,-27.1024],[-65.3485,-27.1036],[-65.3441,-27.1045],[-65.343,-27.1031],[-65.3431,-27.1019],[-65.3455,-27.1002],[-65.3457,-27.0985],[-65.345,-27.0966],[-65.3457,-27.095],[-65.3475,-27.0943],[-65.3499,-27.0941],[-65.3502,-27.0924],[-65.3491,-27.0907],[-65.3494,-27.0894],[-65.3514,-27.0874],[-65.3508,-27.0864],[-65.3487,-27.0859],[-65.348,-27.0827],[-65.3455,-27.0813],[-65.344,-27.0812],[-65.3429,-27.0795],[-65.3448,-27.079],[-65.3461,-27.0769],[-65.3448,-27.0753],[-65.3421,-27.0748],[-65.3402,-27.073],[-65.3412,-27.0713],[-65.3382,-27.0706],[-65.3374,-27.0698],[-65.3381,-27.0684],[-65.3373,-27.0663],[-65.3371,-27.0638],[-65.3376,-27.0624],[-65.3361,-27.0601],[-65.3318,-27.0596],[-65.3348,-27.0567],[-65.3331,-27.0562],[-65.3318,-27.0581],[-65.3307,-27.0577],[-65.3291,-27.0554],[-65.3302,-27.0548],[-65.329,-27.0529],[-65.3286,-27.0504],[-65.3264,-27.0505],[-65.3233,-27.0497],[-65.3246,-27.0488],[-65.3253,-27.0462],[-65.3241,-27.0429],[-65.3221,-27.0432],[-65.3224,-27.0414],[-65.3235,-27.0401],[-65.3265,-27.0395],[-65.3272,-27.0385],[-65.3257,-27.0373],[-65.3253,-27.0351],[-65.3242,-27.0331],[-65.3261,-27.0296],[-65.3284,-27.0284],[-65.3293,-27.026],[-65.3292,-27.0243],[-65.331,-27.0225],[-65.331,-27.0211],[-65.3329,-27.0216],[-65.3353,-27.023],[-65.3371,-27.0214],[-65.3385,-27.0217],[-65.3403,-27.0206],[-65.3424,-27.0207],[-65.344,-27.0215],[-65.346,-27.0212],[-65.3488,-27.0181],[-65.3504,-27.0172],[-65.351,-27.0159],[-65.3506,-27.0137],[-65.354,-27.0118],[-65.3535,-27.0091],[-65.3552,-27.0098],[-65.3569,-27.0093],[-65.355,-27.0077],[-65.3548,-27.0065],[-65.3558,-27.005],[-65.3575,-27.0041],[-65.3604,-27.0016],[-65.3607,-27],[-65.3618,-26.9988],[-65.3637,-26.9991],[-65.365,-26.9984],[-65.3633,-26.9968],[-65.3643,-26.9938],[-65.3639,-26.9909],[-65.3649,-26.9892],[-65.3634,-26.9881],[-65.3629,-26.9861],[-65.3656,-26.9872],[-65.3667,-26.9868],[-65.3665,-26.9835],[-65.3691,-26.984],[-65.3708,-26.9837],[-65.3729,-26.9807],[-65.3725,-26.9791],[-65.3737,-26.974],[-65.3728,-26.9711],[-65.3753,-26.9702],[-65.3763,-26.9688],[-65.3748,-26.9663],[-65.3755,-26.9659],[-65.3819,-26.9643],[-65.384,-26.9633],[-65.3892,-26.9584],[-65.3902,-26.956],[-65.3945,-26.9555],[-65.3977,-26.9524],[-65.4004,-26.9524],[-65.4007,-26.9547],[-65.4032,-26.9533],[-65.4057,-26.9535],[-65.4064,-26.9543],[-65.4055,-26.9559],[-65.4072,-26.9564],[-65.4083,-26.9559],[-65.4092,-26.9527],[-65.4089,-26.9476],[-65.4112,-26.9451],[-65.4148,-26.9435],[-65.4182,-26.9441],[-65.4199,-26.9418],[-65.4219,-26.9412],[-65.4217,-26.9393],[-65.4232,-26.938],[-65.4236,-26.9362],[-65.4256,-26.9363],[-65.4265,-26.9374],[-65.428,-26.9369],[-65.4275,-26.934],[-65.43,-26.9304],[-65.4308,-26.928],[-65.4329,-26.9269],[-65.433,-26.9248],[-65.435,-26.925],[-65.4348,-26.9265],[-65.437,-26.9268],[-65.4407,-26.928],[-65.4416,-26.9289],[-65.444,-26.9264],[-65.445,-26.9239],[-65.4474,-26.9224],[-65.4471,-26.9188],[-65.4481,-26.9162],[-65.4497,-26.914],[-65.4489,-26.9121],[-65.4496,-26.9091],[-65.4486,-26.9067],[-65.4494,-26.9048],[-65.4489,-26.9012],[-65.4513,-26.9006],[-65.4522,-26.8986],[-65.4539,-26.8981],[-65.4555,-26.8959],[-65.4581,-26.8948],[-65.4589,-26.8928],[-65.4607,-26.8929],[-65.4618,-26.8912],[-65.4619,-26.8875],[-65.4636,-26.8863],[-65.4636,-26.8846],[-65.466,-26.8845],[-65.4665,-26.8824],[-65.4688,-26.8825],[-65.47,-26.8834],[-65.473,-26.8821],[-65.4754,-26.8817],[-65.4767,-26.8828],[-65.4785,-26.8828],[-65.4808,-26.8837],[-65.4832,-26.8797],[-65.4855,-26.8765],[-65.485,-26.8758],[-65.4861,-26.8738],[-65.4883,-26.8726],[-65.4904,-26.8704],[-65.4927,-26.869],[-65.4951,-26.8685],[-65.4979,-26.866],[-65.5002,-26.8657],[-65.5038,-26.866],[-65.506,-26.8647],[-65.5077,-26.8653],[-65.5101,-26.8648],[-65.5126,-26.8636],[-65.5136,-26.8649],[-65.5157,-26.8654],[-65.5176,-26.8648],[-65.5191,-26.8653],[-65.5214,-26.8636],[-65.5264,-26.8629],[-65.5297,-26.862],[-65.5311,-26.8609],[-65.5341,-26.8609],[-65.5403,-26.8543],[-65.545,-26.8546],[-65.5464,-26.8552],[-65.5474,-26.8534],[-65.5516,-26.8533],[-65.5539,-26.8501],[-65.5554,-26.8495],[-65.5604,-26.8505],[-65.5621,-26.8496],[-65.5639,-26.8495],[-65.5657,-26.8512],[-65.57,-26.8542],[-65.5735,-26.8531],[-65.5745,-26.8502],[-65.578,-26.8466],[-65.5789,-26.8463],[-65.582,-26.8472],[-65.5856,-26.8475],[-65.587,-26.8452],[-65.5899,-26.8436],[-65.5953,-26.8447],[-65.5994,-26.8445],[-65.6028,-26.8438],[-65.6042,-26.8439],[-65.6086,-26.8419],[-65.6119,-26.841],[-65.6167,-26.8377],[-65.6183,-26.8379],[-65.6179,-26.8269],[-65.6189,-26.8254],[-65.624,-26.8253]]]},"properties":{"id":481,"departamento":"FAMAILLA","cabecera":"FAMAILLA","provincia":"TUCUMAN"}},
{"type":"Feature","geometry":{"type":"Polygon","coordinates":[[[-65.2706,-26.8361],[-65.2713,-26.8329],[-65.2702,-26.8318],[-65.267,-26.8251],[-65.2657,-26.8215],[-65.2645,-26.8159],[-65.2637,-26.8104],[-65.2617,-26.8064],[-65.2596,-26.7996],[-65.257,-26.7922],[-65.2523,-26.7871],[-65.2496,-26.7839],[-65.2487,-26.7829],[-65.2671,-26.7794],[-65.2694,-26.7779],[-65.2707,-26.7746],[-65.2702,-26.7728],[-65.2664,-26.7658],[-65.2596,-26.7543],[-65.2586,-26.7514],[-65.2594,-26.7509],[-65.2743,-26.7485],[-65.2796,-26.7475],[-65.2952,-26.7449],[-65.3578,-26.7338],[-65.3613,-26.7374],[-65.3603,-26.7435],[-65.3598,-26.7475],[-65.3589,-26.7477],[-65.3584,-26.7512],[-65.355,-26.7623],[-65.3604,-26.7634],[-65.3631,-26.7635],[-65.367,-26.7643],[-65.3687,-26.7632],[-65.3717,-26.7604],[-65.3736,-26.7598],[-65.3776,-26.7614],[-65.3793,-26.7626],[-65.3818,-26.7658],[-65.3832,-26.7671],[-65.3875,-26.768],[-65.3893,-26.7689],[-65.3904,-26.7705],[-65.3908,-26.7724],[-65.3921,-26.7739],[-65.394,-26.7748],[-65.3952,-26.7764],[-65.399,-26.7782],[-65.4012,-26.7817],[-65.4026,-26.781],[-65.406,-26.7758],[-65.4102,-26.7714],[-65.4112,-26.7697],[-65.4114,-26.7659],[-65.415,-26.7611],[-65.4151,-26.7573],[-65.4162,-26.7535],[-65.418,-26.75],[-65.4192,-26.7443],[-65.4199,-26.7425],[-65.4221,-26.7392],[-65.4236,-26.7377],[-65.428,-26.7641],[-65.4318,-26.8085],[-65.4314,-26.8088],[-65.4324,-26.8153],[-65.4249,-26.817],[-65.3776,-26.8265],[-65.3729,-26.8265],[-65.3706,-26.82],[-65.3408,-26.8252],[-65.3245,-26.8276],[-65.3167,-26.8289],[-65.3139,-26.832],[-65.3141,-26.835],[-65.3149,-26.8379],[-65.3077,-26.8391],[-65.3071,-26.8373],[-65.3067,-26.8331],[-65.3,-26.8341],[-65.2955,-26.8336],[-65.2929,-26.8327],[-65.271,-26.8362],[-65.2706,-26.8361]]]},"properties":{"id":484,"departamento":"YERBA BUENA","cabecera":"YERBA BUENA","provincia":"TUCUMAN"}},
{"type":"Feature","geometry":{"type":"Polygon","coordinates":[[[-64.7197,-26.8848],[-64.7072,-26.8195],[-64.6776,-26.8245],[-64.6726,-26.794],[-64.6179,-26.8027],[-64.5875,-26.6581],[-64.499,-26.6737],[-64.4988,-26.6735],[-64.5024,-26.6155],[-64.5054,-26.6014],[-64.5066,-26.5801],[-64.5089,-26.549],[-64.5208,-26.5471],[-64.5214,-26.5438],[-64.5212,-26.5348],[-64.5215,-26.5328],[-64.5213,-26.5288],[-64.5198,-26.5229],[-64.5183,-26.5174],[-64.5169,-26.5139],[-64.5165,-26.5118],[-64.5171,-26.5098],[-64.5187,-26.5072],[-64.5168,-26.5034],[-64.5175,-26.4974],[-64.5175,-26.4933],[-64.517,-26.4899],[-64.5173,-26.4865],[-64.5187,-26.4792],[-64.5224,-26.4746],[-64.5267,-26.4643],[-64.5265,-26.4623],[-64.5248,-26.4593],[-64.5236,-26.4468],[-64.5241,-26.4413],[-64.5275,-26.4309],[-64.5274,-26.4267],[-64.5291,-26.4187],[-64.533,-26.413],[-64.5344,-26.4106],[-64.5338,-26.4074],[-64.5316,-26.4023],[-64.5309,-26.3997],[-64.5307,-26.3953],[-64.5328,-26.3893],[-64.5304,-26.3728],[-64.5215,-26.3542],[-64.5214,-26.353],[-64.519,-26.3491],[-64.517,-26.3476],[-64.5148,-26.3475],[-64.5088,-26.3438],[-64.5015,-26.3354],[-64.5011,-26.3335],[-64.4987,-26.3318],[-64.4973,-26.3293],[-64.495,-26.3265],[-64.4937,-26.3228],[-64.482,-26.3068],[-64.5023,-26.239],[-64.4951,-26.2189],[-64.4973,-26.2179],[-64.4979,-26.2156],[-64.5,-26.217],[-64.5037,-26.2174],[-64.5075,-26.2184],[-64.5087,-26.2178],[-64.51,-26.2149],[-64.5112,-26.2147],[-64.5112,-26.2172],[-64.5116,-26.2183],[-64.514,-26.2199],[-64.5142,-26.221],[-64.5175,-26.2238],[-64.5198,-26.2246],[-64.5205,-26.2241],[-64.5273,-26.2232],[-64.5295,-26.2247],[-64.5315,-26.2243],[-64.533,-26.2221],[-64.5344,-26.223],[-64.5355,-26.2214],[-64.5368,-26.2211],[-64.5381,-26.222],[-64.5412,-26.2211],[-64.5416,-26.2194],[-64.5431,-26.2202],[-64.5429,-26.2219],[-64.5437,-26.2226],[-64.5455,-26.2211],[-64.5487,-26.2209],[-64.5488,-26.2236],[-64.5498,-26.2258],[-64.5525,-26.2259],[-64.5533,-26.2249],[-64.5517,-26.2231],[-64.5528,-26.2223],[-64.5567,-26.2229],[-64.5584,-26.2238],[-64.5613,-26.2245],[-64.5636,-26.2268],[-64.5647,-26.2245],[-64.5671,-26.2234],[-64.5695,-26.2239],[-64.572,-26.2235],[-64.5719,-26.2212],[-64.5756,-26.2217],[-64.5776,-26.2206],[-64.5791,-26.2187],[-64.5801,-26.2191],[-64.5823,-26.2233],[-64.5838,-26.224],[-64.5871,-26.2222],[-64.589,-26.2205],[-64.5902,-26.2209],[-64.5914,-26.2232],[-64.592,-26.2254],[-64.5941,-26.2255],[-64.5931,-26.2234],[-64.5942,-26.2226],[-64.5982,-26.2251],[-64.5968,-26.2283],[-64.5981,-26.2295],[-64.6007,-26.2304],[-64.6035,-26.2286],[-64.6083,-26.2268],[-64.6086,-26.2288],[-64.6102,-26.2316],[-64.6126,-26.2319],[-64.6137,-26.2334],[-64.6147,-26.233],[-64.6158,-26.2303],[-64.6176,-26.2313],[-64.618,-26.2295],[-64.6168,-26.228],[-64.6174,-26.2265],[-64.6191,-26.2257],[-64.6211,-26.2269],[-64.6225,-26.2243],[-64.6242,-26.2264],[-64.6241,-26.2283],[-64.6273,-26.2295],[-64.6299,-26.2333],[-64.6309,-26.2325],[-64.6333,-26.2345],[-64.635,-26.2344],[-64.6373,-26.2332],[-64.6422,-26.233],[-64.6437,-26.2337],[-64.6438,-26.2357],[-64.6416,-26.2368],[-64.6429,-26.2386],[-64.6439,-26.2382],[-64.6478,-26.238],[-64.6557,-26.2399],[-64.6561,-26.2419],[-64.659,-26.2414],[-64.6615,-26.2429],[-64.6621,-26.2442],[-64.6643,-26.2432],[-64.6656,-26.2418],[-64.6686,-26.2424],[-64.6699,-26.24],[-64.6713,-26.2392],[-64.6721,-26.2408],[-64.6742,-26.2414],[-64.6771,-26.2369],[-64.678,-26.238],[-64.6814,-26.2378],[-64.6821,-26.2395],[-64.686,-26.2389],[-64.6883,-26.2407],[-64.6906,-26.2404],[-64.692,-26.2412],[-64.6931,-26.2391],[-64.6923,-26.238],[-64.6941,-26.2368],[-64.6973,-26.2383],[-64.6998,-26.2379],[-64.7032,-26.2384],[-64.7057,-26.2375],[-64.7089,-26.2377],[-64.7106,-26.2346],[-64.7122,-26.2345],[-64.7146,-26.2353],[-64.7141,-26.2367],[-64.7155,-26.2377],[-64.7172,-26.2372],[-64.7194,-26.2379],[-64.7203,-26.2395],[-64.7238,-26.2405],[-64.7263,-26.2404],[-64.7265,-26.2418],[-64.7295,-26.2411],[-64.7317,-26.241],[-64.7349,-26.2396],[-64.7367,-26.2408],[-64.7379,-26.2408],[-64.7389,-26.2385],[-64.7426,-26.2383],[-64.7462,-26.239],[-64.7477,-26.2375],[-64.7496,-26.2369],[-64.7507,-26.2355],[-64.7506,-26.2344],[-64.7525,-26.2331],[-64.7548,-26.2292],[-64.7564,-26.2281],[-64.7579,-26.2254],[-64.7601,-26.2244],[-64.7633,-26.2245],[-64.7683,-26.2237],[-64.7714,-26.2254],[-64.775,-26.2265],[-64.7762,-26.2257],[-64.7793,-26.2249],[-64.7812,-26.2232],[-64.7827,-26.2241],[-64.7858,-26.2238],[-64.7892,-26.2249],[-64.7909,-26.224],[-64.7939,-26.2261],[-64.7951,-26.2277],[-64.7968,-26.2278],[-64.7979,-26.229],[-64.8001,-26.2286],[-64.8048,-26.2315],[-64.8062,-26.2315],[-64.8077,-26.2329],[-64.8115,-26.2327],[-64.8127,-26.2319],[-64.8151,-26.2314],[-64.8176,-26.2334],[-64.8191,-26.2369],[-64.8189,-26.2387],[-64.8215,-26.2423],[-64.8228,-26.2427],[-64.8246,-26.241],[-64.8257,-26.2394],[-64.8283,-26.239],[-64.8305,-26.2393],[-64.8319,-26.2371],[-64.8345,-26.2365],[-64.8394,-26.2367],[-64.8447,-26.2384],[-64.8469,-26.2398],[-64.8483,-26.2425],[-64.8483,-26.2451],[-64.8471,-26.2479],[-64.8488,-26.2487],[-64.8516,-26.2489],[-64.8532,-26.2501],[-64.851,-26.2532],[-64.8532,-26.2533],[-64.8563,-26.2521],[-64.8583,-26.253],[-64.8589,-26.2545],[-64.859,-26.2576],[-64.8596,-26.2594],[-64.8612,-26.2589],[-64.8628,-26.2602],[-64.8648,-26.2605],[-64.8663,-26.2625],[-64.8668,-26.2666],[-64.8685,-26.2682],[-64.869,-26.2698],[-64.8725,-26.2728],[-64.8734,-26.2749],[-64.8778,-26.2756],[-64.8787,-26.277],[-64.8814,-26.2781],[-64.8825,-26.28],[-64.885,-26.2802],[-64.8873,-26.2825],[-64.8923,-26.2805],[-64.8943,-26.2788],[-64.8963,-26.2787],[-64.8979,-26.2797],[-64.8981,-26.2816],[-64.8999,-26.2826],[-64.903,-26.2859],[-64.904,-26.2876],[-64.9075,-26.289],[-64.9088,-26.2904],[-64.9102,-26.2903],[-64.9123,-26.2918],[-64.9157,-26.291],[-64.9178,-26.2911],[-64.9184,-26.2928],[-64.9203,-26.2929],[-64.9209,-26.294],[-64.9226,-26.2938],[-64.9238,-26.2922],[-64.9257,-26.292],[-64.9255,-26.2937],[-64.9304,-26.2969],[-64.9327,-26.2946],[-64.9352,-26.2991],[-64.9389,-26.2975],[-64.9415,-26.2995],[-64.94,-26.3021],[-64.9431,-26.3024],[-64.9433,-26.3039],[-64.9461,-26.3051],[-64.9486,-26.305],[-64.9509,-26.3068],[-64.9533,-26.3061],[-64.9585,-26.3036],[-64.9609,-26.304],[-64.9612,-26.3004],[-64.964,-26.2973],[-64.9628,-26.2962],[-64.9657,-26.2951],[-64.9656,-26.2929],[-64.968,-26.2909],[-64.9695,-26.2868],[-64.9688,-26.2848],[-64.9685,-26.2819],[-64.9686,-26.2793],[-64.9737,-26.2769],[-64.9786,-26.2773],[-64.9832,-26.2784],[-64.9846,-26.2799],[-64.9873,-26.2807],[-64.9928,-26.2813],[-65.0007,-26.2813],[-65.0038,-26.2809],[-65.0097,-26.2794],[-65.0124,-26.2773],[-65.0148,-26.2765],[-65.017,-26.275],[-65.0197,-26.2746],[-65.0242,-26.275],[-65.029,-26.2735],[-65.0322,-26.2722],[-65.0363,-26.2737],[-65.0405,-26.274],[-65.0384,-26.2783],[-65.0382,-26.2871],[-65.0371,-26.2878],[-65.0368,-26.2892],[-65.0396,-26.2925],[-65.038,-26.2937],[-65.0378,-26.2972],[-65.0399,-26.2993],[-65.0405,-26.3014],[-65.0419,-26.3021],[-65.0417,-26.3042],[-65.0429,-26.3061],[-65.0436,-26.309],[-65.0445,-26.3096],[-65.0445,-26.3116],[-65.0464,-26.3178],[-65.044,-26.3188],[-65.0447,-26.3203],[-65.0461,-26.321],[-65.0466,-26.323],[-65.0491,-26.3239],[-65.0522,-26.3275],[-65.0513,-26.3307],[-65.0532,-26.3309],[-65.055,-26.3321],[-65.0571,-26.3351],[-65.0606,-26.3348],[-65.0626,-26.3374],[-65.0621,-26.3379],[-65.0644,-26.3405],[-65.0661,-26.3403],[-65.0678,-26.3417],[-65.0668,-26.3443],[-65.0677,-26.3485],[-65.0693,-26.3518],[-65.0702,-26.3551],[-65.0705,-26.3576],[-65.0768,-26.3609],[-65.0795,-26.3626],[-65.08,-26.3665],[-65.0807,-26.3686],[-65.0819,-26.3681],[-65.0828,-26.3697],[-65.0823,-26.3712],[-65.0832,-26.3727],[-65.0866,-26.3721],[-65.0884,-26.3742],[-65.0878,-26.3774],[-65.09,-26.3789],[-65.0908,-26.3804],[-65.0909,-26.3837],[-65.0899,-26.3858],[-65.0899,-26.3876],[-65.0907,-26.3889],[-65.0908,-26.3919],[-65.0939,-26.3957],[-65.0956,-26.3953],[-65.0974,-26.3963],[-65.0978,-26.3985],[-65.0999,-26.4],[-65.1017,-26.3994],[-65.1028,-26.4009],[-65.1029,-26.4062],[-65.1023,-26.4077],[-65.1028,-26.4101],[-65.1037,-26.4113],[-65.1026,-26.4156],[-65.1033,-26.4165],[-65.1038,-26.4203],[-65.1048,-26.421],[-65.1057,-26.4232],[-65.1071,-26.4245],[-65.1062,-26.4263],[-65.1066,-26.4282],[-65.1088,-26.4298],[-65.1105,-26.4336],[-65.109,-26.4363],[-65.1088,-26.439],[-65.1081,-26.4399],[-65.1083,-26.4421],[-65.1101,-26.4439],[-65.1097,-26.4456],[-65.1112,-26.4462],[-65.1113,-26.4487],[-65.1104,-26.4497],[-65.1107,-26.452],[-65.1116,-26.4536],[-65.1091,-26.4578],[-65.1109,-26.4584],[-65.1108,-26.4595],[-65.1091,-26.461],[-65.1095,-26.4628],[-65.1118,-26.4643],[-65.1129,-26.4673],[-65.1117,-26.4694],[-65.1131,-26.4705],[-65.112,-26.4725],[-65.1142,-26.472],[-65.1155,-26.4729],[-65.1167,-26.4756],[-65.1149,-26.48],[-65.1172,-26.4815],[-65.1174,-26.4828],[-65.1187,-26.4851],[-65.1182,-26.4875],[-65.1185,-26.4902],[-65.1171,-26.4918],[-65.1153,-26.4923],[-65.1146,-26.4945],[-65.112,-26.4956],[-65.1122,-26.498],[-65.1137,-26.4999],[-65.1153,-26.5045],[-65.1139,-26.5044],[-65.1134,-26.5069],[-65.1144,-26.5087],[-65.1175,-26.5089],[-65.1208,-26.5102],[-65.1225,-26.5094],[-65.1246,-26.5114],[-65.1271,-26.5098],[-65.1303,-26.5111],[-65.1307,-26.5119],[-65.1337,-26.5103],[-65.1348,-26.5107],[-65.1362,-26.5094],[-65.1379,-26.5092],[-65.1391,-26.5079],[-65.1409,-26.5078],[-65.1434,-26.5115],[-65.1478,-26.5128],[-65.1482,-26.5155],[-65.1468,-26.521],[-65.1482,-26.5211],[-65.1484,-26.5231],[-65.1509,-26.5233],[-65.1527,-26.525],[-65.1539,-26.5247],[-65.1552,-26.5262],[-65.155,-26.5282],[-65.1559,-26.5291],[-65.1552,-26.5307],[-65.1586,-26.5322],[-65.1607,-26.5347],[-65.1616,-26.5386],[-65.1628,-26.5415],[-65.1625,-26.5423],[-65.1647,-26.5443],[-65.1646,-26.5468],[-65.1661,-26.5484],[-65.1682,-26.5493],[-65.1681,-26.5516],[-65.1673,-26.5536],[-65.1912,-26.5537],[-65.1896,-26.5587],[-65.1921,-26.5671],[-65.1914,-26.5808],[-65.1859,-26.5833],[-65.1824,-26.5808],[-65.1786,-26.576],[-65.1719,-26.5784],[-65.171,-26.5823],[-65.171,-26.5869],[-65.1713,-26.5879],[-65.1703,-26.5919],[-65.1689,-26.5931],[-65.1689,-26.5959],[-65.1654,-26.5994],[-65.1666,-26.6028],[-65.1685,-26.6044],[-65.1676,-26.605],[-65.1688,-26.6067],[-65.1733,-26.6069],[-65.1768,-26.6089],[-65.1778,-26.61],[-65.177,-26.6125],[-65.1797,-26.6133],[-65.1821,-26.6154],[-65.1828,-26.6169],[-65.1852,-26.6165],[-65.1865,-26.6191],[-65.1848,-26.6225],[-65.1842,-26.6248],[-65.1847,-26.6294],[-65.1869,-26.632],[-65.1897,-26.6312],[-65.1897,-26.634],[-65.1887,-26.6368],[-65.1918,-26.641],[-65.1909,-26.6437],[-65.1899,-26.6446],[-65.1873,-26.6455],[-65.1829,-26.6458],[-65.1816,-26.6472],[-65.1814,-26.6488],[-65.176,-26.6529],[-65.1754,-26.6543],[-65.1737,-26.6555],[-65.1731,-26.6576],[-65.174,-26.6592],[-65.1736,-26.661],[-65.1725,-26.663],[-65.1718,-26.6687],[-65.1734,-26.6692],[-65.172,-26.6719],[-65.1721,-26.6745],[-65.1716,-26.6763],[-65.1737,-26.6786],[-65.1757,-26.6835],[-65.1765,-26.6844],[-65.1759,-26.6878],[-65.1746,-26.6896],[-65.1694,-26.693],[-65.1677,-26.6947],[-65.1667,-26.6969],[-65.1656,-26.6981],[-65.162,-26.6998],[-65.1626,-26.7015],[-65.1614,-26.7038],[-65.1626,-26.7054],[-65.1619,-26.7084],[-65.1619,-26.7116],[-65.1604,-26.7131],[-65.1603,-26.7146],[-65.1623,-26.7163],[-65.1622,-26.7201],[-65.1613,-26.7233],[-65.1595,-26.7244],[-65.1571,-26.7242],[-65.1553,-26.7252],[-65.1546,-26.7267],[-65.1556,-26.7285],[-65.1549,-26.7316],[-65.156,-26.7324],[-65.1576,-26.7364],[-65.1568,-26.7407],[-65.1559,-26.742],[-65.1559,-26.7436],[-65.1551,-26.747],[-65.1546,-26.7513],[-65.1567,-26.7528],[-65.1575,-26.7546],[-65.1573,-26.7564],[-65.1529,-26.7569],[-65.1516,-26.7565],[-65.1505,-26.754],[-65.1485,-26.7527],[-65.1487,-26.7518],[-65.1452,-26.7494],[-65.1434,-26.7488],[-65.141,-26.7487],[-65.1377,-26.7472],[-65.1353,-26.7483],[-65.1325,-26.7487],[-65.1303,-26.7446],[-65.1291,-26.7466],[-65.1299,-26.7503],[-65.1122,-26.7534],[-65.0999,-26.7557],[-65.1047,-26.7769],[-65.0955,-26.7786],[-65.0815,-26.7813],[-65.0701,-26.7834],[-65.0627,-26.785],[-65.0472,-26.7878],[-65.0471,-26.788],[-65.0306,-26.7912],[-64.9981,-26.7972],[-64.9954,-26.7976],[-64.977,-26.801],[-64.9664,-26.8032],[-64.9479,-26.8067],[-64.944,-26.7902],[-64.943,-26.7904],[-64.9369,-26.7635],[-64.9309,-26.7646],[-64.8797,-26.7739],[-64.8864,-26.8012],[-64.894,-26.833],[-64.8521,-26.8409],[-64.846,-26.815],[-64.8332,-26.8174],[-64.8156,-26.8204],[-64.8052,-26.8225],[-64.8084,-26.8398],[-64.7857,-26.8433],[-64.7783,-26.8443],[-64.7812,-26.8579],[-64.7647,-26.8611],[-64.7593,-26.8621],[-64.7524,-26.8636],[-64.7518,-26.8635],[-64.7366,-26.867],[-64.7403,-26.8821],[-64.738,-26.8853],[-64.7317,-26.8817],[-64.7282,-26.8829],[-64.7197,-26.8848]]]},"properties":{"id":485,"departamento":"BURRUYACU","cabecera":"BURRUYACU","provincia":"TUCUMAN"}},
{"type":"Feature","geometry":{"type":"Polygon","coordinates":[[[-65.4318,-26.8085],[-65.428,-26.7641],[-65.4236,-26.7377],[-65.4221,-26.7392],[-65.4199,-26.7425],[-65.4192,-26.7443],[-65.418,-26.75],[-65.4162,-26.7535],[-65.4151,-26.7573],[-65.415,-26.7611],[-65.4114,-26.7659],[-65.4112,-26.7697],[-65.4102,-26.7714],[-65.406,-26.7758],[-65.4026,-26.781],[-65.4012,-26.7817],[-65.399,-26.7782],[-65.3952,-26.7764],[-65.394,-26.7748],[-65.3921,-26.7739],[-65.3908,-26.7724],[-65.3904,-26.7705],[-65.3893,-26.7689],[-65.3875,-26.768],[-65.3832,-26.7671],[-65.3818,-26.7658],[-65.3793,-26.7626],[-65.3776,-26.7614],[-65.3736,-26.7598],[-65.3717,-26.7604],[-65.3687,-26.7632],[-65.367,-26.7643],[-65.3631,-26.7635],[-65.3604,-26.7634],[-65.355,-26.7623],[-65.3584,-26.7512],[-65.3589,-26.7477],[-65.3598,-26.7475],[-65.3603,-26.7435],[-65.3613,-26.7374],[-65.3578,-26.7338],[-65.2952,-26.7449],[-65.2796,-26.7475],[-65.2743,-26.7485],[-65.2594,-26.7509],[-65.2586,-26.7514],[-65.2596,-26.7543],[-65.2664,-26.7658],[-65.2702,-26.7728],[-65.2707,-26.7746],[-65.2694,-26.7779],[-65.2671,-26.7794],[-65.2487,-26.7829],[-65.2496,-26.7839],[-65.2419,-26.786],[-65.2405,-26.7849],[-65.2393,-26.7853],[-65.2336,-26.7864],[-65.2321,-26.7871],[-65.2236,-26.7887],[-65.2228,-26.7886],[-65.2196,-26.7863],[-65.2163,-26.7869],[-65.2137,-26.7907],[-65.2127,-26.791],[-65.2076,-26.7913],[-65.1984,-26.792],[-65.1963,-26.7931],[-65.1929,-26.7942],[-65.1872,-26.7953],[-65.1853,-26.7945],[-65.1832,-26.7922],[-65.182,-26.7918],[-65.1783,-26.7928],[-65.1751,-26.7902],[-65.1727,-26.7892],[-65.1708,-26.789],[-65.168,-26.7899],[-65.1642,-26.7931],[-65.1633,-26.7904],[-65.161,-26.791],[-65.1609,-26.788],[-65.1595,-26.7861],[-65.1587,-26.7835],[-65.1595,-26.7814],[-65.1594,-26.7797],[-65.1607,-26.7762],[-65.1598,-26.7746],[-65.1603,-26.7724],[-65.1585,-26.7715],[-65.1578,-26.7695],[-65.1586,-26.768],[-65.1619,-26.7647],[-65.1621,-26.763],[-65.1579,-26.7578],[-65.1573,-26.7564],[-65.1575,-26.7546],[-65.1567,-26.7528],[-65.1546,-26.7513],[-65.1551,-26.747],[-65.1559,-26.7436],[-65.1559,-26.742],[-65.1568,-26.7407],[-65.1576,-26.7364],[-65.156,-26.7324],[-65.1549,-26.7316],[-65.1556,-26.7285],[-65.1546,-26.7267],[-65.1553,-26.7252],[-65.1571,-26.7242],[-65.1595,-26.7244],[-65.1613,-26.7233],[-65.1622,-26.7201],[-65.1623,-26.7163],[-65.1603,-26.7146],[-65.1604,-26.7131],[-65.1619,-26.7116],[-65.1619,-26.7084],[-65.1626,-26.7054],[-65.1614,-26.7038],[-65.1626,-26.7015],[-65.162,-26.6998],[-65.1656,-26.6981],[-65.1667,-26.6969],[-65.1677,-26.6947],[-65.1694,-26.693],[-65.1746,-26.6896],[-65.1759,-26.6878],[-65.1765,-26.6844],[-65.1757,-26.6835],[-65.1737,-26.6786],[-65.1716,-26.6763],[-65.1721,-26.6745],[-65.172,-26.6719],[-65.1734,-26.6692],[-65.1718,-26.6687],[-65.1725,-26.663],[-65.1736,-26.661],[-65.174,-26.6592],[-65.1731,-26.6576],[-65.1737,-26.6555],[-65.1754,-26.6543],[-65.176,-26.6529],[-65.1814,-26.6488],[-65.1816,-26.6472],[-65.1829,-26.6458],[-65.1873,-26.6455],[-65.1899,-26.6446],[-65.1909,-26.6437],[-65.1918,-26.641],[-65.1887,-26.6368],[-65.1897,-26.634],[-65.1897,-26.6312],[-65.1869,-26.632],[-65.1847,-26.6294],[-65.1842,-26.6248],[-65.1848,-26.6225],[-65.1865,-26.6191],[-65.1852,-26.6165],[-65.1828,-26.6169],[-65.1821,-26.6154],[-65.1797,-26.6133],[-65.177,-26.6125],[-65.1778,-26.61],[-65.1768,-26.6089],[-65.1733,-26.6069],[-65.1688,-26.6067],[-65.1676,-26.605],[-65.1685,-26.6044],[-65.1666,-26.6028],[-65.1654,-26.5994],[-65.1689,-26.5959],[-65.1689,-26.5931],[-65.1703,-26.5919],[-65.1713,-26.5879],[-65.171,-26.5869],[-65.171,-26.5823],[-65.1719,-26.5784],[-65.1786,-26.576],[-65.1824,-26.5808],[-65.1859,-26.5833],[-65.1914,-26.5808],[-65.1921,-26.5671],[-65.1896,-26.5587],[-65.1912,-26.5537],[-65.1975,-26.5563],[-65.1894,-26.5361],[-65.1834,-26.5333],[-65.1996,-26.5274],[-65.2134,-26.5271],[-65.2179,-26.5219],[-65.2209,-26.5234],[-65.2204,-26.5262],[-65.2167,-26.5283],[-65.2161,-26.5306],[-65.2166,-26.5337],[-65.2153,-26.537],[-65.2152,-26.5387],[-65.2164,-26.5415],[-65.2193,-26.5442],[-65.2224,-26.5432],[-65.2234,-26.5447],[-65.2214,-26.5489],[-65.2219,-26.551],[-65.2242,-26.5522],[-65.2276,-26.556],[-65.2284,-26.5592],[-65.2257,-26.5617],[-65.2241,-26.5644],[-65.2223,-26.5658],[-65.2228,-26.5672],[-65.222,-26.5687],[-65.2221,-26.5706],[-65.2233,-26.5727],[-65.2234,-26.5745],[-65.2285,-26.5764],[-65.2294,-26.5788],[-65.2315,-26.577],[-65.2332,-26.5776],[-65.2339,-26.5793],[-65.2339,-26.5817],[-65.2324,-26.5811],[-65.231,-26.5835],[-65.2319,-26.5847],[-65.2313,-26.5867],[-65.2327,-26.5878],[-65.2325,-26.5895],[-65.2316,-26.5904],[-65.2293,-26.5903],[-65.2286,-26.5925],[-65.2274,-26.594],[-65.2271,-26.5965],[-65.2262,-26.5965],[-65.2248,-26.5984],[-65.2258,-26.6003],[-65.2292,-26.6018],[-65.2313,-26.6008],[-65.2323,-26.599],[-65.237,-26.5974],[-65.2401,-26.6001],[-65.2413,-26.6024],[-65.2427,-26.6031],[-65.2449,-26.6032],[-65.2451,-26.605],[-65.2476,-26.6064],[-65.2497,-26.6071],[-65.2525,-26.609],[-65.2571,-26.6096],[-65.2592,-26.6091],[-65.262,-26.6108],[-65.2641,-26.6102],[-65.2692,-26.6077],[-65.2748,-26.6075],[-65.2764,-26.6045],[-65.2784,-26.603],[-65.281,-26.6023],[-65.2863,-26.6037],[-65.2903,-26.6045],[-65.2926,-26.6056],[-65.2976,-26.6101],[-65.3018,-26.6123],[-65.3065,-26.6126],[-65.3088,-26.6121],[-65.313,-26.6101],[-65.3162,-26.611],[-65.3184,-26.6101],[-65.3211,-26.6097],[-65.3247,-26.6115],[-65.3274,-26.6113],[-65.3305,-26.6103],[-65.3344,-26.6121],[-65.3358,-26.6115],[-65.3391,-26.6137],[-65.3418,-26.6173],[-65.345,-26.6203],[-65.3469,-26.6203],[-65.3491,-26.6218],[-65.3512,-26.6245],[-65.3535,-26.6235],[-65.3571,-26.6237],[-65.3606,-26.6222],[-65.3647,-26.622],[-65.3661,-26.621],[-65.3688,-26.6204],[-65.3709,-26.6214],[-65.3758,-26.6188],[-65.3795,-26.618],[-65.3814,-26.6184],[-65.3832,-26.6203],[-65.3831,-26.6224],[-65.3851,-26.6225],[-65.3887,-26.6206],[-65.3891,-26.62],[-65.3922,-26.62],[-65.3947,-26.6176],[-65.3966,-26.6163],[-65.3986,-26.6142],[-65.4011,-26.6131],[-65.4027,-26.6115],[-65.4027,-26.6103],[-65.4041,-26.6092],[-65.4094,-26.6084],[-65.4112,-26.6076],[-65.415,-26.6078],[-65.418,-26.6071],[-65.4189,-26.6055],[-65.4191,-26.6027],[-65.4218,-26.6],[-65.4235,-26.5992],[-65.4247,-26.5977],[-65.4267,-26.5973],[-65.4312,-26.5951],[-65.4326,-26.5934],[-65.4363,-26.5921],[-65.441,-26.5931],[-65.4445,-26.5924],[-65.4521,-26.5892],[-65.4565,-26.5879],[-65.4594,-26.586],[-65.4599,-26.5889],[-65.4643,-26.5956],[-65.47,-26.5991],[-65.4709,-26.6026],[-65.4734,-26.6033],[-65.4769,-26.5984],[-65.4756,-26.5973],[-65.4749,-26.5949],[-65.4762,-26.5897],[-65.476,-26.5875],[-65.4779,-26.5843],[-65.4795,-26.5791],[-65.4815,-26.5767],[-65.4825,-26.5766],[-65.4854,-26.5731],[-65.4884,-26.573],[-65.4903,-26.5721],[-65.4905,-26.5711],[-65.4929,-26.57],[-65.4954,-26.5679],[-65.4955,-26.5656],[-65.4941,-26.5648],[-65.492,-26.5627],[-65.4921,-26.5613],[-65.4881,-26.5573],[-65.4857,-26.5572],[-65.4848,-26.5551],[-65.4818,-26.5545],[-65.483,-26.5525],[-65.4851,-26.552],[-65.4868,-26.5507],[-65.4878,-26.5508],[-65.4881,-26.5478],[-65.487,-26.5467],[-65.4858,-26.547],[-65.484,-26.5458],[-65.4836,-26.5447],[-65.4843,-26.5431],[-65.484,-26.5383],[-65.4826,-26.5358],[-65.4808,-26.5341],[-65.4794,-26.5338],[-65.4784,-26.5314],[-65.4766,-26.5304],[-65.4725,-26.5262],[-65.4705,-26.5263],[-65.4696,-26.5249],[-65.4666,-26.524],[-65.4689,-26.5225],[-65.4679,-26.5211],[-65.4658,-26.5208],[-65.4669,-26.5193],[-65.4681,-26.5202],[-65.4706,-26.5207],[-65.4714,-26.5192],[-65.4738,-26.519],[-65.4749,-26.5176],[-65.4771,-26.5163],[-65.4785,-26.5176],[-65.4806,-26.5169],[-65.4833,-26.5167],[-65.4852,-26.5186],[-65.4848,-26.5201],[-65.4865,-26.5209],[-65.4869,-26.5226],[-65.4887,-26.5229],[-65.4863,-26.5252],[-65.4899,-26.5252],[-65.491,-26.5241],[-65.4934,-26.5238],[-65.4971,-26.5243],[-65.4979,-26.5256],[-65.4965,-26.5287],[-65.4967,-26.5313],[-65.4979,-26.5333],[-65.4986,-26.5362],[-65.5,-26.5383],[-65.5006,-26.5408],[-65.4997,-26.5433],[-65.5007,-26.5474],[-65.5027,-26.5481],[-65.5043,-26.5463],[-65.5086,-26.5449],[-65.5102,-26.5458],[-65.5114,-26.5479],[-65.5128,-26.5463],[-65.5148,-26.5463],[-65.5162,-26.5448],[-65.5187,-26.545],[-65.5183,-26.5437],[-65.5197,-26.5419],[-65.5237,-26.5432],[-65.5258,-26.5428],[-65.5273,-26.5416],[-65.5293,-26.5416],[-65.5314,-26.5398],[-65.5342,-26.5381],[-65.537,-26.5392],[-65.5384,-26.5383],[-65.54,-26.5391],[-65.542,-26.5387],[-65.5431,-26.5371],[-65.5477,-26.5387],[-65.5504,-26.5376],[-65.551,-26.5366],[-65.5527,-26.5356],[-65.5561,-26.5374],[-65.5598,-26.5348],[-65.5624,-26.5355],[-65.5637,-26.5351],[-65.566,-26.5358],[-65.572,-26.5381],[-65.5749,-26.54],[-65.5759,-26.5414],[-65.5795,-26.5418],[-65.5809,-26.5425],[-65.5821,-26.5439],[-65.5821,-26.5451],[-65.5868,-26.5457],[-65.5902,-26.549],[-65.5915,-26.5487],[-65.5927,-26.5465],[-65.5978,-26.5447],[-65.6012,-26.5452],[-65.6028,-26.545],[-65.6053,-26.5462],[-65.6085,-26.5468],[-65.6102,-26.5479],[-65.613,-26.5474],[-65.6155,-26.5479],[-65.6175,-26.5523],[-65.6192,-26.554],[-65.6216,-26.5551],[-65.6266,-26.5544],[-65.6273,-26.5534],[-65.6267,-26.5506],[-65.6294,-26.5477],[-65.6296,-26.5457],[-65.6312,-26.5437],[-65.6319,-26.5415],[-65.6339,-26.541],[-65.634,-26.5398],[-65.6363,-26.5385],[-65.6373,-26.5363],[-65.6425,-26.5357],[-65.643,-26.5344],[-65.6453,-26.5321],[-65.6446,-26.5298],[-65.6463,-26.5276],[-65.6496,-26.5258],[-65.6509,-26.5245],[-65.653,-26.524],[-65.6551,-26.5242],[-65.657,-26.5232],[-65.6596,-26.5243],[-65.6643,-26.5254],[-65.6659,-26.5246],[-65.6687,-26.5241],[-65.6707,-26.5259],[-65.6759,-26.5252],[-65.6772,-26.5229],[-65.6795,-26.5238],[-65.6807,-26.5257],[-65.6823,-26.5247],[-65.6835,-26.5255],[-65.6855,-26.5255],[-65.6857,-26.5266],[-65.6885,-26.5265],[-65.6899,-26.5255],[-65.6914,-26.5253],[-65.6944,-26.5232],[-65.6974,-26.5232],[-65.7001,-26.5211],[-65.7023,-26.5212],[-65.7039,-26.5199],[-65.7054,-26.5194],[-65.7086,-26.5176],[-65.71,-26.5175],[-65.7153,-26.5192],[-65.7172,-26.5207],[-65.7223,-26.5214],[-65.7247,-26.5199],[-65.7261,-26.5173],[-65.7271,-26.5167],[-65.7299,-26.5128],[-65.7326,-26.5108],[-65.7333,-26.5095],[-65.7355,-26.5081],[-65.7391,-26.5085],[-65.7427,-26.5074],[-65.7443,-26.505],[-65.7465,-26.5064],[-65.7475,-26.5117],[-65.7435,-26.5166],[-65.7412,-26.5172],[-65.7395,-26.5207],[-65.7375,-26.5267],[-65.7215,-26.5424],[-65.7257,-26.5571],[-65.7264,-26.5712],[-65.728,-26.5799],[-65.7277,-26.5994],[-65.7298,-26.6007],[-65.7317,-26.6078],[-65.7387,-26.5988],[-65.7427,-26.5996],[-65.7483,-26.596],[-65.7556,-26.6011],[-65.7609,-26.6117],[-65.76,-26.614],[-65.767,-26.6228],[-65.7664,-26.6249],[-65.7688,-26.6242],[-65.7701,-26.627],[-65.7733,-26.6285],[-65.7718,-26.6307],[-65.7719,-26.6327],[-65.7707,-26.6346],[-65.7754,-26.6389],[-65.7755,-26.6406],[-65.7683,-26.6445],[-65.765,-26.6459],[-65.764,-26.6475],[-65.764,-26.6505],[-65.766,-26.653],[-65.7652,-26.6543],[-65.7662,-26.6556],[-65.7653,-26.6582],[-65.7628,-26.6584],[-65.7607,-26.6579],[-65.7592,-26.6611],[-65.7595,-26.6638],[-65.7582,-26.6659],[-65.7585,-26.6679],[-65.7211,-26.6836],[-65.7202,-26.6844],[-65.7179,-26.6889],[-65.7109,-26.6911],[-65.7055,-26.697],[-65.7047,-26.6986],[-65.7052,-26.7007],[-65.7036,-26.7037],[-65.7012,-26.7063],[-65.7001,-26.7099],[-65.6956,-26.716],[-65.695,-26.7178],[-65.6956,-26.7188],[-65.6982,-26.7181],[-65.6993,-26.7195],[-65.7028,-26.7206],[-65.7037,-26.7223],[-65.7052,-26.7236],[-65.7052,-26.7255],[-65.7076,-26.7306],[-65.7085,-26.7329],[-65.7087,-26.7356],[-65.7073,-26.7386],[-65.706,-26.7411],[-65.7028,-26.7403],[-65.6995,-26.74],[-65.6963,-26.7403],[-65.6933,-26.7384],[-65.691,-26.7382],[-65.6891,-26.7394],[-65.6869,-26.7403],[-65.6837,-26.7392],[-65.678,-26.7408],[-65.6747,-26.7415],[-65.671,-26.7451],[-65.6724,-26.7469],[-65.6714,-26.748],[-65.6717,-26.7497],[-65.6706,-26.7509],[-65.6671,-26.7513],[-65.6664,-26.7521],[-65.6629,-26.7534],[-65.6606,-26.7537],[-65.6568,-26.7534],[-65.6557,-26.7547],[-65.6514,-26.7568],[-65.6486,-26.7557],[-65.6466,-26.7526],[-65.6417,-26.7531],[-65.6402,-26.7519],[-65.6415,-26.7506],[-65.6412,-26.7495],[-65.639,-26.7483],[-65.6415,-26.7462],[-65.6401,-26.7441],[-65.6378,-26.7442],[-65.6367,-26.7435],[-65.6355,-26.7405],[-65.633,-26.738],[-65.6306,-26.7385],[-65.6278,-26.7378],[-65.6263,-26.7363],[-65.6246,-26.7364],[-65.6213,-26.7348],[-65.614,-26.7291],[-65.6113,-26.7285],[-65.6082,-26.7285],[-65.6058,-26.7291],[-65.6049,-26.7307],[-65.6031,-26.731],[-65.6019,-26.7325],[-65.5995,-26.7333],[-65.5975,-26.7332],[-65.5929,-26.7356],[-65.5922,-26.7365],[-65.5885,-26.7376],[-65.5864,-26.7379],[-65.584,-26.7398],[-65.5837,-26.7415],[-65.5806,-26.7436],[-65.576,-26.7442],[-65.5739,-26.7441],[-65.5723,-26.7461],[-65.5722,-26.7475],[-65.5703,-26.7489],[-65.5678,-26.7495],[-65.5679,-26.7509],[-65.566,-26.7508],[-65.5659,-26.7535],[-65.5637,-26.7559],[-65.5625,-26.756],[-65.5613,-26.7581],[-65.5587,-26.7582],[-65.5566,-26.7589],[-65.5559,-26.7599],[-65.5515,-26.7623],[-65.5515,-26.7601],[-65.5497,-26.7603],[-65.5483,-26.7633],[-65.5453,-26.7641],[-65.5409,-26.761],[-65.5403,-26.759],[-65.5386,-26.7579],[-65.5355,-26.7586],[-65.5343,-26.7578],[-65.5317,-26.7594],[-65.5293,-26.7584],[-65.5286,-26.7562],[-65.5274,-26.7549],[-65.5239,-26.7539],[-65.5226,-26.7514],[-65.5202,-26.7497],[-65.5192,-26.7497],[-65.5158,-26.7481],[-65.5145,-26.7495],[-65.5145,-26.7518],[-65.5137,-26.7532],[-65.5123,-26.7537],[-65.5099,-26.753],[-65.5076,-26.7545],[-65.5073,-26.7556],[-65.5051,-26.7559],[-65.5029,-26.7545],[-65.5008,-26.7561],[-65.4985,-26.7556],[-65.4959,-26.7561],[-65.4943,-26.7571],[-65.4921,-26.7573],[-65.4906,-26.7567],[-65.4829,-26.7595],[-65.4787,-26.7628],[-65.4753,-26.767],[-65.4739,-26.7676],[-65.4722,-26.7669],[-65.4647,-26.7693],[-65.4623,-26.7704],[-65.4584,-26.7734],[-65.4569,-26.7773],[-65.4528,-26.7855],[-65.4514,-26.787],[-65.4505,-26.7897],[-65.4511,-26.791],[-65.4508,-26.7945],[-65.4478,-26.7983],[-65.4445,-26.7997],[-65.4421,-26.8024],[-65.4396,-26.8031],[-65.4372,-26.8048],[-65.4366,-26.8059],[-65.4318,-26.8085]]]},"properties":{"id":486,"departamento":"TAFI VIEJO","cabecera":"TAFI VIEJO","provincia":"TUCUMAN"}},
{"type":"Feature","geometry":{"type":"Polygon","coordinates":[[[-65.7073,-26.7386],[-65.7087,-26.7356],[-65.7085,-26.7329],[-65.7076,-26.7306],[-65.7052,-26.7255],[-65.7052,-26.7236],[-65.7037,-26.7223],[-65.7028,-26.7206],[-65.6993,-26.7195],[-65.6982,-26.7181],[-65.6956,-26.7188],[-65.695,-26.7178],[-65.6956,-26.716],[-65.7001,-26.7099],[-65.7012,-26.7063],[-65.7036,-26.7037],[-65.7052,-26.7007],[-65.7047,-26.6986],[-65.7055,-26.697],[-65.7109,-26.6911],[-65.7179,-26.6889],[-65.7202,-26.6844],[-65.7211,-26.6836],[-65.7585,-26.6679],[-65.7582,-26.6659],[-65.7595,-26.6638],[-65.7592,-26.6611],[-65.7607,-26.6579],[-65.7628,-26.6584],[-65.7653,-26.6582],[-65.7662,-26.6556],[-65.7652,-26.6543],[-65.766,-26.653],[-65.764,-26.6505],[-65.764,-26.6475],[-65.765,-26.6459],[-65.7683,-26.6445],[-65.7755,-26.6406],[-65.7754,-26.6389],[-65.7707,-26.6346],[-65.7719,-26.6327],[-65.7718,-26.6307],[-65.7733,-26.6285],[-65.7701,-26.627],[-65.7688,-26.6242],[-65.7664,-26.6249],[-65.767,-26.6228],[-65.76,-26.614],[-65.7609,-26.6117],[-65.7556,-26.6011],[-65.7483,-26.596],[-65.7427,-26.5996],[-65.7387,-26.5988],[-65.7317,-26.6078],[-65.7298,-26.6007],[-65.7277,-26.5994],[-65.728,-26.5799],[-65.7264,-26.5712],[-65.7257,-26.5571],[-65.7215,-26.5424],[-65.7375,-26.5267],[-65.7395,-26.5207],[-65.7412,-26.5172],[-65.7435,-26.5166],[-65.7475,-26.5117],[-65.7465,-26.5064],[-65.7443,-26.505],[-65.7427,-26.5074],[-65.7391,-26.5085],[-65.7355,-26.5081],[-65.7333,-26.5095],[-65.7326,-26.5108],[-65.7299,-26.5128],[-65.7271,-26.5167],[-65.7261,-26.5173],[-65.7247,-26.5199],[-65.7223,-26.5214],[-65.7172,-26.5207],[-65.7153,-26.5192],[-65.71,-26.5175],[-65.7086,-26.5176],[-65.7089,-26.5171],[-65.7063,-26.5082],[-65.7018,-26.5033],[-65.7029,-26.4957],[-65.7011,-26.4927],[-65.6997,-26.4868],[-65.6996,-26.4832],[-65.7006,-26.4809],[-65.7053,-26.4756],[-65.7062,-26.4734],[-65.7064,-26.4713],[-65.7077,-26.4682],[-65.7113,-26.4629],[-65.7113,-26.46],[-65.7098,-26.4531],[-65.7105,-26.446],[-65.7118,-26.4432],[-65.7138,-26.4401],[-65.7154,-26.4368],[-65.7164,-26.4333],[-65.718,-26.4305],[-65.7197,-26.4267],[-65.7203,-26.4228],[-65.7187,-26.418],[-65.7151,-26.4138],[-65.714,-26.4101],[-65.7146,-26.4083],[-65.719,-26.4021],[-65.7208,-26.3979],[-65.7246,-26.3911],[-65.7253,-26.387],[-65.7253,-26.385],[-65.7245,-26.3833],[-65.7213,-26.3806],[-65.7195,-26.3771],[-65.7175,-26.3716],[-65.715,-26.3663],[-65.7122,-26.3611],[-65.7109,-26.3565],[-65.7194,-26.3528],[-65.7942,-26.3291],[-66,-26.264],[-66.033,-26.2499],[-66.0377,-26.2512],[-66.0401,-26.2509],[-66.0419,-26.2493],[-66.0431,-26.2453],[-66.0444,-26.2433],[-66.047,-26.2412],[-66.0638,-26.2396],[-66.0714,-26.2387],[-66.0743,-26.2371],[-66.0998,-26.2205],[-66.1009,-26.2265],[-66.1017,-26.2289],[-66.1015,-26.2317],[-66.1004,-26.2355],[-66.0991,-26.2377],[-66.0969,-26.2437],[-66.0969,-26.248],[-66.0981,-26.2516],[-66.1005,-26.2549],[-66.1029,-26.2599],[-66.1055,-26.2615],[-66.1104,-26.2615],[-66.1119,-26.2611],[-66.1157,-26.2623],[-66.1179,-26.2642],[-66.119,-26.2669],[-66.1212,-26.2761],[-66.1206,-26.2788],[-66.1196,-26.2816],[-66.1214,-26.2837],[-66.1221,-26.286],[-66.1207,-26.2874],[-66.1202,-26.2888],[-66.1215,-26.2929],[-66.1212,-26.296],[-66.1213,-26.3041],[-66.122,-26.3056],[-66.1246,-26.3075],[-66.1237,-26.3102],[-66.1225,-26.3127],[-66.1204,-26.3155],[-66.1182,-26.32],[-66.1173,-26.3247],[-66.1165,-26.3271],[-66.1162,-26.3308],[-66.1151,-26.3342],[-66.1143,-26.3436],[-66.1149,-26.3459],[-66.1169,-26.3494],[-66.1175,-26.3513],[-66.1176,-26.3542],[-66.1171,-26.3561],[-66.1177,-26.3584],[-66.1179,-26.3628],[-66.1174,-26.3635],[-66.1191,-26.3681],[-66.1196,-26.3729],[-66.1191,-26.377],[-66.1217,-26.3797],[-66.1237,-26.3827],[-66.124,-26.3866],[-66.1265,-26.3891],[-66.1295,-26.3904],[-66.1341,-26.3912],[-66.1372,-26.3912],[-66.1413,-26.3926],[-66.1473,-26.3952],[-66.1522,-26.3959],[-66.1558,-26.3973],[-66.1583,-26.4014],[-66.1612,-26.4192],[-66.1597,-26.4211],[-66.1567,-26.4237],[-66.1549,-26.4278],[-66.1536,-26.4322],[-66.1529,-26.4359],[-66.1539,-26.4384],[-66.1548,-26.4437],[-66.1562,-26.448],[-66.1607,-26.4538],[-66.1612,-26.4569],[-66.1627,-26.4589],[-66.166,-26.4611],[-66.1677,-26.4642],[-66.1698,-26.4657],[-66.1716,-26.4677],[-66.1765,-26.4694],[-66.1777,-26.4717],[-66.1767,-26.4749],[-66.178,-26.4826],[-66.1766,-26.4878],[-66.1749,-26.4903],[-66.1739,-26.493],[-66.1691,-26.4958],[-66.1673,-26.4972],[-66.1648,-26.5003],[-66.1645,-26.5026],[-66.1664,-26.5038],[-66.1725,-26.5106],[-66.172,-26.5141],[-66.1722,-26.5176],[-66.1717,-26.5217],[-66.1701,-26.5243],[-66.1686,-26.5279],[-66.167,-26.5297],[-66.1651,-26.5342],[-66.1649,-26.5365],[-66.1655,-26.5397],[-66.1695,-26.5427],[-66.1703,-26.545],[-66.1701,-26.5472],[-66.1686,-26.5489],[-66.1686,-26.5506],[-66.1675,-26.5529],[-66.1667,-26.5564],[-66.1681,-26.5659],[-66.1686,-26.5677],[-66.1703,-26.5703],[-66.1734,-26.5722],[-66.1752,-26.5741],[-66.1761,-26.5778],[-66.1675,-26.6013],[-66.1689,-26.6069],[-66.1694,-26.6135],[-66.1718,-26.6243],[-66.1723,-26.629],[-66.1712,-26.6312],[-66.1645,-26.6284],[-66.1615,-26.6276],[-66.1557,-26.6273],[-66.1533,-26.6254],[-66.0422,-26.6004],[-65.8343,-26.7366],[-65.8327,-26.7379],[-65.8305,-26.7414],[-65.8302,-26.7442],[-65.8308,-26.748],[-65.8318,-26.7499],[-65.8337,-26.7511],[-65.8368,-26.7514],[-65.8396,-26.7523],[-65.8425,-26.754],[-65.8456,-26.755],[-65.8539,-26.7597],[-65.8576,-26.7663],[-65.859,-26.7706],[-65.8604,-26.7773],[-65.8604,-26.783],[-65.8629,-26.7887],[-65.8654,-26.792],[-65.8659,-26.7955],[-65.8733,-26.8025],[-65.8815,-26.8062],[-65.8803,-26.8088],[-65.8756,-26.8136],[-65.8747,-26.816],[-65.8744,-26.8182],[-65.8751,-26.8201],[-65.879,-26.8239],[-65.8827,-26.8265],[-65.8839,-26.8282],[-65.8867,-26.83],[-65.8881,-26.8342],[-65.8923,-26.8386],[-65.894,-26.8419],[-65.894,-26.8468],[-65.8944,-26.8496],[-65.8913,-26.8528],[-65.8901,-26.8561],[-65.8917,-26.8574],[-65.893,-26.86],[-65.8951,-26.8618],[-65.9005,-26.8638],[-65.8999,-26.8665],[-65.8971,-26.8701],[-65.8956,-26.8726],[-65.893,-26.8739],[-65.8897,-26.8781],[-65.8882,-26.8807],[-65.8857,-26.8821],[-65.8838,-26.8819],[-65.8812,-26.8808],[-65.8791,-26.8814],[-65.8774,-26.8828],[-65.8758,-26.8857],[-65.8756,-26.8888],[-65.8747,-26.8915],[-65.8706,-26.8947],[-65.8673,-26.8968],[-65.8596,-26.9007],[-65.8576,-26.9013],[-65.8572,-26.9042],[-65.8572,-26.9069],[-65.8585,-26.9099],[-65.8591,-26.913],[-65.8566,-26.9155],[-65.8566,-26.9217],[-65.8572,-26.9239],[-65.8578,-26.9292],[-65.8587,-26.9307],[-65.862,-26.9324],[-65.8653,-26.933],[-65.8686,-26.9311],[-65.8749,-26.9329],[-65.877,-26.9406],[-65.8796,-26.9412],[-65.881,-26.9436],[-65.8826,-26.9479],[-65.883,-26.951],[-65.8852,-26.9543],[-65.8864,-26.959],[-65.8864,-26.9615],[-65.8901,-26.9704],[-65.8921,-26.9717],[-65.8919,-26.9726],[-65.8751,-26.9816],[-65.8729,-26.9823],[-65.8689,-26.9814],[-65.8659,-26.9816],[-65.8615,-26.9833],[-65.8605,-26.9849],[-65.8609,-26.9866],[-65.8601,-26.9875],[-65.857,-26.9888],[-65.8552,-26.9914],[-65.855,-26.9932],[-65.8558,-26.998],[-65.8557,-27.0006],[-65.8551,-27.0037],[-65.8556,-27.0055],[-65.8533,-27.008],[-65.8525,-27.0102],[-65.8525,-27.0129],[-65.8542,-27.0149],[-65.8542,-27.0164],[-65.8517,-27.0183],[-65.8477,-27.0205],[-65.8473,-27.023],[-65.8458,-27.0248],[-65.8424,-27.0259],[-65.8421,-27.0276],[-65.8405,-27.0283],[-65.8392,-27.0279],[-65.8365,-27.0286],[-65.8351,-27.0309],[-65.8353,-27.0323],[-65.8328,-27.0339],[-65.8314,-27.0333],[-65.8296,-27.0341],[-65.8297,-27.0358],[-65.8287,-27.0366],[-65.8269,-27.0363],[-65.8271,-27.0381],[-65.8255,-27.0392],[-65.8232,-27.0393],[-65.8253,-27.0439],[-65.8227,-27.0439],[-65.8197,-27.0446],[-65.8184,-27.0464],[-65.8183,-27.0482],[-65.8174,-27.0501],[-65.8199,-27.0521],[-65.8174,-27.0562],[-65.817,-27.0579],[-65.8187,-27.0625],[-65.8151,-27.0647],[-65.8133,-27.0647],[-65.8103,-27.0633],[-65.8087,-27.0622],[-65.8055,-27.0627],[-65.8037,-27.0626],[-65.8021,-27.0636],[-65.8016,-27.065],[-65.7999,-27.0661],[-65.7981,-27.071],[-65.7997,-27.0723],[-65.8004,-27.0739],[-65.7979,-27.075],[-65.7949,-27.0752],[-65.7959,-27.0766],[-65.7965,-27.0791],[-65.7954,-27.0803],[-65.7961,-27.0831],[-65.7974,-27.0848],[-65.7972,-27.0866],[-65.7959,-27.0881],[-65.7927,-27.0887],[-65.7912,-27.0897],[-65.7923,-27.091],[-65.7915,-27.0931],[-65.7937,-27.0946],[-65.7924,-27.097],[-65.7906,-27.0981],[-65.7893,-27.0974],[-65.7875,-27.0975],[-65.7873,-27.1001],[-65.7864,-27.1008],[-65.7835,-27.0999],[-65.781,-27.0997],[-65.7808,-27.0983],[-65.7787,-27.0958],[-65.7749,-27.0934],[-65.7717,-27.0939],[-65.7705,-27.0924],[-65.7716,-27.0904],[-65.7735,-27.0903],[-65.7754,-27.0895],[-65.7759,-27.0885],[-65.776,-27.0855],[-65.7746,-27.0822],[-65.7725,-27.0819],[-65.7726,-27.0808],[-65.7761,-27.0778],[-65.7774,-27.0743],[-65.7757,-27.0715],[-65.7772,-27.0694],[-65.7772,-27.0665],[-65.7785,-27.0619],[-65.7781,-27.059],[-65.7785,-27.0578],[-65.7779,-27.0557],[-65.7803,-27.0537],[-65.7795,-27.05],[-65.7805,-27.0489],[-65.7801,-27.0472],[-65.7681,-27.0438],[-65.7636,-27.0422],[-65.7526,-27.039],[-65.7484,-27.0372],[-65.7424,-27.0352],[-65.7357,-27.0351],[-65.7303,-27.0356],[-65.7213,-27.034],[-65.7161,-27.0318],[-65.7194,-27.0253],[-65.7182,-27.0228],[-65.7145,-27.0179],[-65.7122,-27.0129],[-65.7113,-27.0096],[-65.7071,-27.0049],[-65.7029,-27.0006],[-65.7017,-26.9964],[-65.6992,-26.9923],[-65.6962,-26.9901],[-65.6898,-26.9863],[-65.6877,-26.9847],[-65.7092,-26.9717],[-65.6968,-26.9679],[-65.6808,-26.9776],[-65.6722,-26.9551],[-65.6725,-26.9423],[-65.6625,-26.9414],[-65.6625,-26.9528],[-65.6476,-26.9552],[-65.6481,-26.9529],[-65.6497,-26.9494],[-65.6522,-26.945],[-65.6521,-26.9406],[-65.6557,-26.9379],[-65.6566,-26.9343],[-65.6569,-26.93],[-65.6562,-26.9278],[-65.6567,-26.9231],[-65.6585,-26.9231],[-65.6623,-26.9132],[-65.6632,-26.9102],[-65.661,-26.9076],[-65.66,-26.9047],[-65.6572,-26.9031],[-65.6569,-26.8993],[-65.6522,-26.8908],[-65.6474,-26.891],[-65.6475,-26.8921],[-65.6415,-26.8952],[-65.6389,-26.8941],[-65.6393,-26.8857],[-65.6368,-26.8807],[-65.6336,-26.8773],[-65.6316,-26.8774],[-65.6295,-26.8761],[-65.6287,-26.8763],[-65.628,-26.871],[-65.6283,-26.8703],[-65.6276,-26.8641],[-65.6273,-26.8637],[-65.6284,-26.8585],[-65.6298,-26.8499],[-65.6283,-26.8472],[-65.627,-26.8415],[-65.6244,-26.8391],[-65.6243,-26.8359],[-65.6231,-26.8268],[-65.624,-26.8253],[-65.6317,-26.8261],[-65.6382,-26.8264],[-65.6425,-26.8264],[-65.6468,-26.8261],[-65.649,-26.8263],[-65.6504,-26.8275],[-65.6526,-26.831],[-65.6545,-26.8319],[-65.6551,-26.8305],[-65.653,-26.8228],[-65.6524,-26.8171],[-65.6531,-26.8157],[-65.6535,-26.8121],[-65.6574,-26.8114],[-65.6757,-26.8154],[-65.68,-26.8129],[-65.6885,-26.795],[-65.6883,-26.7929],[-65.6902,-26.7875],[-65.6931,-26.7808],[-65.6957,-26.7737],[-65.7108,-26.7388],[-65.7073,-26.7386]]]},"properties":{"id":487,"departamento":"TAFI DEL VALLE","cabecera":"TAFI DEL VALLE","provincia":"TUCUMAN"}},
{"type":"Feature","geometry":{"type":"Polygon","coordinates":[[[-65.2092,-26.9142],[-65.2099,-26.913],[-65.2094,-26.9111],[-65.208,-26.911],[-65.2064,-26.9097],[-65.2051,-26.9072],[-65.2052,-26.9061],[-65.2068,-26.9045],[-65.209,-26.9045],[-65.2096,-26.903],[-65.2086,-26.9009],[-65.2065,-26.8991],[-65.2061,-26.8965],[-65.2082,-26.894],[-65.2049,-26.8933],[-65.2046,-26.8905],[-65.2023,-26.8909],[-65.2013,-26.8898],[-65.2019,-26.8852],[-65.2009,-26.8839],[-65.2,-26.8814],[-65.1983,-26.8798],[-65.1987,-26.877],[-65.1975,-26.8751],[-65.1957,-26.8735],[-65.1933,-26.8731],[-65.1928,-26.872],[-65.1946,-26.8709],[-65.1956,-26.8682],[-65.1949,-26.8677],[-65.1915,-26.868],[-65.1881,-26.8687],[-65.1866,-26.8677],[-65.1866,-26.863],[-65.1846,-26.8613],[-65.1837,-26.8597],[-65.1815,-26.8582],[-65.1807,-26.8557],[-65.1795,-26.8557],[-65.1785,-26.8535],[-65.1795,-26.8479],[-65.1784,-26.846],[-65.1764,-26.8456],[-65.175,-26.841],[-65.1721,-26.8367],[-65.1712,-26.8342],[-65.1692,-26.8312],[-65.1665,-26.829],[-65.1659,-26.8271],[-65.1635,-26.8237],[-65.1619,-26.8207],[-65.1622,-26.8196],[-65.1604,-26.8155],[-65.1594,-26.8144],[-65.16,-26.8117],[-65.1592,-26.8107],[-65.1597,-26.8084],[-65.1594,-26.8041],[-65.1613,-26.8018],[-65.1616,-26.8004],[-65.1606,-26.7983],[-65.162,-26.7964],[-65.1621,-26.795],[-65.161,-26.791],[-65.1633,-26.7904],[-65.1642,-26.7931],[-65.168,-26.7899],[-65.1708,-26.789],[-65.1727,-26.7892],[-65.1751,-26.7902],[-65.1783,-26.7928],[-65.182,-26.7918],[-65.1832,-26.7922],[-65.1853,-26.7945],[-65.1872,-26.7953],[-65.1929,-26.7942],[-65.1963,-26.7931],[-65.1984,-26.792],[-65.2076,-26.7913],[-65.2127,-26.791],[-65.2137,-26.7907],[-65.2163,-26.7869],[-65.2196,-26.7863],[-65.2228,-26.7886],[-65.2236,-26.7887],[-65.2321,-26.7871],[-65.2336,-26.7864],[-65.2393,-26.7853],[-65.2405,-26.7849],[-65.2419,-26.786],[-65.2496,-26.7839],[-65.2523,-26.7871],[-65.257,-26.7922],[-65.2596,-26.7996],[-65.2617,-26.8064],[-65.2637,-26.8104],[-65.2645,-26.8159],[-65.2657,-26.8215],[-65.267,-26.8251],[-65.2702,-26.8318],[-65.2713,-26.8329],[-65.2706,-26.8361],[-65.2708,-26.8367],[-65.2693,-26.841],[-65.2678,-26.8424],[-65.2698,-26.8464],[-65.2722,-26.8475],[-65.2748,-26.8505],[-65.2729,-26.8544],[-65.2714,-26.8553],[-65.2707,-26.8572],[-65.2432,-26.8623],[-65.2356,-26.8638],[-65.23,-26.8685],[-65.23,-26.8781],[-65.2306,-26.8848],[-65.2303,-26.8865],[-65.2258,-26.8937],[-65.2226,-26.8986],[-65.221,-26.9003],[-65.2166,-26.9037],[-65.2144,-26.906],[-65.2144,-26.9111],[-65.2135,-26.9124],[-65.2092,-26.9142]]]},"properties":{"id":482,"departamento":"CAPITAL","cabecera":"SAN MIGUEL DE TUCUMAN","provincia":"TUCUMAN"}},
{"type":"Feature","geometry":{"type":"Polygon","coordinates":[[[-65.246,-26.9975],[-65.2107,-27.0042],[-65.2034,-27.0057],[-65.1985,-27.0065],[-65.1814,-27.0097],[-65.1819,-27.0115],[-65.1654,-27.0147],[-65.1656,-27.0161],[-65.1319,-27.0226],[-65.1224,-27.0245],[-65.1213,-27.0259],[-65.1191,-27.0162],[-65.0977,-27.0203],[-65.0906,-27.0215],[-65.0588,-27.0276],[-65.0497,-27.0294],[-65.0465,-27.0151],[-65.0132,-27.0216],[-65.0053,-27.0232],[-64.9789,-27.0285],[-64.9466,-27.0348],[-64.9439,-27.0356],[-64.9419,-27.0376],[-64.9379,-27.0406],[-64.9368,-27.04],[-64.8985,-27.0471],[-64.8988,-27.0488],[-64.8839,-27.0515],[-64.8813,-27.0519],[-64.8564,-27.0565],[-64.8451,-27.0585],[-64.8143,-27.0641],[-64.8156,-27.0702],[-64.7812,-27.0766],[-64.7704,-27.0318],[-64.767,-27.0143],[-64.7537,-27.0167],[-64.7503,-27.003],[-64.7426,-27.0044],[-64.7197,-26.8848],[-64.7282,-26.8829],[-64.7317,-26.8817],[-64.738,-26.8853],[-64.7403,-26.8821],[-64.7366,-26.867],[-64.7518,-26.8635],[-64.7524,-26.8636],[-64.7593,-26.8621],[-64.7647,-26.8611],[-64.7812,-26.8579],[-64.7783,-26.8443],[-64.7857,-26.8433],[-64.8084,-26.8398],[-64.8052,-26.8225],[-64.8156,-26.8204],[-64.8332,-26.8174],[-64.846,-26.815],[-64.8521,-26.8409],[-64.894,-26.833],[-64.8864,-26.8012],[-64.8797,-26.7739],[-64.9309,-26.7646],[-64.9369,-26.7635],[-64.943,-26.7904],[-64.944,-26.7902],[-64.9479,-26.8067],[-64.9664,-26.8032],[-64.977,-26.801],[-64.9954,-26.7976],[-64.9981,-26.7972],[-65.0306,-26.7912],[-65.0471,-26.788],[-65.0472,-26.7878],[-65.0627,-26.785],[-65.0701,-26.7834],[-65.0815,-26.7813],[-65.0955,-26.7786],[-65.1047,-26.7769],[-65.0999,-26.7557],[-65.1122,-26.7534],[-65.1299,-26.7503],[-65.1291,-26.7466],[-65.1303,-26.7446],[-65.1325,-26.7487],[-65.1353,-26.7483],[-65.1377,-26.7472],[-65.141,-26.7487],[-65.1434,-26.7488],[-65.1452,-26.7494],[-65.1487,-26.7518],[-65.1485,-26.7527],[-65.1505,-26.754],[-65.1516,-26.7565],[-65.1529,-26.7569],[-65.1573,-26.7564],[-65.1579,-26.7578],[-65.1621,-26.763],[-65.1619,-26.7647],[-65.1586,-26.768],[-65.1578,-26.7695],[-65.1585,-26.7715],[-65.1603,-26.7724],[-65.1598,-26.7746],[-65.1607,-26.7762],[-65.1594,-26.7797],[-65.1595,-26.7814],[-65.1587,-26.7835],[-65.1595,-26.7861],[-65.1609,-26.788],[-65.161,-26.791],[-65.1621,-26.795],[-65.162,-26.7964],[-65.1606,-26.7983],[-65.1616,-26.8004],[-65.1613,-26.8018],[-65.1594,-26.8041],[-65.1597,-26.8084],[-65.1592,-26.8107],[-65.16,-26.8117],[-65.1594,-26.8144],[-65.1604,-26.8155],[-65.1622,-26.8196],[-65.1619,-26.8207],[-65.1635,-26.8237],[-65.1659,-26.8271],[-65.1665,-26.829],[-65.1692,-26.8312],[-65.1712,-26.8342],[-65.1721,-26.8367],[-65.175,-26.841],[-65.1764,-26.8456],[-65.1784,-26.846],[-65.1795,-26.8479],[-65.1785,-26.8535],[-65.1795,-26.8557],[-65.1807,-26.8557],[-65.1815,-26.8582],[-65.1837,-26.8597],[-65.1846,-26.8613],[-65.1866,-26.863],[-65.1866,-26.8677],[-65.1881,-26.8687],[-65.1915,-26.868],[-65.1949,-26.8677],[-65.1956,-26.8682],[-65.1946,-26.8709],[-65.1928,-26.872],[-65.1933,-26.8731],[-65.1957,-26.8735],[-65.1975,-26.8751],[-65.1987,-26.877],[-65.1983,-26.8798],[-65.2,-26.8814],[-65.2009,-26.8839],[-65.2019,-26.8852],[-65.2013,-26.8898],[-65.2023,-26.8909],[-65.2046,-26.8905],[-65.2049,-26.8933],[-65.2082,-26.894],[-65.2061,-26.8965],[-65.2065,-26.8991],[-65.2086,-26.9009],[-65.2096,-26.903],[-65.209,-26.9045],[-65.2068,-26.9045],[-65.2052,-26.9061],[-65.2051,-26.9072],[-65.2064,-26.9097],[-65.208,-26.911],[-65.2094,-26.9111],[-65.2099,-26.913],[-65.2092,-26.9142],[-65.2079,-26.9158],[-65.2084,-26.9172],[-65.2102,-26.9177],[-65.2142,-26.9178],[-65.2148,-26.9193],[-65.2126,-26.9205],[-65.2113,-26.9223],[-65.213,-26.9237],[-65.2128,-26.9255],[-65.21,-26.9263],[-65.208,-26.928],[-65.2083,-26.9289],[-65.2121,-26.9297],[-65.215,-26.9309],[-65.2152,-26.9327],[-65.2141,-26.9342],[-65.212,-26.9357],[-65.2109,-26.9375],[-65.2127,-26.9386],[-65.2148,-26.9409],[-65.2172,-26.9392],[-65.2177,-26.9366],[-65.2198,-26.9369],[-65.2198,-26.9381],[-65.2183,-26.9398],[-65.2192,-26.9415],[-65.2164,-26.9439],[-65.2155,-26.9457],[-65.2165,-26.9478],[-65.2187,-26.9494],[-65.2154,-26.9498],[-65.2152,-26.9522],[-65.2167,-26.9536],[-65.219,-26.9536],[-65.2205,-26.955],[-65.2207,-26.9577],[-65.2241,-26.9611],[-65.2249,-26.9626],[-65.224,-26.9636],[-65.2258,-26.9656],[-65.2292,-26.9675],[-65.2288,-26.9686],[-65.233,-26.9678],[-65.2347,-26.9683],[-65.2355,-26.9712],[-65.2336,-26.9743],[-65.2325,-26.9774],[-65.2328,-26.9795],[-65.2348,-26.9806],[-65.2376,-26.9811],[-65.2381,-26.9763],[-65.2403,-26.9759],[-65.2418,-26.977],[-65.2422,-26.9802],[-65.2438,-26.9838],[-65.2418,-26.9851],[-65.2419,-26.9865],[-65.2429,-26.9877],[-65.2483,-26.9895],[-65.2496,-26.9916],[-65.2463,-26.9923],[-65.2458,-26.9928],[-65.245,-26.9961],[-65.246,-26.9975]]]},"properties":{"id":483,"departamento":"CRUZ ALTA","cabecera":"BANDA DEL RIO SALI","provincia":"TUCUMAN"}},
{"type":"Feature","geometry":{"type":"Polygon","coordinates":[[[-65.0405,-26.274],[-65.0437,-26.2694],[-65.0442,-26.2665],[-65.0463,-26.2644],[-65.0466,-26.2573],[-65.0464,-26.2551],[-65.0454,-26.2508],[-65.0435,-26.246],[-65.0436,-26.2437],[-65.0414,-26.2397],[-65.0394,-26.2336],[-65.0402,-26.2297],[-65.0426,-26.2296],[-65.0452,-26.2301],[-65.0746,-26.2226],[-65.1935,-26.1924],[-65.1949,-26.1945],[-65.2273,-26.1896],[-65.2229,-26.1829],[-65.2736,-26.172],[-65.2747,-26.1695],[-65.277,-26.1674],[-65.2777,-26.1663],[-65.2785,-26.1626],[-65.2781,-26.1612],[-65.2753,-26.1584],[-65.2757,-26.1555],[-65.2783,-26.1544],[-65.2806,-26.1541],[-65.2818,-26.1513],[-65.2811,-26.1492],[-65.2795,-26.1479],[-65.2798,-26.1468],[-65.2823,-26.1461],[-65.2865,-26.1428],[-65.2867,-26.1407],[-65.2842,-26.1384],[-65.2849,-26.1359],[-65.2881,-26.1332],[-65.2889,-26.1308],[-65.2883,-26.1284],[-65.2926,-26.1272],[-65.2931,-26.1249],[-65.2928,-26.1191],[-65.2919,-26.117],[-65.289,-26.1139],[-65.2887,-26.1114],[-65.289,-26.1096],[-65.2911,-26.1069],[-65.2926,-26.1033],[-65.2937,-26.099],[-65.2963,-26.0942],[-65.3005,-26.0917],[-65.3019,-26.0895],[-65.3008,-26.0878],[-65.2981,-26.0868],[-65.2968,-26.0848],[-65.2979,-26.0817],[-65.2999,-26.0806],[-65.303,-26.0814],[-65.3058,-26.0839],[-65.3081,-26.0845],[-65.31,-26.0821],[-65.3121,-26.0815],[-65.3154,-26.0826],[-65.3181,-26.0803],[-65.3185,-26.0784],[-65.3209,-26.075],[-65.322,-26.0719],[-65.3235,-26.0701],[-65.3264,-26.0683],[-65.3323,-26.0658],[-65.3346,-26.0661],[-65.335,-26.0681],[-65.3362,-26.0683],[-65.3407,-26.0658],[-65.3414,-26.0649],[-65.3449,-26.0637],[-65.3471,-26.0604],[-65.3499,-26.0607],[-65.3527,-26.0595],[-65.3592,-26.0594],[-65.3611,-26.0583],[-65.3631,-26.0592],[-65.3661,-26.062],[-65.3675,-26.0622],[-65.3687,-26.0634],[-65.3689,-26.0655],[-65.3713,-26.0674],[-65.3754,-26.0648],[-65.3773,-26.0651],[-65.3769,-26.0685],[-65.3792,-26.0703],[-65.3809,-26.0703],[-65.382,-26.0714],[-65.3807,-26.0743],[-65.3828,-26.0762],[-65.3836,-26.0784],[-65.3858,-26.0806],[-65.388,-26.0852],[-65.3911,-26.0862],[-65.3946,-26.0887],[-65.3972,-26.0879],[-65.3993,-26.088],[-65.4029,-26.0918],[-65.4041,-26.0925],[-65.4068,-26.0921],[-65.4086,-26.0931],[-65.4095,-26.0958],[-65.4107,-26.0969],[-65.4129,-26.0981],[-65.415,-26.1008],[-65.4161,-26.104],[-65.4225,-26.1085],[-65.4246,-26.109],[-65.4328,-26.1101],[-65.437,-26.1099],[-65.4384,-26.1095],[-65.4406,-26.1077],[-65.4399,-26.1056],[-65.4412,-26.1042],[-65.4451,-26.1054],[-65.4471,-26.1057],[-65.4506,-26.1056],[-65.454,-26.1048],[-65.4588,-26.1026],[-65.4572,-26.0992],[-65.458,-26.0968],[-65.4603,-26.0945],[-65.4629,-26.0948],[-65.4644,-26.092],[-65.4654,-26.0913],[-65.4675,-26.0914],[-65.4692,-26.0907],[-65.4708,-26.0926],[-65.4734,-26.0945],[-65.4766,-26.0953],[-65.4793,-26.0949],[-65.4798,-26.0932],[-65.4823,-26.0937],[-65.4855,-26.0929],[-65.4882,-26.0935],[-65.489,-26.0913],[-65.4912,-26.0919],[-65.494,-26.0905],[-65.4983,-26.0905],[-65.5007,-26.09],[-65.5027,-26.0906],[-65.5046,-26.09],[-65.5059,-26.0904],[-65.5073,-26.0918],[-65.513,-26.0937],[-65.5164,-26.0933],[-65.518,-26.0943],[-65.5201,-26.0943],[-65.521,-26.0953],[-65.523,-26.0936],[-65.5241,-26.0952],[-65.5273,-26.0941],[-65.5282,-26.0932],[-65.531,-26.0936],[-65.5321,-26.0913],[-65.5345,-26.0924],[-65.5364,-26.092],[-65.5384,-26.0904],[-65.5419,-26.0909],[-65.5426,-26.0898],[-65.5452,-26.089],[-65.5461,-26.0881],[-65.5481,-26.0875],[-65.5498,-26.0886],[-65.5516,-26.0878],[-65.5525,-26.0897],[-65.5543,-26.0914],[-65.5583,-26.0938],[-65.5615,-26.0935],[-65.5629,-26.0952],[-65.5652,-26.0958],[-65.5668,-26.097],[-65.5694,-26.0973],[-65.5693,-26.0992],[-65.5704,-26.1008],[-65.5737,-26.103],[-65.582,-26.107],[-65.5828,-26.1092],[-65.5853,-26.1103],[-65.5871,-26.1129],[-65.5873,-26.1145],[-65.5893,-26.1149],[-65.5925,-26.1138],[-65.5964,-26.1137],[-65.5976,-26.1166],[-65.6017,-26.1207],[-65.603,-26.1211],[-65.6079,-26.1213],[-65.613,-26.1233],[-65.6164,-26.1238],[-65.6203,-26.1227],[-65.6238,-26.1223],[-65.63,-26.1234],[-65.6323,-26.1211],[-65.6342,-26.1204],[-65.6361,-26.1187],[-65.6368,-26.1163],[-65.6395,-26.1145],[-65.6394,-26.112],[-65.6401,-26.111],[-65.6432,-26.1122],[-65.6436,-26.1133],[-65.6455,-26.1137],[-65.6503,-26.1131],[-65.6533,-26.1145],[-65.6552,-26.1131],[-65.656,-26.1149],[-65.6585,-26.1154],[-65.6601,-26.1168],[-65.6625,-26.1168],[-65.6645,-26.1174],[-65.67,-26.1167],[-65.6727,-26.1167],[-65.6761,-26.1174],[-65.6806,-26.1172],[-65.683,-26.1166],[-65.6885,-26.1173],[-65.6891,-26.1207],[-65.6889,-26.1235],[-65.6896,-26.1263],[-65.694,-26.1353],[-65.6954,-26.1408],[-65.6974,-26.1424],[-65.6979,-26.1437],[-65.6979,-26.1492],[-65.6985,-26.152],[-65.6999,-26.1564],[-65.6996,-26.1578],[-65.6968,-26.1608],[-65.6939,-26.1629],[-65.6924,-26.1646],[-65.6949,-26.1677],[-65.6955,-26.1711],[-65.6942,-26.1745],[-65.6952,-26.1785],[-65.6947,-26.183],[-65.6952,-26.1859],[-65.6972,-26.1874],[-65.6998,-26.1877],[-65.7021,-26.1891],[-65.703,-26.1902],[-65.7035,-26.1946],[-65.703,-26.1991],[-65.7039,-26.2017],[-65.7056,-26.2039],[-65.7096,-26.2069],[-65.7102,-26.2079],[-65.7106,-26.2125],[-65.7098,-26.2149],[-65.7101,-26.2185],[-65.7113,-26.2214],[-65.7066,-26.2225],[-65.7034,-26.2253],[-65.7023,-26.2288],[-65.702,-26.2312],[-65.7021,-26.2351],[-65.7032,-26.2418],[-65.704,-26.2432],[-65.7079,-26.2465],[-65.7124,-26.2532],[-65.7093,-26.2557],[-65.708,-26.2583],[-65.7094,-26.2607],[-65.7131,-26.2639],[-65.715,-26.2665],[-65.7184,-26.2724],[-65.7198,-26.2764],[-65.7212,-26.2776],[-65.7242,-26.2789],[-65.7204,-26.2821],[-65.7183,-26.2844],[-65.7139,-26.2884],[-65.7109,-26.2906],[-65.7086,-26.2935],[-65.7073,-26.2959],[-65.7075,-26.299],[-65.7096,-26.3011],[-65.7123,-26.3032],[-65.7173,-26.3063],[-65.7184,-26.3074],[-65.7208,-26.3084],[-65.722,-26.3095],[-65.723,-26.3127],[-65.7228,-26.3143],[-65.7205,-26.3153],[-65.7198,-26.3163],[-65.7181,-26.3203],[-65.7166,-26.3227],[-65.7123,-26.3286],[-65.7115,-26.3318],[-65.7116,-26.3361],[-65.7108,-26.34],[-65.7124,-26.3442],[-65.7156,-26.3478],[-65.7169,-26.352],[-65.7194,-26.3528],[-65.7109,-26.3565],[-65.7122,-26.3611],[-65.715,-26.3663],[-65.7175,-26.3716],[-65.7195,-26.3771],[-65.7213,-26.3806],[-65.7245,-26.3833],[-65.7253,-26.385],[-65.7253,-26.387],[-65.7246,-26.3911],[-65.7208,-26.3979],[-65.719,-26.4021],[-65.7146,-26.4083],[-65.714,-26.4101],[-65.7151,-26.4138],[-65.7187,-26.418],[-65.7203,-26.4228],[-65.7197,-26.4267],[-65.718,-26.4305],[-65.7164,-26.4333],[-65.7154,-26.4368],[-65.7138,-26.4401],[-65.7118,-26.4432],[-65.7105,-26.446],[-65.7098,-26.4531],[-65.7113,-26.46],[-65.7113,-26.4629],[-65.7077,-26.4682],[-65.7064,-26.4713],[-65.7062,-26.4734],[-65.7053,-26.4756],[-65.7006,-26.4809],[-65.6996,-26.4832],[-65.6997,-26.4868],[-65.7011,-26.4927],[-65.7029,-26.4957],[-65.7018,-26.5033],[-65.7063,-26.5082],[-65.7089,-26.5171],[-65.7086,-26.5176],[-65.7054,-26.5194],[-65.7039,-26.5199],[-65.7023,-26.5212],[-65.7001,-26.5211],[-65.6974,-26.5232],[-65.6944,-26.5232],[-65.6914,-26.5253],[-65.6899,-26.5255],[-65.6885,-26.5265],[-65.6857,-26.5266],[-65.6855,-26.5255],[-65.6835,-26.5255],[-65.6823,-26.5247],[-65.6807,-26.5257],[-65.6795,-26.5238],[-65.6772,-26.5229],[-65.6759,-26.5252],[-65.6707,-26.5259],[-65.6687,-26.5241],[-65.6659,-26.5246],[-65.6643,-26.5254],[-65.6596,-26.5243],[-65.657,-26.5232],[-65.6551,-26.5242],[-65.653,-26.524],[-65.6509,-26.5245],[-65.6496,-26.5258],[-65.6463,-26.5276],[-65.6446,-26.5298],[-65.6453,-26.5321],[-65.643,-26.5344],[-65.6425,-26.5357],[-65.6373,-26.5363],[-65.6363,-26.5385],[-65.634,-26.5398],[-65.6339,-26.541],[-65.6319,-26.5415],[-65.6312,-26.5437],[-65.6296,-26.5457],[-65.6294,-26.5477],[-65.6267,-26.5506],[-65.6273,-26.5534],[-65.6266,-26.5544],[-65.6216,-26.5551],[-65.6192,-26.554],[-65.6175,-26.5523],[-65.6155,-26.5479],[-65.613,-26.5474],[-65.6102,-26.5479],[-65.6085,-26.5468],[-65.6053,-26.5462],[-65.6028,-26.545],[-65.6012,-26.5452],[-65.5978,-26.5447],[-65.5927,-26.5465],[-65.5915,-26.5487],[-65.5902,-26.549],[-65.5868,-26.5457],[-65.5821,-26.5451],[-65.5821,-26.5439],[-65.5809,-26.5425],[-65.5795,-26.5418],[-65.5759,-26.5414],[-65.5749,-26.54],[-65.572,-26.5381],[-65.566,-26.5358],[-65.5637,-26.5351],[-65.5624,-26.5355],[-65.5598,-26.5348],[-65.5561,-26.5374],[-65.5527,-26.5356],[-65.551,-26.5366],[-65.5504,-26.5376],[-65.5477,-26.5387],[-65.5431,-26.5371],[-65.542,-26.5387],[-65.54,-26.5391],[-65.5384,-26.5383],[-65.537,-26.5392],[-65.5342,-26.5381],[-65.5314,-26.5398],[-65.5293,-26.5416],[-65.5273,-26.5416],[-65.5258,-26.5428],[-65.5237,-26.5432],[-65.5197,-26.5419],[-65.5183,-26.5437],[-65.5187,-26.545],[-65.5162,-26.5448],[-65.5148,-26.5463],[-65.5128,-26.5463],[-65.5114,-26.5479],[-65.5102,-26.5458],[-65.5086,-26.5449],[-65.5043,-26.5463],[-65.5027,-26.5481],[-65.5007,-26.5474],[-65.4997,-26.5433],[-65.5006,-26.5408],[-65.5,-26.5383],[-65.4986,-26.5362],[-65.4979,-26.5333],[-65.4967,-26.5313],[-65.4965,-26.5287],[-65.4979,-26.5256],[-65.4971,-26.5243],[-65.4934,-26.5238],[-65.491,-26.5241],[-65.4899,-26.5252],[-65.4863,-26.5252],[-65.4887,-26.5229],[-65.4869,-26.5226],[-65.4865,-26.5209],[-65.4848,-26.5201],[-65.4852,-26.5186],[-65.4833,-26.5167],[-65.4806,-26.5169],[-65.4785,-26.5176],[-65.4771,-26.5163],[-65.4749,-26.5176],[-65.4738,-26.519],[-65.4714,-26.5192],[-65.4706,-26.5207],[-65.4681,-26.5202],[-65.4669,-26.5193],[-65.4658,-26.5208],[-65.4679,-26.5211],[-65.4689,-26.5225],[-65.4666,-26.524],[-65.4696,-26.5249],[-65.4705,-26.5263],[-65.4725,-26.5262],[-65.4766,-26.5304],[-65.4784,-26.5314],[-65.4794,-26.5338],[-65.4808,-26.5341],[-65.4826,-26.5358],[-65.484,-26.5383],[-65.4843,-26.5431],[-65.4836,-26.5447],[-65.484,-26.5458],[-65.4858,-26.547],[-65.487,-26.5467],[-65.4881,-26.5478],[-65.4878,-26.5508],[-65.4868,-26.5507],[-65.4851,-26.552],[-65.483,-26.5525],[-65.4818,-26.5545],[-65.4848,-26.5551],[-65.4857,-26.5572],[-65.4881,-26.5573],[-65.4921,-26.5613],[-65.492,-26.5627],[-65.4941,-26.5648],[-65.4955,-26.5656],[-65.4954,-26.5679],[-65.4929,-26.57],[-65.4905,-26.5711],[-65.4903,-26.5721],[-65.4884,-26.573],[-65.4854,-26.5731],[-65.4825,-26.5766],[-65.4815,-26.5767],[-65.4795,-26.5791],[-65.4779,-26.5843],[-65.476,-26.5875],[-65.4762,-26.5897],[-65.4749,-26.5949],[-65.4756,-26.5973],[-65.4769,-26.5984],[-65.4734,-26.6033],[-65.4709,-26.6026],[-65.47,-26.5991],[-65.4643,-26.5956],[-65.4599,-26.5889],[-65.4594,-26.586],[-65.4565,-26.5879],[-65.4521,-26.5892],[-65.4445,-26.5924],[-65.441,-26.5931],[-65.4363,-26.5921],[-65.4326,-26.5934],[-65.4312,-26.5951],[-65.4267,-26.5973],[-65.4247,-26.5977],[-65.4235,-26.5992],[-65.4218,-26.6],[-65.4191,-26.6027],[-65.4189,-26.6055],[-65.418,-26.6071],[-65.415,-26.6078],[-65.4112,-26.6076],[-65.4094,-26.6084],[-65.4041,-26.6092],[-65.4027,-26.6103],[-65.4027,-26.6115],[-65.4011,-26.6131],[-65.3986,-26.6142],[-65.3966,-26.6163],[-65.3947,-26.6176],[-65.3922,-26.62],[-65.3891,-26.62],[-65.3887,-26.6206],[-65.3851,-26.6225],[-65.3831,-26.6224],[-65.3832,-26.6203],[-65.3814,-26.6184],[-65.3795,-26.618],[-65.3758,-26.6188],[-65.3709,-26.6214],[-65.3688,-26.6204],[-65.3661,-26.621],[-65.3647,-26.622],[-65.3606,-26.6222],[-65.3571,-26.6237],[-65.3535,-26.6235],[-65.3512,-26.6245],[-65.3491,-26.6218],[-65.3469,-26.6203],[-65.345,-26.6203],[-65.3418,-26.6173],[-65.3391,-26.6137],[-65.3358,-26.6115],[-65.3344,-26.6121],[-65.3305,-26.6103],[-65.3274,-26.6113],[-65.3247,-26.6115],[-65.3211,-26.6097],[-65.3184,-26.6101],[-65.3162,-26.611],[-65.313,-26.6101],[-65.3088,-26.6121],[-65.3065,-26.6126],[-65.3018,-26.6123],[-65.2976,-26.6101],[-65.2926,-26.6056],[-65.2903,-26.6045],[-65.2863,-26.6037],[-65.281,-26.6023],[-65.2784,-26.603],[-65.2764,-26.6045],[-65.2748,-26.6075],[-65.2692,-26.6077],[-65.2641,-26.6102],[-65.262,-26.6108],[-65.2592,-26.6091],[-65.2571,-26.6096],[-65.2525,-26.609],[-65.2497,-26.6071],[-65.2476,-26.6064],[-65.2451,-26.605],[-65.2449,-26.6032],[-65.2427,-26.6031],[-65.2413,-26.6024],[-65.2401,-26.6001],[-65.237,-26.5974],[-65.2323,-26.599],[-65.2313,-26.6008],[-65.2292,-26.6018],[-65.2258,-26.6003],[-65.2248,-26.5984],[-65.2262,-26.5965],[-65.2271,-26.5965],[-65.2274,-26.594],[-65.2286,-26.5925],[-65.2293,-26.5903],[-65.2316,-26.5904],[-65.2325,-26.5895],[-65.2327,-26.5878],[-65.2313,-26.5867],[-65.2319,-26.5847],[-65.231,-26.5835],[-65.2324,-26.5811],[-65.2339,-26.5817],[-65.2339,-26.5793],[-65.2332,-26.5776],[-65.2315,-26.577],[-65.2294,-26.5788],[-65.2285,-26.5764],[-65.2234,-26.5745],[-65.2233,-26.5727],[-65.2221,-26.5706],[-65.222,-26.5687],[-65.2228,-26.5672],[-65.2223,-26.5658],[-65.2241,-26.5644],[-65.2257,-26.5617],[-65.2284,-26.5592],[-65.2276,-26.556],[-65.2242,-26.5522],[-65.2219,-26.551],[-65.2214,-26.5489],[-65.2234,-26.5447],[-65.2224,-26.5432],[-65.2193,-26.5442],[-65.2164,-26.5415],[-65.2152,-26.5387],[-65.2153,-26.537],[-65.2166,-26.5337],[-65.2161,-26.5306],[-65.2167,-26.5283],[-65.2204,-26.5262],[-65.2209,-26.5234],[-65.2179,-26.5219],[-65.2134,-26.5271],[-65.1996,-26.5274],[-65.1834,-26.5333],[-65.1894,-26.5361],[-65.1975,-26.5563],[-65.1912,-26.5537],[-65.1673,-26.5536],[-65.1681,-26.5516],[-65.1682,-26.5493],[-65.1661,-26.5484],[-65.1646,-26.5468],[-65.1647,-26.5443],[-65.1625,-26.5423],[-65.1628,-26.5415],[-65.1616,-26.5386],[-65.1607,-26.5347],[-65.1586,-26.5322],[-65.1552,-26.5307],[-65.1559,-26.5291],[-65.155,-26.5282],[-65.1552,-26.5262],[-65.1539,-26.5247],[-65.1527,-26.525],[-65.1509,-26.5233],[-65.1484,-26.5231],[-65.1482,-26.5211],[-65.1468,-26.521],[-65.1482,-26.5155],[-65.1478,-26.5128],[-65.1434,-26.5115],[-65.1409,-26.5078],[-65.1391,-26.5079],[-65.1379,-26.5092],[-65.1362,-26.5094],[-65.1348,-26.5107],[-65.1337,-26.5103],[-65.1307,-26.5119],[-65.1303,-26.5111],[-65.1271,-26.5098],[-65.1246,-26.5114],[-65.1225,-26.5094],[-65.1208,-26.5102],[-65.1175,-26.5089],[-65.1144,-26.5087],[-65.1134,-26.5069],[-65.1139,-26.5044],[-65.1153,-26.5045],[-65.1137,-26.4999],[-65.1122,-26.498],[-65.112,-26.4956],[-65.1146,-26.4945],[-65.1153,-26.4923],[-65.1171,-26.4918],[-65.1185,-26.4902],[-65.1182,-26.4875],[-65.1187,-26.4851],[-65.1174,-26.4828],[-65.1172,-26.4815],[-65.1149,-26.48],[-65.1167,-26.4756],[-65.1155,-26.4729],[-65.1142,-26.472],[-65.112,-26.4725],[-65.1131,-26.4705],[-65.1117,-26.4694],[-65.1129,-26.4673],[-65.1118,-26.4643],[-65.1095,-26.4628],[-65.1091,-26.461],[-65.1108,-26.4595],[-65.1109,-26.4584],[-65.1091,-26.4578],[-65.1116,-26.4536],[-65.1107,-26.452],[-65.1104,-26.4497],[-65.1113,-26.4487],[-65.1112,-26.4462],[-65.1097,-26.4456],[-65.1101,-26.4439],[-65.1083,-26.4421],[-65.1081,-26.4399],[-65.1088,-26.439],[-65.109,-26.4363],[-65.1105,-26.4336],[-65.1088,-26.4298],[-65.1066,-26.4282],[-65.1062,-26.4263],[-65.1071,-26.4245],[-65.1057,-26.4232],[-65.1048,-26.421],[-65.1038,-26.4203],[-65.1033,-26.4165],[-65.1026,-26.4156],[-65.1037,-26.4113],[-65.1028,-26.4101],[-65.1023,-26.4077],[-65.1029,-26.4062],[-65.1028,-26.4009],[-65.1017,-26.3994],[-65.0999,-26.4],[-65.0978,-26.3985],[-65.0974,-26.3963],[-65.0956,-26.3953],[-65.0939,-26.3957],[-65.0908,-26.3919],[-65.0907,-26.3889],[-65.0899,-26.3876],[-65.0899,-26.3858],[-65.0909,-26.3837],[-65.0908,-26.3804],[-65.09,-26.3789],[-65.0878,-26.3774],[-65.0884,-26.3742],[-65.0866,-26.3721],[-65.0832,-26.3727],[-65.0823,-26.3712],[-65.0828,-26.3697],[-65.0819,-26.3681],[-65.0807,-26.3686],[-65.08,-26.3665],[-65.0795,-26.3626],[-65.0768,-26.3609],[-65.0705,-26.3576],[-65.0702,-26.3551],[-65.0693,-26.3518],[-65.0677,-26.3485],[-65.0668,-26.3443],[-65.0678,-26.3417],[-65.0661,-26.3403],[-65.0644,-26.3405],[-65.0621,-26.3379],[-65.0626,-26.3374],[-65.0606,-26.3348],[-65.0571,-26.3351],[-65.055,-26.3321],[-65.0532,-26.3309],[-65.0513,-26.3307],[-65.0522,-26.3275],[-65.0491,-26.3239],[-65.0466,-26.323],[-65.0461,-26.321],[-65.0447,-26.3203],[-65.044,-26.3188],[-65.0464,-26.3178],[-65.0445,-26.3116],[-65.0445,-26.3096],[-65.0436,-26.309],[-65.0429,-26.3061],[-65.0417,-26.3042],[-65.0419,-26.3021],[-65.0405,-26.3014],[-65.0399,-26.2993],[-65.0378,-26.2972],[-65.038,-26.2937],[-65.0396,-26.2925],[-65.0368,-26.2892],[-65.0371,-26.2878],[-65.0382,-26.2871],[-65.0384,-26.2783],[-65.0405,-26.274]]]},"properties":{"id":490,"departamento":"TRANCAS","cabecera":"TRANCAS","provincia":"TUCUMAN"}}
]}